# -*- coding: utf-8 -*-

# Resource object code
#
# Created by: The Resource Compiler for PyQt5 (Qt v5.15.2)
#
# WARNING! All changes made in this file will be lost!

from PyQt5 import QtCore

qt_resource_data = b"\
\x00\x00\x25\x1e\
\x89\
\x50\x4e\x47\x0d\x0a\x1a\x0a\x00\x00\x00\x0d\x49\x48\x44\x52\x00\
\x00\x04\x6d\x00\x00\x00\xac\x08\x06\x00\x00\x00\xc1\x95\x51\xc5\
\x00\x00\x00\x09\x70\x48\x59\x73\x00\x00\x0f\x61\x00\x00\x0f\x61\
\x01\xa8\x3f\xa7\x69\x00\x00\x00\x19\x74\x45\x58\x74\x53\x6f\x66\
\x74\x77\x61\x72\x65\x00\x77\x77\x77\x2e\x69\x6e\x6b\x73\x63\x61\
\x70\x65\x2e\x6f\x72\x67\x9b\xee\x3c\x1a\x00\x00\x20\x00\x49\x44\
\x41\x54\x78\x9c\xed\xdd\x79\xb4\x9d\xf3\xdd\xfe\xf1\xf7\x67\x9f\
\xcc\xb3\x88\x79\x08\x11\x45\x44\x10\x43\x90\x18\x6b\xaa\xa1\x86\
\x2a\x2d\xa9\x99\x9a\x82\xa2\xc6\x56\x8d\x35\xcf\x8f\x9a\xb5\xa8\
\xe1\xa9\x0a\xad\x99\x07\x11\x09\x11\x73\x07\x43\x1b\x49\x9a\x54\
\x12\x11\x21\xf3\x74\xce\xfe\xfe\xfe\xc8\x69\x7f\x3a\xa9\xb0\xbf\
\xfb\xde\xe7\x9c\xf7\x6b\xad\x2c\x6b\x29\xd7\xf5\x59\xed\xea\x3f\
\xd7\xba\xf7\x7d\x47\x4a\x09\xe9\x6f\x22\xa2\x07\xd0\xfb\x6f\x7f\
\x4a\xb0\x66\x82\x95\x80\x4e\x40\x57\xa0\x03\xd0\x1e\x58\xaa\xb8\
\x2b\x25\x49\x92\x24\xa9\xc5\x98\x09\xcc\x6d\xfc\xf3\x29\x30\x37\
\x60\x32\x30\xa6\x0c\x63\x68\xfc\x93\x52\x9a\x54\xe0\x8d\xca\x24\
\x1c\x6d\x5a\xae\x88\xa8\x03\xd6\x06\x06\x96\x60\x50\x82\xad\x80\
\x9e\x05\x9f\x25\x49\x92\x24\x49\x5a\x72\xb3\x80\x97\x13\x8c\x04\
\x46\x00\x23\x53\x4a\xf3\x0a\xbe\x49\x5f\x91\xa3\x4d\x0b\xd3\xf8\
\x24\xcd\x9e\x01\x7b\xb1\x78\xa4\xe9\x54\xf0\x49\x92\x24\x49\x92\
\xa4\xca\x5b\xc0\xe2\x11\xe7\x21\x60\x68\x4a\xe9\x2f\x45\x1f\xa4\
\x25\xe7\x68\xd3\x02\x44\xc4\xb2\xc0\xb7\x02\xbe\x05\x6c\x03\xd4\
\x15\x7b\x91\x24\x49\x92\x24\xa9\x8a\x12\xf0\x6a\x82\x07\x80\xfb\
\x53\x4a\x63\x8b\x3e\x48\x5f\x8c\xa3\x4d\x33\x16\x11\x1b\x95\xe0\
\xc8\x04\x07\x02\xed\x8a\xbe\x47\x92\x24\x49\x92\x54\xb8\x04\x3c\
\x93\xe0\x66\xe0\xc1\x94\x52\x7d\xd1\x07\xe9\x3f\x73\xb4\x69\x66\
\x22\xa2\x33\x70\x60\xc0\xd1\xc0\xba\x45\xdf\x23\x49\x92\x24\x49\
\xaa\x59\x13\x1b\xc7\x9b\x5b\x52\x4a\x1f\x16\x7d\x8c\xfe\x95\xa3\
\x4d\x33\x11\x11\x9d\x80\xc3\x02\xce\x00\x96\x2b\xfa\x1e\x49\x92\
\x24\x49\x52\x93\xb1\x20\xe0\x8e\x32\x9c\xeb\x57\xa8\x6a\x8b\xa3\
\x4d\x13\x17\x11\x5d\x80\xe3\x03\x7e\x00\x74\x2f\xfa\x1e\x49\x92\
\x24\x49\x52\x93\x35\x2f\xe0\xa6\x32\x5c\x9a\x52\x9a\x5c\xf4\x31\
\x72\xb4\x69\xb2\x22\xa2\x15\x70\x4c\xc0\x4f\x70\xac\x91\x24\x49\
\x92\x24\x55\xce\xbc\x80\xab\xca\x70\x51\x4a\x69\x76\xd1\xc7\xb4\
\x64\x8e\x36\x4d\x50\x44\x7c\x3d\xe0\x2a\x60\xbd\xa2\x6f\x91\x24\
\x49\x92\x24\x35\x5b\x93\x13\x9c\x03\xdc\x9a\x52\x2a\x17\x7d\x4c\
\x4b\xe4\x68\xd3\x84\x44\xc4\x1a\x8d\x63\xcd\xee\x45\xdf\x22\x49\
\x92\x24\x49\x6a\x31\x46\x27\x18\x92\x52\x1a\x5d\xf4\x21\x2d\x8d\
\xa3\x4d\x13\x10\x11\x25\xe0\xf0\x80\x2b\x80\x4e\x45\xdf\x23\x49\
\x92\x24\x49\x6a\x71\xca\x01\xb7\x96\xe1\x64\x7f\x32\x55\x3d\x8e\
\x36\x35\x2e\x22\xd6\x0d\xb8\x0d\x18\x50\xf4\x2d\x92\x24\x49\x92\
\xa4\x16\x6f\x5c\x82\x23\x52\x4a\xcf\x14\x7d\x48\x4b\x50\x2a\xfa\
\x00\xfd\x7b\x11\x51\x17\x11\x3f\x0a\x78\x0d\x07\x1b\x49\x92\x24\
\x49\x52\x6d\x58\x3d\xe0\xe9\xba\x88\x1b\x23\xc2\x5f\x82\x64\xe6\
\x93\x36\x35\x28\x22\x56\x0d\xb8\x0b\xd8\xaa\xe8\x5b\x24\x49\x92\
\x24\x49\xfa\x0f\xc6\x25\x38\x20\xa5\xf4\x52\xd1\x87\x34\x57\x8e\
\x36\x35\x26\x22\xbe\x13\x70\x23\xd0\xb5\xe8\x5b\x3e\x2b\x4a\x25\
\x5a\x77\xea\x4a\xab\x0e\x9d\x68\xd5\xae\x3d\xad\x3a\x76\x2e\xfa\
\x24\x49\x92\x24\x49\x6a\xf6\x1a\xe6\xcd\xa5\x7e\xfe\x5c\x16\xcd\
\x9e\x49\xfd\xdc\xd9\x94\xeb\x17\x15\x7d\xd2\x3f\x5b\x98\xe0\xc7\
\xc0\xe5\x7e\x61\xaa\xf2\x1c\x6d\x6a\x44\x44\x74\x2c\xc1\xf5\x09\
\x0e\x2a\xf4\x8e\x52\x89\xae\x6b\xf4\x61\x99\x0d\x07\xd2\x65\xcd\
\xbe\x74\xee\xd9\x9b\xce\xab\xf6\xa6\xe3\x8a\x3d\x29\xb5\x6a\x5d\
\xe4\x69\x92\x24\x49\x92\xd4\xa2\xa5\x72\x99\xb9\x53\x26\x32\x6b\
\xc2\x18\x66\x4f\x78\x9f\x99\x63\xdf\x61\xda\x9b\x2f\x31\xfd\xed\
\xd7\x6b\x61\xcc\x79\x26\xc1\xe0\x94\xd2\x94\xa2\x0f\x69\x4e\x1c\
\x6d\x6a\x40\x44\x7c\x2d\xe0\x01\xa0\x6f\x11\xfd\x1d\x96\x5f\x85\
\x55\xb6\xdf\x8b\xe5\x07\xee\xc8\x32\xfd\x07\xd2\xa6\x73\xb7\x22\
\xce\x90\x24\x49\x92\x24\x7d\x09\xf5\xf3\xe7\xf2\xf1\x5b\x2f\xf3\
\xe1\xa8\x67\x98\xf0\xf4\x03\xcc\x1c\xfb\x6e\x51\xa7\x4c\x4a\xb0\
\x6f\x4a\x69\x64\x51\x07\x34\x37\x8e\x36\x05\x8b\x88\x3d\x02\xee\
\xa0\xca\x3f\x87\x6a\xdf\x63\x79\x56\xdb\x7d\x30\xab\xec\xf8\x2d\
\x7a\xf4\x1b\x00\x11\xd5\xac\x97\x24\x49\x92\x24\x65\x32\x63\xcc\
\x1f\x99\xf0\xf4\x50\xc6\xff\xf6\x2e\x66\xfd\xe5\xcf\xd5\xae\x5f\
\x94\xe0\x94\x94\xd2\xb5\xd5\x2e\x6e\x8e\x1c\x6d\x0a\x12\x11\x75\
\x25\x38\x3f\xc1\xe9\x40\xd5\x16\x93\x65\x37\xd9\x9a\x35\xbf\x73\
\x34\xab\x6c\xbf\x17\xa5\xd6\x6d\xaa\x55\x2b\x49\x92\x24\x49\xaa\
\xb6\x94\x98\xfc\xe2\xd3\x8c\xb9\xef\x06\xfe\x3a\xec\x61\x52\x43\
\x43\xd5\xaa\x03\xee\x29\x2f\xfe\x34\xf8\xdc\xaa\x95\x36\x43\x8e\
\x36\x05\x88\x88\x8e\x01\xf7\x00\xdf\xac\x4a\x5f\xa9\xc4\xaa\x3b\
\xef\xcb\xba\xdf\x3f\x8b\x6e\x6b\x16\xf2\x0b\x2c\x49\x92\x24\x49\
\x52\x81\xe6\x4c\x9e\xc0\xbb\xb7\x5f\xc6\x98\x5f\xdf\x4a\xc3\x82\
\xf9\xd5\xaa\x7d\x2d\xc1\xee\x29\xa5\xc9\xd5\x2a\x6c\x6e\x1c\x6d\
\xaa\x2c\x22\x56\x08\x78\x18\xd8\x28\x7b\x57\xa9\xc4\x8a\x5b\xed\
\x42\xbf\xe3\xcf\x67\xa9\xb5\x37\xc8\x5d\x27\x49\x92\x24\x49\xaa\
\x71\xf3\xa7\x4f\xe5\xdd\x5f\x5c\xc9\x7b\xbf\xbc\x96\x86\xf9\xf3\
\xaa\x51\x39\xa9\x71\xb8\x79\xbd\x1a\x65\xcd\x8d\xa3\x4d\x15\x45\
\xc4\xfa\x01\x8f\x00\x2b\xe7\xee\x5a\x7e\xb3\xaf\xd3\xff\xf4\xab\
\xe8\xf6\xb5\xf5\x72\x57\x49\x92\x24\x49\x92\x9a\x98\xb9\x53\x26\
\xf2\xe6\x15\xa7\x31\xfe\xb1\xfb\x20\xff\x2e\x30\x2b\xc1\x7e\x29\
\xa5\xc7\x73\x17\x35\x37\x8e\x36\x55\x12\x11\x3b\x06\xdc\x0f\x74\
\xc9\xd9\xd3\x61\xf9\x55\xe8\x77\xc2\x05\xf4\xda\xe3\xc0\x9c\x35\
\x92\x24\x49\x92\xa4\x66\xe0\xe3\x3f\xbc\xc2\x6b\x3f\x3d\x81\x69\
\x6f\xbe\x94\xbb\xaa\x21\xc1\x0f\x52\x4a\xd7\xe5\x2e\x6a\x4e\x1c\
\x6d\xaa\x20\x22\x8e\x0b\xb8\x1a\xa8\xcb\xd5\x51\x6a\xd5\x9a\x75\
\x8f\x3c\x83\x3e\x47\x9e\x49\x5d\x9b\xb6\xb9\x6a\x24\x49\x92\x24\
\x49\xcd\x4c\x2a\x97\x19\x73\xff\xcd\xbc\x79\xc5\x69\x2c\x9a\x3d\
\x33\x6b\x57\xc0\xd5\xe5\xc5\x5f\x97\xaa\xde\x5b\x91\x9b\x30\x47\
\x9b\x8c\x1a\xbf\x10\x75\x61\x82\xd3\x72\xf6\x2c\xb5\xd6\xfa\x0c\
\xb8\xf0\x76\xba\xf7\xe9\x9f\xb3\x46\x92\x24\x49\x92\xd4\x8c\xcd\
\xfb\x68\x32\xaf\x9e\x77\x0c\x13\x9f\x79\x28\x77\xd5\x13\x8d\x3f\
\x97\xca\xbb\x10\x35\x03\x8e\x36\x99\x34\x7e\x21\xea\x5e\x60\xf7\
\x5c\x1d\xa5\xd6\x6d\x58\xef\xb8\x73\xe9\x73\xe8\x29\x44\x5d\xab\
\x5c\x35\x92\x24\x49\x92\xa4\x16\x64\xdc\xc3\xbf\xe4\xb5\x0b\x86\
\xb0\x70\xd6\xa7\x39\x6b\x5e\x4f\xb0\x9b\x5f\x96\xfa\x7c\x8e\x36\
\x19\x44\x44\xb7\xc6\x17\x0e\x0f\xcc\xd5\xd1\x65\xf5\xb5\xd8\xe2\
\xb2\x7b\x7c\xba\x46\x92\x24\x49\x92\x54\x71\x73\xa7\x4c\xe4\xc5\
\x53\x07\x33\xf5\xd5\xe1\x39\x6b\xc6\x27\xd8\x31\xa5\xf4\xe7\x9c\
\x25\x4d\x99\xa3\x4d\x85\x45\xc4\xf2\x01\x4f\x00\xeb\xe7\xea\x58\
\xfd\x9b\xdf\x63\x93\xb3\x7f\x46\xab\x0e\x9d\x72\x55\x48\x92\x24\
\x49\x92\x5a\xb8\xd4\xd0\xc0\x3b\x3f\xbf\x9c\xdf\x5d\xfb\x63\xca\
\xf5\x8b\x72\xd5\x4c\x49\xb0\x73\x4a\xe9\xad\x5c\x05\x4d\x99\xa3\
\x4d\x05\x45\x44\xaf\x80\xa7\x81\x5e\x39\xf2\x5b\x77\xec\xcc\x80\
\x0b\x6e\x63\xd5\x9d\xbe\x9d\x23\x5e\x92\x24\x49\x92\xa4\x7f\xf1\
\xd1\xeb\x23\x18\x71\xd2\x7e\xcc\x9b\x3a\x29\x57\xc5\x27\x8d\x3f\
\x95\x7a\x31\x57\x41\x53\xe5\x68\x53\x21\x11\xd1\x27\xe0\x29\x60\
\xa5\x1c\xf9\x5d\x56\xfb\x1a\x5b\x5e\x3b\x94\xae\xbd\xd7\xcd\x11\
\x2f\x49\x92\x24\x49\xd2\x7f\xb4\x60\xfa\x47\x8c\x3c\xe5\xbb\x4c\
\x19\xf5\x4c\xae\x8a\xb9\x09\xf6\x49\x29\x3d\x9e\xab\xa0\x29\x2a\
\x15\x7d\x40\x73\x10\x11\x9b\x04\x0c\x27\xd3\x60\xb3\xf2\x76\x7b\
\xb0\xd3\xff\x8e\x76\xb0\x91\x24\x49\x92\x24\x15\xa2\x6d\xf7\x65\
\xd8\xf6\x96\x27\xe8\x73\xf8\x69\x10\x91\xa3\xa2\x43\xc0\x43\x11\
\xb1\x5f\x8e\xf0\xa6\xca\x27\x6d\xbe\xa2\x88\xd8\x39\xe0\xd7\x40\
\xc7\x0c\xe1\xf4\x3b\xfe\x7c\xfa\x1e\x79\x66\xae\xff\x53\x48\x92\
\x24\x49\x92\xb4\x44\xc6\x3f\x72\x37\xa3\x7e\x74\x18\xe5\x85\x0b\
\x72\xc4\x97\x13\x1c\x93\x52\xba\x29\x47\x78\x53\xe3\x68\xf3\x15\
\x44\xc4\x7e\x01\x77\x02\x6d\x2a\x9d\x5d\xd7\xb6\x1d\x9b\x5d\xf8\
\x73\x7a\xee\xf2\x9d\x4a\x47\x4b\x92\x24\x49\x92\xf4\x95\x4c\x7d\
\xed\x05\x5e\x18\xb2\x17\x0b\x3e\xfd\x38\x4b\x7e\x82\x33\x53\x4a\
\x17\x65\x09\x6f\x42\x1c\x6d\xbe\xa4\x88\x18\x1c\xf0\x73\xa0\x55\
\xa5\xb3\xdb\x76\x5b\x9a\x2d\xaf\x1d\xca\xb2\x1b\x6f\x55\xe9\x68\
\x49\x92\x24\x49\x92\x2a\x62\xf6\xc4\xb1\x0c\x3b\x7a\x57\x66\x8e\
\x7d\x37\x4b\x7e\xc0\xa5\x0d\x29\x9d\x96\x25\xbc\x89\x70\xb4\xf9\
\x12\x22\xe2\xa8\x80\xeb\xc9\xf0\x4e\xa0\xce\xab\xf6\x66\xeb\x1b\
\x1f\xa5\xcb\x6a\x5f\xab\x74\xb4\x24\x49\x92\x24\x49\x15\xb5\x70\
\xe6\x27\xbc\x70\xfc\xde\x7c\x38\x7a\x58\x96\xfc\x80\x1b\xca\x70\
\x5c\x4a\xa9\x9c\xa5\xa0\xc6\xf9\x22\xe2\x25\x14\x11\xa7\x04\xfc\
\x8c\x0c\xff\xdd\x2d\xd3\x7f\x20\x3b\xde\xfb\x92\x83\x8d\x24\x49\
\x92\x24\xa9\x49\x68\xd3\x65\x29\xb6\xbd\xe5\x49\x7a\xed\x71\x60\
\x96\xfc\x04\x47\x97\xe0\xa6\x88\x68\x91\xfb\x85\x4f\xda\x2c\x81\
\x88\x38\x2d\xe0\xe2\x1c\xd9\xbd\xf6\x3a\x98\x4d\xcf\xb9\x89\x52\
\xeb\x8a\xbf\x1e\x47\x92\x24\x49\x92\xa4\xec\xde\xbd\xeb\x1a\xde\
\xb8\xe4\x24\x52\xb9\xf2\x0f\xc5\x04\xdc\x57\x86\xef\xa5\x94\xea\
\x2b\x1e\x5e\xc3\x1c\x6d\xbe\xa0\xba\x88\x8b\x13\x64\xf9\x2d\xdd\
\x7a\xc7\x9d\xcb\x7a\xc7\x9c\x9d\x23\x5a\x92\x24\x49\x92\xa4\xaa\
\x19\xff\xc8\xdd\x8c\x3a\xeb\x50\xca\x8b\x16\xe6\x88\x7f\x20\xc1\
\xfe\x29\xa5\x2c\xe1\xb5\xc8\xd1\xe6\xbf\x88\xc5\xcf\x60\x5d\x99\
\xe0\xc4\x0c\xe1\xf4\x3f\xed\x4a\xd6\x3e\xb0\xf2\xd1\x92\x24\x49\
\x92\x24\x15\x61\xca\xa8\x67\x18\x7e\xdc\x9e\xd4\xcf\x9d\x9d\x23\
\xfe\xf1\x04\xdf\x4a\x29\xcd\xcb\x11\x5e\x6b\x1c\x6d\x3e\x47\xe3\
\x60\x73\x5d\x82\x63\x2b\x9e\x5d\xd7\x8a\x01\xe7\xdf\x4a\xaf\x3d\
\x0f\xaa\x74\xb4\x24\x49\x92\x24\x49\x85\xfa\xf8\xf7\xa3\x19\xf6\
\xfd\x5d\x72\x7d\x12\xfc\xf9\x04\xbb\xa7\x94\x66\xe5\x08\xaf\x25\
\x8e\x36\xff\x41\x44\xb4\x2a\xc1\x2f\x12\x1c\x50\xe9\xec\x56\xed\
\x3a\x30\xe8\x9a\x5f\xb3\xe2\x96\xdf\xa8\x74\xb4\x24\x49\x92\x24\
\x49\x35\xe1\x93\xf7\xde\x62\xd8\x11\x3b\x33\x6f\xda\x94\x1c\xf1\
\x23\x13\xec\x9a\x52\x9a\x91\x23\xbc\x56\x38\xda\xfc\x1b\x11\xd1\
\x26\xe0\x1e\xe0\x5b\x95\xce\x6e\xd3\xb9\x1b\x5b\xdf\xf0\x30\xcb\
\xf4\x1f\x54\xe9\x68\x49\x92\x24\x49\x92\x6a\xca\xec\xbf\x8e\xe3\
\xb9\xc3\x77\x64\xd6\x84\x31\x39\xe2\x5f\x4f\xb0\x53\x4a\x69\x5a\
\x8e\xf0\x5a\xe0\x68\xf3\x4f\x22\xa2\x43\xc0\x50\x60\xa7\x4a\x67\
\xb7\x5b\x7a\x39\xb6\xbd\xe5\x09\x96\x5a\x7b\x83\x4a\x47\x4b\x92\
\x24\x49\x92\x54\x93\xe6\x4d\x9b\xc2\x73\x47\xec\xc4\xa7\xef\xfd\
\x2e\x47\xfc\x3b\x09\x76\x48\x29\x7d\x90\x23\xbc\x68\x8e\x36\x9f\
\x11\x11\x1d\x03\x7e\x0b\x6c\x57\xe9\xec\x8e\x2b\xf6\x64\xbb\xdb\
\x9e\xa6\x73\xcf\x35\x2b\x1d\x2d\x49\x92\x24\x49\x52\x4d\x5b\x38\
\xf3\x13\x9e\x3f\x7a\x37\x3e\x7a\xe3\xc5\x1c\xf1\xe3\x12\x6c\x9f\
\x52\x1a\x9b\x23\xbc\x48\x8e\x36\x8d\x22\xa2\x7b\xc0\xe3\xc0\xa6\
\x95\xce\xee\xda\x6b\x1d\xb6\xbd\xed\x69\x3a\x2c\xb7\x52\xa5\xa3\
\x25\x49\x92\x24\x49\x6a\x12\xea\xe7\xce\x66\xf8\xb1\x7b\x30\xe5\
\xe5\x67\x73\xc4\x4f\x68\x1c\x6e\xfe\x9c\x23\xbc\x28\xa5\xa2\x0f\
\xa8\x05\x11\xb1\x6c\xc0\xb3\xe4\x18\x6c\xd6\xe8\xc3\x76\x3f\x7f\
\xc6\xc1\x46\x92\x24\x49\x92\xd4\xa2\xb5\xea\xd0\x89\xad\x6f\x7a\
\x8c\x95\xb7\xdb\x23\x47\xfc\xaa\x01\x2f\x44\x44\xbf\x1c\xe1\x45\
\x69\xf1\xa3\x4d\x44\xac\xd0\x38\xd8\xac\x5f\xe9\xec\xee\xeb\x6e\
\xc4\xf6\x77\x0d\xa7\xfd\x32\x2b\x54\x3a\x5a\x92\x24\x49\x92\xa4\
\x26\xa7\xae\x4d\x5b\x06\x5d\xf5\x2b\x56\xdd\x71\x9f\x1c\xf1\xcb\
\x05\x0c\x8b\x88\x01\x39\xc2\x8b\xd0\xa2\x47\x9b\x88\x58\x33\xe0\
\x45\x60\xdd\x4a\x67\x2f\xd3\x7f\x10\x5f\xff\xf9\xb3\xb4\xed\xb6\
\x74\xa5\xa3\x25\x49\x92\x24\x49\x6a\xb2\x4a\xad\xdb\x30\xf0\x8a\
\x7b\x59\x6d\xb7\x03\x72\xc4\x2f\x15\xf0\x64\x44\x6c\x99\x23\xbc\
\xda\x5a\xec\x68\x13\x11\x1b\x05\x8c\x00\x56\xab\x74\xf6\xb2\x9b\
\x6c\xcd\x36\x37\x3d\x46\xeb\x4e\x5d\x2a\x1d\x2d\x49\x92\x24\x49\
\x52\x93\x17\x75\xad\xd8\xe2\x92\xbb\x58\xeb\x80\xe3\x72\xc4\x77\
\x0d\x78\x3a\x22\xb2\x3c\xce\x53\x4d\x2d\x72\xb4\x89\x88\xed\x1a\
\x7f\x12\xb5\x6c\xa5\xb3\x57\xdc\xf2\x1b\x6c\x7b\xd3\xe3\xb4\xee\
\xd8\xb9\xd2\xd1\x92\x24\x49\x92\x24\x35\x1f\x11\x6c\x74\xe6\xb5\
\xac\x7d\xe0\x89\x39\xd2\xdb\x06\xdc\x17\x11\xdf\xcf\x11\x5e\x2d\
\x2d\x6e\xb4\x89\x88\xbd\x03\x1e\x05\x2a\xfe\x18\xcc\x4a\xdb\xee\
\xce\x96\xd7\x3d\x48\x5d\xbb\xf6\x95\x8e\x96\x24\x49\x92\x24\xa9\
\xf9\x89\xa0\xff\xe9\x57\xb1\xde\x31\x67\xe7\x48\xaf\x0b\xb8\xb1\
\x2e\xe2\xe2\x1c\xe1\xd5\xd0\xa2\x46\x9b\x88\x38\x21\xe0\x7e\xa0\
\x5d\xa5\xb3\x57\xdb\xed\x00\xb6\xba\x76\x28\x75\x6d\xda\x56\x3a\
\x5a\x92\x24\x49\x92\xa4\x66\x6d\xbd\xe3\xce\x65\xbd\x21\xe7\x65\
\xc9\x4e\x70\x5a\x5d\xc4\xff\x44\x44\x93\xdb\x40\x22\xa5\x54\xf4\
\x0d\xd9\x45\x44\x00\x3f\x09\xf8\x49\x8e\xfc\xde\xfb\x1e\xc9\x26\
\x67\xdf\x40\x94\x9a\xdc\xff\xfe\x92\x24\x49\x92\x24\xd5\x8c\x3f\
\xdd\x73\x3d\xaf\x5e\x38\x04\xf2\x6c\x15\x0f\x25\xf8\x6e\x4a\x69\
\x7e\x8e\xf0\x1c\x9a\xfd\x68\x13\x11\x75\x25\xb8\x21\xc1\x11\x39\
\xf2\xbf\xb6\xff\xb1\x6c\x7c\xd6\x75\x10\x91\x23\x5e\x92\x24\x49\
\x92\xa4\x16\x65\xcc\xfd\xb7\xf0\xca\xb9\x47\x91\xca\xe5\x1c\xf1\
\xc3\x12\xec\x99\x52\x9a\x91\x23\xbc\xd2\x9a\xf5\x68\x13\x11\x9d\
\x02\xee\x03\x76\xcd\x91\xbf\xde\x31\x67\xb3\xde\x71\xe7\xe6\x88\
\x96\x24\x49\x92\x24\xa9\xc5\x1a\xff\xc8\xdd\xbc\x74\xc6\xc1\xa4\
\x86\xfa\x1c\xf1\x6f\x26\xd8\x2d\xa5\xf4\x41\x8e\xf0\x4a\x6a\xb6\
\xa3\x4d\x44\xac\x18\xf0\x5b\x60\xa3\x0c\xe1\x6c\x78\xca\xa5\xac\
\x73\xc8\x29\x15\x8f\x96\x24\x49\x92\x24\x49\xf0\xc1\xb0\x47\x18\
\xf1\x83\x6f\xd3\xb0\x20\xcb\xaf\x99\x26\x27\xf8\x66\x4a\xe9\xd5\
\x1c\xe1\x95\xd2\x2c\x47\x9b\x88\x58\x3f\xe0\x61\x60\x95\x0c\xe1\
\x6c\x74\xc6\xd5\xac\x35\xf8\xf8\x8a\x47\x4b\x92\x24\x49\x92\xa4\
\xff\xef\xc3\x97\x9f\xe3\xf9\x63\xbf\x49\xfd\xdc\xd9\x39\xe2\xe7\
\x24\x18\x9c\x52\x7a\x28\x47\x78\x25\x34\xbb\x37\xe7\x46\xc4\x3e\
\x01\x2f\x92\x61\xb0\x89\xba\x56\x6c\x7e\xd1\x1d\x0e\x36\x92\x24\
\x49\x92\x24\x55\xc1\x72\x03\xb6\x65\x9b\x9b\x1e\xa3\x75\xa7\x2e\
\x39\xe2\x3b\x06\x3c\x10\x11\x35\xfb\x33\x9a\x66\xf3\xa4\x4d\xe3\
\x17\xa2\x4e\x0d\xf8\x29\x19\xc6\xa8\x52\xeb\x36\x6c\x71\xd9\xdd\
\xac\xba\xe3\x3e\x95\x8e\x96\x24\x49\x92\x24\x49\x9f\x63\xfa\x1f\
\x5f\xe3\xb9\x23\x77\x66\xc1\x27\xd3\xb2\xe4\x07\xdc\x57\x86\xc3\
\x52\x4a\x73\xb3\x14\x7c\x49\xcd\x62\xb4\x89\x88\x2e\x01\x77\x02\
\x7b\xe4\xc8\x6f\xd5\xbe\x23\x83\xae\xf9\x35\x2b\x0e\xda\x39\x47\
\xbc\x24\x49\x92\x24\x49\xfa\x2f\x66\x8c\x7d\x87\xe7\x0e\xdf\x89\
\xb9\x53\x26\xe6\xaa\x78\x2b\xc1\x5e\x29\xa5\x71\xb9\x0a\x96\x54\
\x93\x1f\x6d\x22\xa2\x6f\xc0\x50\x60\xcd\x1c\xf9\xed\xba\x2f\xcb\
\xd6\x37\x3e\xca\xd2\x7d\x37\xce\x11\x2f\x49\x92\x24\x49\x92\xbe\
\xa0\x39\x93\x27\x30\xec\x88\x9d\x99\x31\xf6\x9d\x5c\x15\xd3\x12\
\x7c\x37\xa5\xf4\x7f\xb9\x0a\x96\x44\x93\x7e\xa7\x4d\x44\x1c\x18\
\x30\x8a\x4c\x83\x4d\xc7\x95\x56\x63\xfb\xbb\x86\x3b\xd8\x48\x92\
\x24\x49\x92\x54\x03\x3a\xae\xb0\x2a\x3b\xdc\x33\x92\x65\xfa\x0f\
\xcc\x55\xd1\x23\xe0\xa9\xba\x88\x6b\x22\xa2\x75\xae\x92\x2f\xaa\
\x49\x3e\x69\x13\x11\x9d\x4a\x70\x63\x82\x03\x72\x75\x74\x5b\xb3\
\x2f\xdb\xdc\xf4\x38\x1d\x96\x5f\x39\x57\x85\x24\x49\x92\x24\x49\
\xfa\x12\xea\xe7\xcf\x65\xe4\x0f\xf6\xe5\x83\xe7\x1f\xcd\x59\xf3\
\x7c\x82\xfd\x53\x4a\x93\x72\x96\x7c\x9e\x26\xf7\xa4\x4d\x44\xf4\
\x0f\x78\x35\xe7\x60\xb3\xec\x26\x5b\xb3\xc3\x2f\x47\x38\xd8\x48\
\x92\x24\x49\x92\x54\x83\x5a\xb5\xeb\xc0\x96\xd7\x3d\x48\xaf\x3d\
\x0e\xcc\x59\xb3\x75\xc0\x1b\x11\xb1\x4b\xce\x92\xcf\xd3\x64\x46\
\x9b\x88\x68\x15\x11\xa7\x05\xbc\x04\xac\x95\xab\x67\xe5\xed\xf6\
\x60\xdb\x9b\x1e\xa7\x75\xe7\xae\xb9\x2a\x24\x49\x92\x24\x49\xd2\
\x57\x54\x6a\xd5\x9a\xcd\x7e\xfa\x0b\xfa\x1e\xfb\x93\x9c\x35\xcb\
\x06\x3c\x5a\x17\x71\x67\x44\x74\xce\x59\xf4\xef\x34\x89\x9f\x47\
\x45\xc4\x3a\x01\x77\x00\x9b\xe4\xec\xe9\xb5\xd7\xc1\x0c\x38\xef\
\x16\xa2\xae\x55\xce\x1a\x49\x92\x24\x49\x92\x54\x41\xef\xfd\xf2\
\x5a\x5e\xbf\xf8\x07\xa4\x72\x39\x67\xcd\x5f\x12\x1c\x92\x52\x7a\
\x2e\x67\xc9\x67\xd5\xf4\x68\x13\x11\x6d\x80\x1f\x06\x9c\x05\xb4\
\xcf\x58\x44\xbf\x21\xe7\xd1\xf7\xa8\x1f\x65\xab\x90\x24\x49\x92\
\x24\x49\xf9\x8c\x7f\xf4\x5e\x5e\xfe\xd1\xa1\x34\x2c\x98\x9f\xb3\
\xa6\x1c\x70\x63\x19\xce\x4a\x29\x7d\x9a\xb3\x08\x6a\x78\xb4\x89\
\x88\xad\x03\x7e\x06\xf4\xc9\xd9\x53\x6a\xd3\x96\xcd\x2e\xb8\x8d\
\xd5\x76\xcb\xf6\x8a\x1c\x49\x92\x24\x49\x92\x54\x05\xd3\xde\x1a\
\xc5\xf0\xe3\xf6\x64\xfe\xc7\x1f\xe6\xae\xfa\x30\xc1\xa9\xc0\x5d\
\x29\xe3\xb0\x52\x73\xa3\x4d\x44\xac\x52\x82\x8b\x13\xec\x9f\xbb\
\xab\xdd\xd2\xcb\xb1\xd5\xf5\xbf\xa1\x47\xbf\x01\xb9\xab\x24\x49\
\x92\x24\x49\x52\x15\xcc\xfe\xeb\x38\x9e\x3f\x7a\x37\x66\xbc\xff\
\x76\x35\xea\x9e\x4d\x70\x42\x4a\xe9\x0f\x39\xc2\x6b\x66\xb4\x89\
\x88\xa5\x4a\x70\x7a\x82\x21\xe4\xfc\x29\x54\xa3\x6e\x6b\xf5\x63\
\xeb\xeb\x7f\x4b\xc7\x15\x7b\xe6\xae\x92\x24\x49\x92\x24\x49\x55\
\xb4\x68\xd6\x0c\x46\x9c\xb4\x2f\x93\x47\x3e\x55\x8d\xba\x86\x80\
\xbb\xca\x70\x76\x4a\x69\x62\x25\x83\x0b\x1f\x6d\x22\xa2\x23\x70\
\x74\xc0\x19\x40\xf7\x6a\x74\xae\xba\xe3\x3e\x6c\xf6\xd3\x9f\xd3\
\xaa\x43\xa7\x6a\xd4\x49\x92\x24\x49\x92\xa4\x2a\x4b\x0d\x0d\xbc\
\x79\xe5\xe9\xbc\xf3\xf3\xcb\xab\x55\x39\x3f\xe0\xba\x32\x5c\x9a\
\x52\x9a\x56\x89\xc0\xc2\x46\x9b\x88\xe8\x01\x1c\x16\x70\x02\xb0\
\x42\x95\x4a\xe9\x73\xd8\xa9\x6c\xf0\x83\x8b\x20\xa2\x2a\x95\x92\
\x24\x49\x92\x24\xa9\x38\x7f\x79\xfc\x7f\x79\xf9\x47\x87\x51\x3f\
\x6f\x4e\xb5\x2a\x17\x04\xfc\xaa\x0c\xe7\xa7\x94\xfe\xfc\x55\x82\
\xaa\x3e\xda\x44\xc4\x3a\x25\x38\x3a\xc1\xa1\x40\xc7\x6a\xf5\xb6\
\xe9\xdc\x8d\x2d\x2e\xbf\x87\x15\xb7\xfc\x46\xb5\x2a\x25\x49\x92\
\x24\x49\x52\x0d\xf8\xe4\xdd\x37\x19\x3e\x64\x2f\xe6\x7c\x30\xbe\
\x9a\xb5\xf5\x8d\xe3\xcd\x75\x29\xa5\x51\x5f\x26\xa0\x2a\xa3\x4d\
\x44\x74\x02\xf6\x0d\x38\x0c\xd8\x22\x7b\xe1\x3f\xe9\xbe\xee\x46\
\x0c\xba\xf2\x7f\xe9\xb4\xca\x1a\xd5\xae\x96\x24\x49\x92\x24\x49\
\x35\x60\xc1\xa7\x1f\x33\xea\x8c\x83\xf8\xe0\xf9\x47\x8b\xa8\x7f\
\x3b\xc1\x6d\xc0\x2f\x53\x4a\x53\xbf\xe8\xbf\x94\x6d\xb4\x89\x88\
\xa5\x81\x5d\x4a\xb0\x5b\x82\x5d\x80\x42\x5e\x20\xb3\xd6\x01\x43\
\xd8\xe0\x87\x97\x51\xd7\xa6\x6d\x11\xf5\x92\x24\x49\x92\x24\xa9\
\x56\xa4\xc4\x3b\xbf\xb8\x82\xb7\xae\x3a\x93\x72\xfd\xa2\x22\x2e\
\x58\x04\xfc\x5f\x82\x87\x81\x47\xfe\xdb\x8b\x8b\x2b\x36\xda\x44\
\xc4\x52\xc0\x00\x60\x40\xc0\xf6\xc0\xe6\x40\x5d\x45\xc2\xbf\x84\
\x36\x9d\xbb\x31\xe0\x82\xdb\x58\x65\x87\xbd\x8b\x3a\x41\x92\x24\
\x49\x92\x24\xd5\xa0\x69\x6f\x8d\x62\xe4\xc9\xdf\x61\xce\xa4\xbf\
\x14\x7d\xca\x1b\x01\x4f\x95\x61\x14\xf0\x72\x4a\x69\xf2\x67\xff\
\xc3\x2f\x3c\xda\x44\x44\x09\xe8\xda\xf8\x67\x75\x60\xf5\xd2\xe2\
\xbf\xae\x91\xa0\x3f\xf0\x35\xa0\x26\xde\xee\xbb\x4c\xff\x41\x6c\
\x71\xc9\x5d\x74\x5c\x69\xb5\xa2\x4f\x91\x24\x49\x92\x24\x49\x35\
\x68\xe1\xcc\x4f\x78\xe5\x9c\xa3\xf8\xcb\x13\xbf\x2a\xfa\x94\xcf\
\x9a\x08\x8c\x0e\x78\xbf\x0c\xe3\xfe\x65\xb4\x89\x88\x3e\x25\x38\
\x38\x2d\x7e\x52\x66\x65\x16\x8f\x34\x1d\x80\x9a\xff\x7d\x51\x5d\
\xdb\x76\xf4\x3b\xfe\x7c\xd6\x3e\xe8\x24\xa2\x54\x2a\xfa\x1c\x49\
\x92\x24\x49\x92\x54\xe3\xfe\xf2\xd8\x7d\xbc\x72\xfe\xb1\x2c\x9c\
\x31\xbd\xe8\x53\xfe\xc5\xdf\x47\x9b\x88\xe8\x58\x82\x6b\x1a\xbf\
\xea\x54\x13\x4f\xcc\x2c\x89\xee\x7d\xfa\xb3\xf9\xc5\x77\xd2\xb5\
\xf7\xba\x45\x9f\x22\x49\x92\x24\x49\x92\x9a\x90\x79\x1f\x4d\xe6\
\xe5\x1f\x1f\xce\xa4\xe1\x8f\x15\x7d\xca\x3f\x88\x94\x12\x11\xd1\
\x25\xe0\x19\x60\xe3\xa2\x0f\x5a\x52\x75\x6d\xdb\xd1\xe7\x88\x33\
\x58\xf7\xc8\x33\x28\xb5\x6a\x5d\xf4\x39\x92\x24\x49\x92\x24\xa9\
\x29\x4a\x89\xf7\x87\xde\xce\x1b\x97\x9f\x5a\x33\x4f\xdd\x44\x4a\
\x89\x52\xc4\x03\x40\x93\x7b\x63\xef\x0a\x83\x76\x62\xe3\x1f\xfd\
\x0f\x9d\x57\xed\x5d\xf4\x29\x92\x24\x49\x92\x24\xa9\x19\x58\x30\
\xfd\x23\xde\xb8\xe2\x54\xc6\x3e\x74\x07\x64\xfa\xe2\xf6\x17\x15\
\xc0\x0e\x01\x4f\x15\x7a\xc5\x12\xea\xb0\xdc\x4a\x6c\x78\xda\x95\
\xf4\xdc\x79\xdf\xa2\x4f\x91\x24\x49\x92\x24\x49\xcd\xd0\xd4\x57\
\x87\xf3\xca\x79\xc7\x30\x63\xcc\x1f\x0b\xbb\xa1\x2e\xe0\x0a\x60\
\xed\xc2\x2e\x58\x02\xad\xda\x75\x60\x9d\x43\x4f\x61\xe0\x15\xf7\
\xd1\xbd\x4f\xff\xa2\xcf\x91\x24\x49\x92\x24\x49\xcd\x54\xc7\x15\
\x7b\xd2\xfb\xdb\x47\xd0\xa6\x6b\x77\xa6\xff\xf1\x35\x1a\xe6\xcf\
\xad\xfa\x0d\x11\xf0\x29\x8b\xbf\x10\x55\xb3\xa2\xae\x8e\x35\xf6\
\x3a\x84\xbe\xc7\x9e\x43\x87\xe5\x56\x2a\xfa\x1c\x49\x92\x24\x49\
\x92\xd4\x82\x2c\x9a\x35\x83\xb7\x6f\xbb\x84\xf7\xee\xbc\x86\xfa\
\x2a\x8e\x37\x11\x50\xec\x0f\xb4\xfe\x8b\x15\x06\xed\x44\xff\xd3\
\xae\xa4\xeb\x1a\x7d\x8a\x3e\x45\x92\x24\x49\x92\x24\xb5\x60\x73\
\x3f\xfc\x80\x3f\x5c\x7f\x0e\xef\x3f\xf8\x0b\x52\x43\x7d\xf6\xbe\
\x52\xf6\x86\xaf\x68\xfa\xdb\xaf\x33\xe9\x85\x27\x68\x58\x30\xbf\
\xe8\x53\x24\x49\x92\x24\x49\x52\x4b\x96\xca\x94\x1b\xea\xa9\xd6\
\xf3\x2f\x4d\xe2\xe7\x51\x00\x1d\x96\x5b\x99\xbe\x47\xff\x98\x5e\
\x7b\x1f\xe2\xa7\xbd\x25\x49\x92\x24\x49\x52\xd5\x2c\x9c\xf9\x09\
\x6f\xdf\x7c\x11\xef\xdd\x7d\x5d\x55\x1f\x2a\x89\x80\x07\x81\x3d\
\xab\xd6\xf8\x15\x75\x5e\xb5\x37\xeb\x0d\x39\x8f\xd5\x76\xf9\xce\
\xe2\xeb\x25\x49\x92\x24\x49\x92\x32\x28\x2f\x5a\xc8\xbb\x77\x5d\
\xc3\xdb\x37\x5f\xc4\xc2\x99\x9f\x54\xbd\xbf\x49\x7e\xf2\x1b\x60\
\x99\xfe\x83\xd8\xf8\xac\x6b\x59\x6a\x9d\x0d\x8b\x3e\x45\x92\x24\
\x49\x92\x24\x35\x33\x1f\xbe\xfc\x1c\xaf\x9c\x7f\x0c\x33\xc7\xbe\
\x5b\xd8\x0d\x91\x52\xa2\x14\xf1\x00\xb0\x77\x61\x57\x7c\x49\x51\
\x57\x47\xef\x7d\x8e\xa0\xdf\x09\x17\xd0\xb6\xdb\xd2\x45\x9f\x23\
\x49\x92\x24\x49\x92\x9a\xb8\xf9\xd3\xa7\xf2\xc6\x25\x27\x33\xee\
\x91\xbb\x21\x15\xfb\xed\xa6\x48\x29\x11\x11\x5d\x02\x9e\x01\x36\
\x2e\xf4\x9a\x2f\xa9\x4d\xd7\xee\x6c\x70\xd2\xc5\xf4\xde\xe7\x70\
\x7f\x32\x25\x49\x92\x24\x49\x92\x96\x5c\x4a\x8c\xf9\xf5\xad\xbc\
\x79\xc5\x69\x85\xfc\x14\xea\xdf\x89\xd4\xb8\x1a\x45\x44\xc7\x12\
\x5c\x93\xe0\x50\x16\xff\x6c\xaa\xc9\x59\x6e\xc0\xb6\x0c\x38\xef\
\x16\x3a\xad\xb2\x46\xd1\xa7\x48\x92\x24\x49\x92\xa4\x26\x62\xee\
\x94\xbf\xf2\xf2\xd9\x87\x33\x79\xc4\x93\x45\x9f\xf2\x0f\xfe\x3e\
\xda\xfc\xfd\x6f\x44\xf4\x29\xc1\xc1\x09\x36\x07\x56\x66\xf1\x97\
\xa5\xda\x03\xed\x0a\xb8\x6f\x89\xb5\x6a\xd7\x81\xf5\x8e\x3f\x9f\
\xb5\xbf\x77\x02\x51\x57\x57\xf4\x39\x92\x24\x49\x92\x24\xa9\x86\
\x8d\xfb\xed\x5d\xbc\x76\xe1\xf1\x2c\x9c\xf5\x69\xd1\xa7\xfc\x8b\
\x7f\x19\x6d\x3e\xf7\x1f\x8e\xe8\x06\x74\x06\x56\x07\x56\x03\x7a\
\x95\xa0\x57\x82\x0d\x80\x3e\x40\xcd\xac\x24\x3d\xfa\x0d\x60\xb3\
\x9f\xfe\x82\x2e\xbd\xd6\x2e\xfa\x14\x49\x92\x24\x49\x92\x54\x63\
\x16\x7c\x32\x8d\xd1\x3f\x39\x92\x89\xff\xf7\x60\xd1\xa7\x7c\xd6\
\xf8\x80\x57\x80\xf7\xcb\x30\x76\x89\x46\x9b\xcf\x13\x11\x9d\x80\
\x8d\x80\x4d\x03\xb6\x01\xb6\x65\xf1\x13\x3a\x85\x69\xd5\xae\x03\
\x1b\x9e\x7e\x25\x6b\xee\xfb\xfd\x22\xcf\x90\x24\x49\x92\x24\x49\
\x35\xe4\xa3\xd7\x47\x30\xf2\xe4\xef\x32\xf7\xc3\xbf\x16\x79\x46\
\x02\x5e\x0f\x78\xb2\x0c\xa3\x80\xd1\x29\xa5\x0f\x3f\xfb\x0f\x54\
\x6c\xb4\xf9\x67\x11\xd1\x01\xd8\xae\x04\xbb\x25\xd8\x1d\x58\x31\
\x4b\xd1\x17\xb0\xf2\xb6\xdf\x64\xc0\xf9\xb7\xd2\xb6\xfb\x32\x45\
\x9d\x20\x49\x92\x24\x49\x92\x0a\x96\xca\x65\xde\xbe\xf5\x12\x7e\
\x77\xdd\xd9\xa4\x86\xfa\x22\x4e\x58\x08\x3c\x95\xe0\x61\xe0\x91\
\x94\xd2\xa4\xcf\xfb\x87\xb3\x8d\x36\xff\x50\x12\x51\x07\x7c\xbd\
\x04\x07\x25\xd8\x8b\x02\x9e\xc0\x69\xdf\x63\x79\x36\xfb\xe9\x2f\
\x58\x61\xd0\x4e\xd5\xae\x96\x24\x49\x92\x24\x49\x05\x5b\x30\xfd\
\x23\x5e\x3c\xfd\x7b\x45\xbd\x6c\xf8\x77\x09\x6e\x07\xee\x4e\x29\
\x4d\xfb\xa2\xff\x52\x55\x46\x9b\x7f\x28\x8c\xe8\x0a\x7c\x27\xe0\
\x78\x16\xbf\x07\xa7\x9a\xe5\xf4\x3d\xe2\x0c\xd6\x1b\x72\x9e\x2f\
\x29\x96\x24\x49\x92\x24\xa9\x85\xf8\xf8\x0f\xaf\xf2\xc2\xf1\x7b\
\x33\x77\xca\xc4\x6a\xd6\x2e\x0a\xb8\xb7\x0c\xd7\xa5\x94\x5e\xfd\
\x32\x01\x55\x1f\x6d\xfe\xa1\x3c\x62\x50\xc0\x69\xc0\xae\x54\xf1\
\x33\xe3\xcb\x6e\xbc\x15\x03\x2f\xbf\x97\xf6\xcb\x16\xf6\x8b\x2d\
\x49\x92\x24\x49\x92\x54\x05\xe3\x1f\xb9\x87\xd1\x67\x1f\x41\xfd\
\xfc\xb9\xd5\xaa\x9c\x1d\x70\x7b\x19\xae\x48\x29\x4d\xf8\x2a\x41\
\x85\x8e\x36\x7f\x3f\x22\x62\xc3\x80\x73\x80\x6f\x56\xab\xb3\x7d\
\x8f\xe5\xd9\xe2\xb2\x7b\x58\x6e\xc0\xb6\xd5\xaa\x94\x24\x49\x92\
\x24\x49\x55\x92\x1a\xea\x79\xfd\x92\x93\x79\xef\x97\xd7\x56\xab\
\x72\x6e\xc0\x35\x65\xb8\x3c\xa5\x34\xbd\x12\x81\x35\x31\xda\xfc\
\x4d\x44\x0c\x08\xb8\x10\xf8\x7a\x55\xfa\xea\xea\x58\xff\x07\x17\
\xd1\xe7\xd0\x1f\x56\xa3\x4e\x92\x24\x49\x92\x24\x55\xc1\xc2\x19\
\xd3\x79\xe1\xc4\x7d\xf8\xf0\xe5\xe7\xaa\x51\x57\x1f\xf0\xf3\x32\
\x9c\xf3\xdf\x5e\x2c\xbc\xa4\x6a\x6a\xb4\xf9\x9b\x88\xd8\x2e\xe0\
\x72\x60\xc3\x6a\xf4\xad\xb6\xeb\x77\xd9\xf4\xfc\x5b\x69\xd5\xae\
\x43\x35\xea\x24\x49\x92\x24\x49\x52\x26\xb3\x26\x8c\xe1\xf9\xa3\
\x77\x63\xe6\xb8\xf7\xaa\x51\xf7\x54\x82\x13\x53\x4a\xef\xe4\x08\
\xaf\xc9\xd1\x06\x20\x22\x4a\xc0\xe0\xc6\xf1\x26\xfb\xb7\xba\xbb\
\xad\xd5\x8f\xad\xae\x7b\x88\x4e\x2b\xaf\x9e\xbb\x4a\x92\x24\x49\
\x92\x24\x65\xf0\xd1\x1b\x2f\xf2\xc2\x90\xbd\x98\x3f\x7d\x6a\xee\
\xaa\x29\x09\x4e\x4b\x29\xdd\x99\xb3\xa4\x94\x33\xfc\xab\x48\x29\
\x95\x53\x4a\x77\x26\x58\x27\xe0\x46\xa0\x9c\xb3\xef\xd3\xf7\x7e\
\xc7\x93\xfb\x6d\xca\x87\xa3\x87\xe5\xac\x91\x24\x49\x92\x24\x49\
\x19\x8c\xfb\xed\x5d\x3c\x73\xc8\x76\xb9\x07\x9b\x72\xc0\xff\x24\
\x58\x3b\xf7\x60\x03\x35\xfc\xa4\xcd\x3f\x8b\x88\xcd\x02\x6e\x23\
\xf3\x67\xc2\xa3\xae\x15\x1b\xff\xe8\x3a\xd6\xdc\xef\xa8\x9c\x35\
\x92\x24\x49\x92\x24\xa9\x42\xde\xbd\xeb\x1a\xde\xb8\xe4\x24\x52\
\x39\xeb\xf3\x1e\xe3\x13\x1c\x92\x52\x1a\x96\xb3\xe4\xb3\x9a\xcc\
\x68\x03\x10\x11\xad\x81\x93\x02\xce\x03\xda\xe4\xec\x5a\x6b\xf0\
\xf1\xf4\x3f\xfd\x2a\xa2\x54\xb3\x0f\x23\x49\x92\x24\x49\x92\xd4\
\xb2\xa5\xc4\x9b\x57\x9e\xce\xdb\xb7\x5d\x9a\xb5\x25\xe0\x96\x32\
\x9c\x9c\x52\x9a\x9d\xb3\xe8\x9f\x35\xa9\xd1\xe6\x6f\x22\x62\xfd\
\x80\x3b\x80\xf5\x73\xf6\xac\xba\xd3\xb7\xd9\xfc\xa2\x3b\xa8\x6b\
\xd7\x3e\x67\x8d\x24\x49\x92\x24\x49\x5a\x42\xe5\xfa\x45\x8c\x3a\
\xf3\x10\xc6\x3f\x72\x77\xce\x9a\x29\x09\x0e\x4a\x29\x3d\x95\xb3\
\xe4\x3f\x69\x92\xa3\x0d\xfc\xfd\xa9\x9b\xb3\x02\x7e\x4c\xc6\x77\
\xf3\x2c\xbd\xde\xa6\x6c\x75\xfd\x6f\x68\xdf\x63\xf9\x5c\x15\x92\
\x24\x49\x92\x24\x69\x09\xd4\xcf\x9b\xc3\x88\x13\xbf\xcd\xa4\x17\
\x1e\xcf\x59\xf3\x5c\x82\x03\x52\x4a\x93\x73\x96\x7c\x9e\x26\x3b\
\xda\xfc\x4d\xe3\xe7\xc1\xef\x00\x56\xce\xd5\xd1\x61\xb9\x95\xd8\
\xfa\x86\x47\x58\x6a\xed\x0d\x72\x55\x48\x92\x24\x49\x92\xa4\x2f\
\x60\xe1\x8c\xe9\x3c\x7f\xcc\xee\x7c\xf4\xc6\x8b\xb9\x2a\x1a\x12\
\x5c\x00\x9c\x9f\x52\x6a\xc8\x55\xf2\x45\x34\xf9\xd1\x06\x20\x22\
\x96\x6e\x7c\x49\xf1\x1e\xb9\x3a\x5a\x77\xee\xca\xa0\x2b\x7f\xc5\
\x0a\x03\x77\xcc\x55\x21\x49\x92\x24\x49\x92\x3e\xc7\x9c\x0f\xc6\
\xf3\xdc\x91\x3b\x33\x73\xdc\x7b\xb9\x2a\xa6\x26\xd8\xaf\x9a\x2f\
\x1b\xfe\x3c\xcd\xe2\x2d\xbb\x29\xa5\x8f\x13\xec\x95\xe0\x14\x60\
\x51\x8e\x8e\x45\xb3\x66\x30\xec\xa8\x5d\xf9\xf3\xaf\x6e\xca\x11\
\x2f\x49\x92\x24\x49\x92\x3e\xc7\xa7\x7f\xfa\x3d\x4f\x1d\x30\x30\
\xe7\x60\xf3\x6a\x82\x8d\x6b\x65\xb0\x81\x66\xf2\xa4\xcd\x67\x45\
\xc4\x26\x01\xbf\x02\x56\xcb\xd5\xb1\xd6\xe0\xe3\xd9\xe8\x8c\xab\
\x21\x22\x57\x85\x24\x49\x92\x24\x49\x6a\xf4\xf1\x1f\x5e\x65\xd8\
\x91\x3b\xb3\xe0\xd3\x8f\xb3\xe4\x07\xdc\x5d\x86\x23\x52\x4a\xf3\
\xb2\x14\x7c\x49\xcd\x6e\xb4\x01\x88\x88\x1e\x01\x77\x03\xd9\x7e\
\xcb\xd4\x6b\xaf\x83\xd9\xf4\xdc\x9b\x29\xb5\x6a\x9d\xab\x42\x92\
\x24\x49\x92\xa4\x16\xef\xc3\xd1\xc3\x18\x7e\xec\x37\x59\x34\x67\
\x56\x8e\xf8\x86\x04\x27\xa5\x94\xae\xcd\x11\xfe\x55\x35\xcb\xd1\
\x06\x20\x22\xea\x4a\x70\x61\x82\x53\x81\x2c\x8f\xc4\x2c\xbf\xf9\
\xf6\x6c\x79\xcd\x03\xb4\xee\xd4\x25\x47\xbc\x24\x49\x92\x24\x49\
\x2d\xda\xa4\x17\x1e\xe7\x85\x13\xbe\x45\xc3\xfc\x2c\x0f\xc0\xcc\
\x4e\xb0\x7f\x4a\xe9\xe1\x1c\xe1\x95\xd0\x6c\x47\x9b\xbf\x89\x88\
\xfd\x1a\x5f\x52\xdc\x31\x47\xfe\xd2\x7d\x37\x66\xeb\x1b\x1f\xa5\
\x5d\xf7\x65\x73\xc4\x4b\x92\x24\x49\x92\xd4\x22\x7d\xf0\xdc\xc3\
\x8c\x38\x69\x5f\x1a\x16\xcc\xcf\x11\x3f\x29\xc1\xee\x29\xa5\xd7\
\x73\x84\x57\x4a\xb3\x1f\x6d\x00\x22\x62\x83\x80\x87\x80\x9e\x39\
\xf2\x3b\xaf\xda\x9b\x6d\x6f\x79\x82\x4e\xab\xac\x91\x23\x5e\x92\
\x24\x49\x92\xa4\x16\x65\xdc\xc3\xbf\x64\xd4\x99\x87\x90\x1a\xea\
\x73\xc4\xbf\xd6\x38\xd8\x4c\xce\x11\x5e\x49\xcd\xe2\xeb\x51\xff\
\x4d\x4a\xe9\xcd\x04\x1b\x01\x2f\xe4\xc8\x9f\x35\x61\x0c\x4f\xee\
\x37\x80\x69\x6f\xbe\x94\x23\x5e\x92\x24\x49\x92\xa4\x16\x63\xcc\
\xaf\x6e\x66\xd4\x19\x07\xe5\x1a\x6c\x9e\x4d\xb0\x5d\x53\x18\x6c\
\xa0\x85\x8c\x36\xf0\xf7\xcf\x82\xef\x10\x70\x4f\x8e\xfc\x05\x9f\
\x7e\xcc\xb3\x87\xed\xc0\xa4\xe1\x8f\xe5\x88\x97\x24\x49\x92\x24\
\xa9\xd9\x7b\xef\xee\xff\x61\xf4\xb9\x47\x91\xca\xe5\x1c\xf1\x43\
\x13\xec\x9a\x52\x9a\x99\x23\x3c\x87\x16\x33\xda\x00\xa4\x94\x16\
\x94\x61\x70\xc0\x45\x39\xf2\xeb\xe7\xcd\x61\xf8\x71\x7b\x32\xf6\
\x37\x77\xe6\x88\x97\x24\x49\x92\x24\xa9\xd9\xfa\xfd\xcf\xce\xe3\
\xb5\x0b\x87\x40\x86\xd7\xb8\x04\x5c\x9b\xe0\xdb\x29\xa5\x2c\x2f\
\xc8\xc9\xa5\x45\xbc\xd3\xe6\xdf\x89\x88\x83\x03\x6e\x02\xda\x64\
\x08\xa7\xef\x31\x67\xd3\xef\xd8\x73\x2a\x1e\x2d\x49\x92\x24\x49\
\x52\x73\xf3\xfb\xeb\xce\xe6\xf7\x37\x9c\x9f\x23\x3a\x25\x38\x2f\
\xa5\x74\x4e\x8e\xf0\xdc\x5a\xec\x68\x03\x10\x11\x03\x1b\x5f\x50\
\xdc\x23\x47\xfe\x5a\x07\x0c\xa1\xff\x19\x57\x13\xa5\x16\xf5\x40\
\x93\x24\x49\x92\x24\x49\x5f\x4c\x4a\xbc\x7e\xc9\x49\xbc\x7b\xe7\
\xd5\x39\xd2\x1b\x12\x1c\x9d\x52\xba\x25\x47\x78\x35\xb4\xe8\xd1\
\x06\x20\x22\x7a\x07\x3c\x02\xac\x95\x23\x7f\x95\x1d\xf6\x66\x8b\
\x4b\xef\xa6\xae\x6d\xbb\x1c\xf1\x92\x24\x49\x92\x24\x35\x49\xa9\
\xa1\x81\xd1\x3f\x39\x92\xf7\x87\xde\x9e\x23\x7e\x41\x82\x03\x52\
\x4a\x0f\xe4\x08\xaf\x96\x16\x3f\xda\x00\x44\x44\x8f\xc6\x27\x6e\
\x06\xe6\xc8\x5f\x7e\xf3\xed\xd9\xf2\xda\xa1\xb4\xee\xd8\x39\x47\
\xbc\x24\x49\x92\x24\x49\x4d\x4a\x6a\xa8\xe7\xa5\xd3\x0f\x64\xfc\
\xa3\xf7\xe6\x88\xff\x34\xc1\x6e\x29\xa5\x91\x39\xc2\xab\xc9\xd1\
\xa6\x51\x44\xb4\x2d\xc1\x9d\x09\xf6\xcd\x91\xdf\xed\x6b\xeb\xb1\
\xcd\x4d\x8f\xd3\x61\xb9\x95\x72\xc4\x4b\x92\x24\x49\x92\xd4\x24\
\x94\x17\x2d\x64\xe4\x29\xdf\x65\xe2\xd3\x43\x73\xc4\x4f\x4f\xb0\
\x73\x4a\xe9\x95\x1c\xe1\xd5\xe6\x68\xf3\x19\x11\x51\x57\x5a\xfc\
\x46\xe9\x63\x72\xe4\x77\x5a\x79\x75\xb6\xb9\xf9\x09\xba\xac\xf6\
\xb5\x1c\xf1\x92\x24\x49\x92\x24\xd5\xb4\xfa\xf9\x73\x79\xe1\xf8\
\xbd\x99\x3c\xe2\xc9\x1c\xf1\x53\x12\xec\x98\x52\xfa\x7d\x8e\xf0\
\x22\x38\xda\xfc\x1b\x11\x71\x56\xc0\xf9\x40\x54\x3a\xbb\x5d\xf7\
\x65\xd9\xfa\xc6\x47\x58\xba\xef\x26\x95\x8e\x96\x24\x49\x92\x24\
\xa9\x66\x2d\x9a\x33\x8b\xe7\x8f\xd9\x9d\xa9\xaf\x3c\x9f\x23\x7e\
\x7c\x82\xed\x53\x4a\xef\xe7\x08\x2f\x8a\xa3\xcd\x7f\x10\x11\x07\
\x06\xdc\x0a\xb4\xae\x74\x76\x5d\xdb\x76\x6c\x76\xd1\x1d\xf4\xdc\
\x39\xcb\x2f\xb1\x24\x49\x92\x24\x49\xaa\x29\x0b\x67\x4c\x67\xd8\
\x51\xbb\x32\xed\xad\x51\x39\xe2\xff\xd4\x38\xd8\x4c\xcc\x11\x5e\
\x24\x47\x9b\xcf\x11\x11\xdb\x07\x0c\x05\x2a\xfe\x06\xe1\xa8\xab\
\xa3\xff\xe9\x57\xb1\xd6\x01\x43\x2a\x1d\x2d\x49\x92\x24\x49\x52\
\xcd\x98\xf7\xd1\x64\x9e\x3b\x62\x27\x3e\xfd\x53\x96\x5f\x2d\xbd\
\xd3\x38\xd8\x4c\xca\x11\x5e\x34\x47\x9b\xff\x22\x22\x36\x69\xfc\
\x24\xf8\xb2\x39\xf2\xd7\x1a\x7c\x3c\xfd\x4f\xbf\x8a\x28\x95\x72\
\xc4\x4b\x92\x24\x49\x92\x54\x98\xd9\x13\xc7\xf2\xec\xe1\x3b\x32\
\x7b\x62\x96\x5f\x2d\xbd\xd6\xf8\xd2\xe1\x69\x39\xc2\x6b\x81\xa3\
\xcd\x17\x10\x11\x6b\x06\x3c\x01\xf4\xca\x91\xbf\xea\x8e\xdf\x62\
\xf3\x8b\xef\xa2\xae\x5d\xfb\x1c\xf1\x92\x24\x49\x92\x24\x55\xdd\
\x27\xef\xbc\xc1\x73\x47\xec\xcc\xfc\xe9\x53\x73\xc4\x8f\x48\xb0\
\x6b\x4a\x69\x66\x8e\xf0\x5a\xe1\x68\xf3\x05\x45\xc4\x72\x01\x8f\
\x01\xfd\x73\xe4\xf7\xe8\x37\x80\xad\x7e\xf6\x5b\xda\x75\xcf\xf2\
\x40\x8f\x24\x49\x92\x24\x49\x55\x33\xf5\xd5\xe1\x3c\x7f\xec\x37\
\x59\x34\x6b\x46\x8e\xf8\x61\x09\x76\x4f\x29\xcd\xce\x11\x5e\x4b\
\xfc\x4d\xce\x17\x94\x52\xfa\x30\xc1\xd6\x2c\x7e\xe2\xa6\xe2\xa6\
\xfd\xee\x65\x9e\xfa\xee\xe6\xcc\x1c\xf7\x5e\x8e\x78\x49\x92\x24\
\x49\x92\xaa\xe2\x83\xe7\x1f\xe5\xb9\x23\x77\xce\x35\xd8\x3c\x96\
\x60\x97\x96\x30\xd8\x80\xa3\xcd\x12\x49\x29\xcd\x4e\xb0\x47\xc0\
\xbd\x39\xf2\x67\x4f\x1c\xcb\xd3\x83\x07\xe5\xfa\xfc\x99\x24\x49\
\x92\x24\x49\x59\x8d\xfd\xcd\x9d\xbc\x30\x64\x2f\x1a\xe6\xcf\xab\
\x78\x76\xc0\xfd\x09\xf6\x4c\x29\x55\x3e\xbc\x46\x39\xda\x2c\xa1\
\x94\xd2\xc2\x32\x1c\x10\x70\x69\x8e\xfc\x05\x9f\x4c\xe3\x99\x43\
\xb7\xe7\xed\x5b\x2f\xc9\x11\x2f\x49\x92\x24\x49\x52\xe5\xa5\xc4\
\xef\xae\x3f\x87\x51\x67\x1e\x4c\xb9\x7e\x51\xc5\xe3\x03\xee\x29\
\xc3\xfe\x29\xa5\xca\x87\xd7\x30\xdf\x69\xf3\x15\x44\xc4\x09\x01\
\x57\x92\x69\xfc\x5a\x7d\xf7\xc1\x6c\x7a\xee\xcd\xbe\xa0\x58\x92\
\x24\x49\x92\x54\xb3\x1a\x16\x2e\x60\xf4\x8f\x0f\x67\xdc\xc3\xbf\
\xcc\x92\x1f\x70\x73\x19\x8e\x4e\x29\x95\xb3\x14\xd4\x30\x47\x9b\
\xaf\x28\x22\x06\x07\xdc\x0e\xb4\xce\x91\xdf\x63\x83\xcd\xd9\xf2\
\x9a\x07\x68\xbf\xcc\x0a\x39\xe2\x25\x49\x92\x24\x49\xfa\xd2\x16\
\xce\x98\xce\xf0\x21\x7b\x31\xf5\xd5\xe1\x59\xf2\x03\xae\x2f\xc3\
\x90\xd4\x42\xc7\x0b\x47\x9b\x0a\x88\x88\xaf\x07\x0c\x05\xba\xe4\
\xc8\x6f\xbf\xec\x8a\x6c\x79\xcd\x03\xf4\x58\x7f\xb3\x1c\xf1\x92\
\x24\x49\x92\x24\x2d\xb1\x59\x13\xc6\xf0\xfc\xd1\xbb\x65\xfb\xa0\
\x4e\xc0\x25\x0d\x29\x9d\x9e\x25\xbc\x89\xf0\x9d\x36\x15\x90\x52\
\x7a\x26\xc1\x76\xc0\x94\x1c\xf9\xf3\xa6\x4e\xe2\x99\x83\xb7\x65\
\xec\x43\x77\xe4\x88\x97\x24\x49\x92\x24\x69\x89\x7c\x38\x7a\x18\
\x4f\xee\x37\x20\xd7\x60\x93\x12\x9c\xd6\xd2\x07\x1b\xf0\x49\x9b\
\x8a\x8a\x88\xd5\x02\x1e\x05\xfa\xe4\xea\x58\xfb\x7b\x27\xb0\xc1\
\x0f\x2f\xa3\xd4\x2a\xcb\xaf\xb1\x24\x49\x92\x24\x49\xfa\x5c\x63\
\x1f\xfc\x05\xa3\xcf\xf9\x3e\xe5\x45\x0b\x73\xc4\x37\x24\x38\x2a\
\xa5\x74\x6b\x8e\xf0\xa6\xc6\xd1\xa6\xc2\x22\x62\xa9\xc6\x9f\x4a\
\x6d\x93\xab\x63\xe9\xbe\x9b\x30\xf0\x8a\xfb\xe8\xb4\x4a\xaf\x5c\
\x15\x92\x24\x49\x92\x24\xfd\x83\xd4\x50\xcf\x5b\xd7\xfc\x28\xe7\
\xd7\x8e\x17\x26\x18\x9c\x52\xba\x3f\x57\x41\x53\xe3\x68\x93\x41\
\x44\xb4\x29\xc1\x6d\x09\x06\xe7\xea\x68\xdd\xa9\x0b\x9b\x9e\x7b\
\x33\x3d\xbf\xb1\x5f\xae\x0a\x49\x92\x24\x49\x92\x80\xc5\xaf\xed\
\x18\x71\xd2\xbe\x7c\xf4\xfa\xc8\x5c\x15\x73\x12\x7c\x2b\xa5\xf4\
\x64\xae\x82\xa6\xc8\xd1\x26\x93\x88\x88\x12\x5c\x90\xe0\xcc\x8c\
\x25\xac\xb5\xff\xb1\x6c\x70\xf2\xa5\x7e\x16\x5c\x92\x24\x49\x92\
\x94\xc5\xd4\x57\x9e\x67\xe4\xc9\xdf\x61\xde\xb4\x2c\xaf\x71\x05\
\x98\x9e\x60\x97\x94\xd2\xcb\xb9\x0a\x9a\x2a\x47\x9b\xcc\x22\xe2\
\x90\x80\x9b\xc8\xf4\x49\x70\x80\xae\xbd\xd6\x61\xb3\x8b\xef\x60\
\xe9\xbe\x9b\xe4\xaa\x90\x24\x49\x92\x24\xb5\x30\xa9\xa1\x9e\xdf\
\xdf\x78\x01\x7f\xbc\xf1\x02\x52\x43\x43\xae\x9a\x29\x09\x76\x4a\
\x29\xfd\x2e\x57\x41\x53\xe6\x68\x53\x05\x11\xb1\x7d\xc0\xaf\x81\
\xae\xd9\x3a\xea\x5a\xb1\xce\x21\x27\xd3\x6f\xc8\x79\x94\x5a\xb7\
\xc9\x55\x23\x49\x92\x24\x49\x6a\x01\xe6\x4c\x9e\xc0\x8b\x3f\x3c\
\x80\x8f\x5e\x1f\x91\xb3\x66\x5c\x82\x1d\x53\x4a\x63\x72\x96\x34\
\x65\x8e\x36\x55\x12\x11\x1b\x04\xfc\x06\x58\x35\x67\x4f\xf7\x3e\
\xfd\xd9\xf4\xbc\x5b\xe8\xde\xa7\x7f\xce\x1a\x49\x92\x24\x49\x52\
\x33\x35\xf6\xa1\x3b\x78\xed\xa2\x13\x58\x34\x6b\x46\xce\x9a\x57\
\x12\xec\x9e\x52\xfa\x30\x67\x49\x53\xe7\x68\x53\x45\x11\xb1\x74\
\xc0\xaf\x80\xed\xb2\xf6\x94\x4a\xac\xb1\xcf\xe1\x6c\x78\xca\x65\
\xb4\xee\xd4\x25\x67\x95\x24\x49\x92\x24\xa9\x99\x98\x37\x75\x12\
\xaf\x9c\x77\x0c\x7f\x7d\xf6\x37\xb9\xab\x1e\x6c\xfc\x4a\xd4\xdc\
\xdc\x45\x4d\x9d\xa3\x4d\x95\x45\x44\xeb\x12\x5c\x9d\xe0\x98\xdc\
\x5d\x1d\x96\x5b\x99\x8d\xce\xbc\x86\x55\x76\xd8\x3b\x77\x95\x24\
\x49\x92\x0b\x42\xce\xf0\x00\x00\x04\x9f\x49\x44\x41\x54\x24\xa9\
\x89\x4a\x0d\x0d\xfc\xe9\xbe\x1b\x78\xeb\xaa\x33\xa8\x9f\x3b\x3b\
\x6b\x57\xc0\x65\x65\x38\x3d\xa5\x54\xce\x5a\xd4\x4c\x38\xda\x14\
\x24\x22\x06\x07\xdc\x02\xb4\xcb\xdd\xd5\x63\xfd\xcd\xd8\xf0\xd4\
\x2b\x58\x66\xc3\x2d\x72\x57\x49\x92\x24\x49\x92\x9a\x90\xa9\xaf\
\x3c\xcf\x6b\x17\x9d\xc8\x27\xef\xbe\x99\xbb\xaa\x3e\xc1\x09\x29\
\xa5\x9f\xe5\x2e\x6a\x4e\x1c\x6d\x0a\x14\x11\x5b\x34\xbe\xa0\x78\
\x85\x2a\x94\xb1\xda\xae\xfb\xb3\xfe\x89\x17\xd2\x71\xc5\x9e\xd9\
\xeb\x24\x49\x92\x24\x49\xb5\x6b\xce\x07\xe3\x79\xe3\xf2\x53\x99\
\xf0\xe4\xfd\xd5\xa8\x9b\x91\xe0\xdb\x29\xa5\xa7\xab\x51\xd6\x9c\
\x38\xda\x14\x2c\x22\x56\x0c\x18\x0a\x0c\xa8\x46\x5f\xa9\x55\x6b\
\x7a\xee\xf2\x1d\xd6\xfd\xfe\x59\x74\x59\x7d\xad\x6a\x54\x4a\x92\
\x24\x49\x92\x6a\xc4\xdc\x29\x13\x79\xe7\xf6\xcb\x19\x73\xff\xcd\
\x34\x2c\x98\x5f\x8d\xca\x71\x09\x76\x4b\x29\xbd\x5d\x8d\xb2\xe6\
\xc6\xd1\xa6\x06\x44\x44\xbb\x12\xdc\x98\xe0\xa0\xaa\x75\xd6\xd5\
\xd1\xf3\x1b\xfb\xb1\xce\x61\xa7\xb2\xd4\x5a\xeb\x57\xab\x56\x92\
\x24\x49\x92\x54\x80\xd9\x7f\x1d\xc7\x3b\xb7\x5d\xca\xfb\x43\x6f\
\xa7\xbc\x68\x61\xb5\x6a\x47\x25\xd8\xd3\x2f\x44\x7d\x79\x8e\x36\
\x35\x24\x22\x8e\x0d\xb8\x02\x68\x5b\xcd\xde\x1e\x1b\x6c\x4e\xef\
\x6f\x1f\x49\xcf\x6f\xec\x47\x5d\xbb\xf6\xd5\xac\x96\x24\x49\x92\
\x24\x65\x92\xca\x65\x26\x8f\x7c\x92\x3f\xdf\xfb\x33\x26\x0d\x7f\
\x8c\x54\xae\xde\xbb\x7f\x03\xee\x28\xc3\xd1\x29\xa5\x79\x55\x2b\
\x6d\x86\x1c\x6d\x6a\x4c\x44\x6c\x18\xf0\xbf\xc0\x9a\xd5\xee\x6e\
\xd3\xb9\x1b\x3d\xbf\xb1\x1f\x2b\xef\xb0\x37\xcb\x0d\xd8\x96\x52\
\xab\xd6\xd5\x3e\x41\x92\x24\x49\x92\xf4\x15\x7d\xfa\xa7\xdf\x33\
\xf1\xe9\xa1\x8c\xfb\xed\x5d\xcc\x9e\xf8\x7e\xb5\xeb\x17\x24\x38\
\x31\xa5\x74\x63\xb5\x8b\x9b\x23\x47\x9b\x1a\x14\x11\x9d\x1b\x7f\
\x2e\xb5\x7f\x51\x37\xb4\xe9\xdc\x8d\x95\xb6\xd9\x8d\x15\xb6\xdc\
\x99\x65\xfa\x0f\xf2\xe5\xc5\x92\x24\x49\x92\x54\xa3\xea\xe7\xce\
\xe6\xa3\x37\x5f\x62\xea\xcb\xcf\x32\xe1\xa9\x07\x98\xf5\x97\x3f\
\x17\x75\xca\xc4\xc6\x17\x0e\xbf\x5c\xd4\x01\xcd\x8d\xa3\x4d\x0d\
\x8b\x88\x43\x03\xae\x06\x3a\x17\x7d\x4b\x87\xe5\x56\x62\x99\x0d\
\x07\xd2\x6d\xed\x0d\xe8\xdc\xb3\x37\x9d\x56\x59\x83\xce\xab\xac\
\x41\xeb\xce\x5d\x8b\x3e\x4d\x92\x24\x49\x92\x5a\x84\xd4\xd0\xc0\
\x9c\xc9\x13\x98\x35\x61\x0c\xb3\x27\xbe\xcf\xcc\xf7\xdf\x61\xda\
\x9b\x2f\x32\xfd\x9d\x37\x49\x0d\xf5\x45\x9f\xf7\x44\x82\x03\x53\
\x4a\x1f\x15\x7d\x48\x73\xe2\x68\x53\xe3\x22\x62\xf5\x80\x3b\x80\
\x2d\x8b\xbe\xe5\xdf\x69\xd5\xae\x03\x75\x1d\x3a\xd2\xba\x63\x67\
\x5a\x77\xea\x4a\x94\x4a\x45\x9f\x24\x49\x92\x24\x49\xcd\x46\xc3\
\xbc\xb9\xd4\xcf\x9b\xc3\xa2\x39\xb3\x58\x34\x7b\x46\x55\xdf\x4b\
\xf3\x05\x2d\x48\x70\x06\x70\x75\x72\x60\xa8\x38\x47\x9b\x26\x20\
\x22\x02\x38\x22\xe0\x2a\xa0\x43\xd1\xf7\x48\x92\x24\x49\x92\x04\
\xbc\x97\xe0\xbb\x29\xa5\x37\x8a\x3e\xa4\xb9\xf2\xb1\x88\x26\x20\
\x2d\x76\x73\x82\x4d\x01\x7f\x1b\x28\x49\x92\x24\x49\x2a\x52\x0a\
\xb8\x21\xc1\x46\x0e\x36\x79\xf9\xa4\x4d\x13\xd3\xf8\xd4\xcd\xf7\
\x02\xae\x04\x96\x2e\xfa\x1e\x49\x92\x24\x49\x52\x8b\x32\x36\xc1\
\x11\x29\xa5\x67\x8b\x3e\xa4\x25\xf0\x49\x9b\x26\xa6\xf1\xa9\x9b\
\x3b\x13\xf4\x0d\xb8\xab\xe8\x7b\x24\x49\x92\x24\x49\x2d\x42\x7d\
\xc0\xb5\x09\xfa\x39\xd8\x54\x8f\x4f\xda\x34\x71\x11\xb1\x53\xc0\
\x15\xc0\xba\x45\xdf\x22\x49\x92\x24\x49\x6a\x96\x46\x26\x38\x3e\
\xa5\xf4\x7a\xd1\x87\xb4\x34\x3e\x69\xd3\xc4\xa5\x94\x9e\x4c\xd0\
\x2f\xc1\x41\xc0\x94\xa2\xef\x91\x24\x49\x92\x24\x35\x1b\x1f\x24\
\x38\x28\xc1\x96\x0e\x36\xc5\xf0\x49\x9b\x66\x24\x22\x3a\x95\xe0\
\xb4\x04\x27\xe1\x57\xa6\x24\x49\x92\x24\x49\x5f\xce\xdc\x80\xcb\
\xcb\x70\x49\x4a\x69\x6e\xd1\xc7\xb4\x64\x8e\x36\xcd\x50\x44\x2c\
\x5b\x82\x13\x13\x1c\x0b\x74\x29\xfa\x1e\x49\x92\x24\x49\x52\x93\
\x30\x27\xe0\xc6\x32\x5c\x96\x52\xfa\xb0\xe8\x63\xe4\x68\xd3\xac\
\x45\x44\x67\xe0\xd0\x80\xd3\x81\xe5\x8b\xbe\x47\x92\x24\x49\x92\
\x54\x93\xe6\x04\xdc\x56\x86\x8b\x53\x4a\x93\x8b\x3e\x46\xff\x9f\
\xa3\x4d\x0b\x10\x11\x9d\x80\xc1\x01\xdf\x07\x36\x28\xfa\x1e\x49\
\x92\x24\x49\x52\x4d\x18\x9f\xe0\x26\xe0\xd6\x94\xd2\xb4\xa2\x8f\
\xd1\xbf\x72\xb4\x69\x61\x22\x62\xa3\x12\x1c\x99\x60\x7f\xa0\x53\
\xd1\xf7\x48\x92\x24\x49\x92\xaa\xaa\x0c\x3c\x9b\xe0\x66\xe0\xc1\
\x94\x52\x7d\xd1\x07\xe9\x3f\x73\xb4\x69\xa1\x22\xa2\x2b\xb0\x47\
\xc0\x5e\xc0\x4e\x40\xfb\x82\x4f\x92\x24\x49\x92\x24\xe5\x91\x80\
\xd1\x09\x1e\x00\xee\x4f\x29\x8d\x2f\xf8\x1e\x7d\x41\x8e\x36\x22\
\x22\x3a\x00\x3b\x97\x60\xaf\x04\xdb\xe3\xfb\x6f\x24\x49\x92\x24\
\xa9\xa9\x9b\x0f\x8c\x4a\xf0\x20\x8b\x9f\xa8\x99\x58\xf4\x41\x5a\
\x72\x8e\x36\xfa\x17\x11\xb1\x22\x30\xb0\x04\x83\x12\x0c\x04\x36\
\x04\x4a\x05\x9f\x25\x49\x92\x24\x49\xfa\xcf\x66\x01\x2f\x27\x18\
\x09\x8c\x00\x46\xa4\x94\xe6\x17\x7c\x93\xbe\x22\x47\x1b\xfd\x57\
\x11\xd1\x0e\xe8\xfd\xb7\x3f\x25\x58\x23\xc1\x6a\x40\x77\xa0\x03\
\xd0\x11\xe8\xd6\xf8\xd7\x36\x45\xdd\x29\x49\x92\x24\x49\xcd\xd0\
\x4c\x60\x0e\x30\x17\xf8\x14\x98\x1d\x30\x05\x18\x53\x86\x31\x2c\
\xfe\xf3\x67\x3f\xd1\xdd\x3c\xfd\x3f\xee\x98\xc6\x26\x03\x78\xd1\
\x96\x00\x00\x00\x00\x49\x45\x4e\x44\xae\x42\x60\x82\
\x00\x00\x24\x51\
\x89\
\x50\x4e\x47\x0d\x0a\x1a\x0a\x00\x00\x00\x0d\x49\x48\x44\x52\x00\
\x00\x04\x6d\x00\x00\x00\xac\x08\x06\x00\x00\x00\xc1\x95\x51\xc5\
\x00\x00\x00\x09\x70\x48\x59\x73\x00\x00\x0f\x61\x00\x00\x0f\x61\
\x01\xa8\x3f\xa7\x69\x00\x00\x00\x19\x74\x45\x58\x74\x53\x6f\x66\
\x74\x77\x61\x72\x65\x00\x77\x77\x77\x2e\x69\x6e\x6b\x73\x63\x61\
\x70\x65\x2e\x6f\x72\x67\x9b\xee\x3c\x1a\x00\x00\x20\x00\x49\x44\
\x41\x54\x78\x9c\xed\xdd\x67\x94\xdd\x55\xd9\xff\xff\xf7\x35\x33\
\xe9\xbd\x10\x12\x20\x90\x84\x24\x90\x00\x49\x68\x37\x7f\x0d\xa2\
\xb7\x88\x80\x18\x4a\x28\x2a\x18\x11\xe9\x48\x53\x4a\x44\x54\xc0\
\x76\x23\x88\x18\x40\x50\x7a\x8d\x22\x12\x94\x5e\x05\xa5\xaa\x08\
\x21\x94\x10\x08\x35\x40\x0a\x21\x85\xf4\x64\x66\xf6\xef\xc1\x04\
\xff\xa8\x94\x94\xb3\xcf\xf7\x9c\x99\xf7\x6b\xad\xb3\x58\x4b\xc3\
\xe7\xba\x16\xcf\xf2\x59\xfb\xbb\x77\xa4\x94\x90\xde\x13\x11\x3d\
\x81\x81\xef\xfb\x0d\x02\xd6\x07\x3a\x02\x5d\x80\xf6\x40\x3b\xa0\
\x5b\x51\x3b\x4a\x92\x24\x49\x52\x0b\xf2\x2e\xb0\x78\xe5\x6f\xde\
\xca\x7f\x4e\x07\xa6\xbe\xff\x97\x52\x7a\xab\xb0\x0d\x95\x4d\x58\
\xda\xb4\x5c\x11\x51\x0b\x6c\x0a\x8c\x04\xb6\x07\x76\x00\x36\x2a\
\x74\x29\x49\x92\x24\x49\xd2\x9a\x58\x00\xfc\x0d\x78\x18\x78\x08\
\x78\x38\xa5\xb4\xa4\xd8\x95\xb4\xb6\x2c\x6d\x5a\x98\x95\x27\x69\
\xf6\x04\xf6\xa2\xa9\xa4\xe9\x58\xec\x46\x92\x24\x49\x92\xa4\x0c\
\x96\xd1\x54\xe2\xdc\x04\x4c\x48\x29\xbd\x5e\xf0\x3e\x5a\x03\x96\
\x36\x2d\x40\x44\xf4\x02\xf6\x5e\xf9\xfb\x0c\x50\x5b\xe8\x42\x92\
\x24\x49\x92\xa4\x72\x4a\xc0\xe3\xc0\x8d\xc0\x0d\x29\xa5\x97\x0b\
\xde\x47\xab\xc8\xd2\xa6\x19\x8b\x88\xad\x81\xc3\x80\xaf\x01\x6d\
\x0b\x5e\x47\x92\x24\x49\x92\x54\xbc\x04\xdc\x07\x5c\x0c\xdc\x94\
\x52\xaa\x2f\x78\x1f\x7d\x04\x4b\x9b\x66\x26\x22\x3a\xd1\x54\xd2\
\x1c\x09\x6c\x56\xf0\x3a\x92\x24\x49\x92\xa4\xca\x35\x8d\xa6\xf2\
\xe6\xe2\x94\xd2\xac\xa2\x97\xd1\x7f\xb3\xb4\x69\x26\x22\xa2\x23\
\x70\x30\x70\x0a\xb0\x6e\xc1\xeb\x48\x92\x24\x49\x92\xaa\xc7\x32\
\xe0\x2a\xe0\x0c\x5f\xa1\xaa\x2c\x96\x36\x55\x2e\x22\x3a\x03\xc7\
\x02\xdf\x02\xba\x17\xbc\x8e\x24\x49\x92\x24\xa9\x7a\x2d\x01\x7e\
\x03\x9c\x95\x52\x9a\x5e\xf4\x32\xb2\xb4\xa9\x5a\x11\x51\x07\x1c\
\x05\x9c\x86\x65\x8d\x24\x49\x92\x24\xa9\x74\x96\x00\xbf\x00\xfe\
\x2f\xa5\xb4\xa8\xe8\x65\x5a\x32\x4b\x9b\x2a\x14\x11\x3b\x02\xe7\
\x02\x5b\x14\xbd\x8b\x24\x49\x92\x24\xa9\xd9\x7a\x0b\x38\x03\xb8\
\x34\xa5\xd4\x58\xf4\x32\x2d\x91\xa5\x4d\x15\x89\x88\x8d\x69\x2a\
\x6b\x46\x15\xbd\x8b\x24\x49\x92\x24\xa9\xc5\xf8\x1b\x70\x4c\x4a\
\xe9\x1f\x45\x2f\xd2\xd2\x58\xda\x54\x81\x88\xa8\x01\x0e\x01\xce\
\x01\x3a\x16\xbc\x8e\x24\x49\x92\x24\xa9\xe5\x69\x04\x2e\x05\x4e\
\x48\x29\x2d\x2c\x7a\x99\x96\xc2\xd2\xa6\xc2\x45\xc4\x66\xc0\x65\
\xc0\x76\x45\xef\x22\x49\x92\x24\x49\x6a\xf1\x5e\x01\x0e\x4d\x29\
\xdd\x57\xf4\x22\x2d\x41\x4d\xd1\x0b\xe8\x83\x45\x44\x6d\x44\x7c\
\x0f\xf8\x27\x16\x36\x92\x24\x49\x92\xa4\xca\xd0\x1f\xb8\x27\x22\
\x2e\x8a\x88\x0e\x45\x2f\xd3\xdc\x79\xd2\xa6\x02\x45\xc4\x86\xc0\
\x35\xc0\x0e\x45\xef\x22\x49\x92\x24\x49\xd2\x87\x78\x05\x38\x20\
\xa5\xf4\x68\xd1\x8b\x34\x57\x96\x36\x15\x26\x22\xbe\x0c\xfc\x1a\
\xe8\x52\xf4\x2e\xef\x57\x13\x41\x97\xf6\xb5\x74\x6c\x53\x47\xbb\
\xd6\x35\x74\x6a\x5b\x5b\xf4\x4a\x92\x24\x49\x92\xd4\xec\x2d\x5e\
\xde\xc8\xe2\xe5\x0d\xbc\xbb\xa4\x9e\x85\x4b\x1b\x58\xd1\x50\x71\
\x7f\x87\x5f\x0e\x7c\x0f\x38\xc7\x17\xa6\x4a\xcf\xd2\xa6\x42\xac\
\x3c\x56\xf6\x2b\xe0\xc0\x22\xf7\xa8\x89\x60\xe8\xfa\x1d\x18\x39\
\xa8\x0b\x9b\x6f\xd0\x91\x81\xeb\xb6\x63\xe0\xba\xed\xd9\xa8\x67\
\x5b\x5a\xd5\x46\x91\xab\x49\x92\x24\x49\x52\x8b\xd6\x98\x12\xd3\
\xde\x59\xc6\xd4\x99\x8b\x79\x69\xd6\x12\x26\xbf\xb5\x88\x47\xa7\
\xce\xe7\x89\x57\x17\x54\x42\x99\x73\x2f\x30\x26\xa5\x34\xa3\xe8\
\x45\x9a\x13\x4b\x9b\x0a\x10\x11\x83\x81\x1b\x81\xcd\x8b\x98\xdf\
\xb7\x7b\x5b\xf6\xda\x66\x1d\x3e\xbf\x79\x77\x46\x0e\xee\x4a\xd7\
\xf6\x75\x45\xac\x21\x49\x92\x24\x49\x5a\x03\x8b\x97\x37\xf0\xb7\
\x97\xde\xe5\xde\x67\xe7\x30\xe1\x1f\x6f\xf3\xfc\xf4\x45\x45\xad\
\xf2\x16\xb0\x5f\x4a\xe9\xe1\xa2\x16\x68\x6e\x2c\x6d\x0a\x16\x11\
\x7b\x00\x57\x51\xe6\xcf\xa1\x7a\x77\x69\xcd\x57\x47\xf6\x66\xef\
\x6d\x7a\xb1\xdd\xc6\x5d\x08\x0f\xd1\x48\x92\x24\x49\x52\xb3\xf0\
\xec\x9b\x8b\xb8\xf1\x1f\xb3\xb8\xe6\xe1\xe9\x4c\x9d\xb9\xa4\xdc\
\xe3\x57\xd0\xf4\x2c\xf8\xf9\xe5\x1e\xdc\x1c\x59\xda\x14\x24\x22\
\x6a\x81\x1f\x01\xdf\x01\xca\x56\x99\x7c\x7a\xd3\x6e\x1c\xb9\xe3\
\xfa\xec\xb5\xf5\x3a\xb4\xae\xf3\xf1\x30\x49\x92\x24\x49\x6a\xae\
\x1a\x53\xe2\xde\x67\xe7\x72\xe1\xbd\x6f\x70\xeb\xc4\xd9\x34\x34\
\x96\xf5\xef\xff\xd7\x01\x87\xa5\x94\x16\x97\x73\x68\x73\x63\x69\
\x53\x80\x95\xf7\xd7\x8c\x07\x76\x2f\xc7\xbc\x9a\x08\xf6\xdb\xae\
\x17\xa7\xee\xde\x8f\xcd\x37\xe8\x58\x8e\x91\x92\x24\x49\x92\xa4\
\x0a\xf2\xfa\x3b\x4b\x39\xeb\xb6\xd7\xb8\xf4\x81\xb7\x58\x56\x5f\
\xb6\xfb\x82\x1f\x07\x76\x4f\x29\x4d\x2f\xd7\xc0\xe6\xc6\xd2\xa6\
\xcc\x22\xa2\x0f\x70\x0b\xb0\x75\xee\x59\x35\x11\x7c\x61\x78\x0f\
\x7e\xb4\xcf\x00\x46\x6c\xd8\x29\xf7\x38\x49\x92\x24\x49\x52\x85\
\x9b\xf5\xee\x72\x7e\x71\xe7\xeb\x9c\x77\xf7\x34\x96\x2c\x2f\x4b\
\x79\xf3\x26\x30\x2a\xa5\xf4\x64\x39\x86\x35\x37\x96\x36\x65\x14\
\x11\xc3\x81\x5b\x81\x0d\x72\xcf\xda\x71\xb3\xee\x9c\xbb\xff\x20\
\xb6\xe8\xeb\xc9\x1a\x49\x92\x24\x49\xd2\xbf\x9b\x36\x67\x29\x63\
\xaf\x9f\xca\xef\x1e\x9b\x49\x19\x6a\x81\x77\x81\x2f\xa5\x94\xee\
\xcc\x3e\xa9\x99\xb1\xb4\x29\x93\x88\xf8\x3c\x70\x03\xd0\x39\xe7\
\x9c\xbe\xdd\xdb\xf2\xe3\x7d\x06\xf0\xb5\xed\xfb\xe4\x1c\x23\x49\
\x92\x24\x49\x6a\x06\xfe\xf1\xf2\xbb\x1c\x77\xed\x0b\x3c\x3a\x75\
\x7e\xee\x51\x0d\xc0\xf1\x29\xa5\x0b\x72\x0f\x6a\x4e\x2c\x6d\xca\
\x20\x22\x8e\x06\x7e\x09\xd4\xe6\x9a\xd1\xaa\x36\x38\x65\x54\x3f\
\xbe\xbb\x7b\x3f\xda\x78\xc1\xb0\x24\x49\x92\x24\x69\x15\x35\xa6\
\xc4\xc5\xf7\xbf\xc5\xd8\xeb\xa7\xf2\xee\x92\xfa\xdc\xe3\xce\x05\
\x4e\x4c\x29\x95\xed\x62\x9d\x6a\x66\x69\x93\xd1\xca\x17\xa2\x7e\
\x02\x8c\xcd\x39\x67\xf8\x86\x1d\xb9\xfc\x90\xa1\x6c\xd5\xcf\x7b\
\x6b\x24\x49\x92\x24\x49\x6b\x66\xfa\xbc\x65\x1c\x75\xd5\x14\xfe\
\xf8\xcf\xb7\x73\x8f\xba\x13\xd8\x2f\xa5\xb4\x20\xf7\xa0\x6a\x67\
\x69\x93\xc9\xca\x17\xa2\x7e\x0b\x8c\xca\x35\xa3\x75\x5d\x0d\x67\
\x8c\xee\xcf\x89\xbb\x6e\x44\x5d\x6d\xd9\x5e\x0d\x97\x24\x49\x92\
\x24\x35\x63\xd7\x3c\x3c\x83\x63\xaf\x99\xc2\xbc\xc5\x59\x4f\xdd\
\xfc\x93\xa6\x0b\x8a\x7d\x59\xea\x23\x58\xda\x64\x10\x11\x5d\x69\
\xba\x70\x78\x64\xae\x19\x9b\xf4\x69\xcf\xf8\x23\x37\xf7\x74\x8d\
\x24\x49\x92\x24\xa9\xe4\x5e\x7f\x67\x29\x63\x7e\xfd\x2c\x7f\x9d\
\x32\x2f\xe7\x98\x57\x81\x9d\x52\x4a\x53\x73\x0e\xa9\x66\x96\x36\
\x25\x16\x11\xbd\x69\x3a\xea\x35\x3c\xd7\x8c\x31\x23\x7b\x73\xe1\
\x81\x9b\xd2\xb1\x6d\xb6\x2b\x72\x24\x49\x92\x24\x49\x2d\x5c\x43\
\x63\xe2\xe7\xb7\xbf\xce\xf7\x6f\x7c\x89\x15\x0d\xd9\xba\x83\x19\
\xc0\x2e\x29\xa5\xa7\x72\x0d\xa8\x66\x96\x36\x25\x14\x11\x03\x80\
\x7b\x80\x01\x39\xf2\x3b\xb5\xad\xe5\xb2\x43\x86\xb2\xef\xff\xf4\
\xca\x11\x2f\x49\x92\x24\x49\xd2\x7f\x79\x70\xca\x3c\xbe\xf4\xab\
\x67\x98\x3e\x6f\x59\xae\x11\x73\x81\xdd\x52\x4a\x8f\xe6\x1a\x50\
\xad\x2c\x6d\x4a\x24\x22\x86\x02\x77\x03\xeb\xe7\xc8\x1f\xdc\xbb\
\x3d\x13\x8e\x1b\xc6\x66\xeb\x77\xc8\x11\x2f\x49\x92\x24\x49\xd2\
\x87\x7a\x7b\xc1\x72\xbe\x72\xe1\xb3\xdc\xf7\xec\x9c\x5c\x23\x16\
\x03\x7b\xa7\x94\xee\xcc\x35\xa0\x1a\x59\xda\x94\x40\x44\x6c\x0b\
\xdc\x01\xf4\xc8\x91\xbf\xc7\x56\xeb\x70\xd5\x61\x43\xe9\xd2\xbe\
\x2e\x47\xbc\x24\x49\x92\x24\x49\x1f\xab\xbe\x21\xf1\xbd\x1b\x5f\
\xe2\xac\xdb\x5e\x23\x53\x95\xb0\x1c\xf8\x5a\x4a\xe9\xfa\x2c\xe9\
\x55\xc8\xd2\x66\x2d\x45\xc4\x2e\xc0\x1f\x80\x92\x1f\x81\x89\x80\
\x1f\xed\xbd\x31\xdf\x1d\xd5\x8f\xf0\x71\x28\x49\x92\x24\x49\x52\
\x05\xb8\xf6\x91\x19\x1c\x72\xe9\x64\x96\xd5\x37\xe6\x88\x6f\x00\
\x8e\x4a\x29\x5d\x9c\x23\xbc\xda\x58\xda\xac\x85\x88\xf8\x12\x70\
\x35\xd0\xba\xd4\xd9\x6d\x5b\xd5\x70\xc5\xa1\x43\xf9\xf2\xff\xb7\
\x6e\xa9\xa3\x25\x49\x92\x24\x49\x5a\x2b\x0f\x4e\x99\xc7\x5e\xe3\
\x26\xf1\xce\xc2\x15\x39\xe2\x13\xf0\xdd\x94\xd2\x99\x39\xc2\xab\
\x89\xa5\xcd\x1a\x8a\x88\xaf\x02\x57\x00\x25\xff\x66\xa9\x47\xc7\
\x56\x4c\x38\x6e\x18\x3b\x6c\xd2\xb5\xd4\xd1\x92\x24\x49\x92\x24\
\x95\xc4\x4b\xb3\x96\xf0\xc5\x73\x9e\xe2\xf9\xe9\x8b\x72\x8d\x38\
\x2b\xa5\x34\x36\x57\x78\x35\xb0\xb4\x59\x03\x11\x71\x04\xf0\x2b\
\xa0\xa6\xd4\xd9\x03\xd7\x6d\xc7\x6d\x27\x8c\x60\x70\xef\xf6\xa5\
\x8e\x96\x24\x49\x92\x24\xa9\xa4\xe6\x2c\x5a\xc1\xde\xe7\x3d\xcd\
\x03\x93\xe7\xe6\x1a\x71\x11\x70\x74\x4a\x29\xcb\xb7\x58\x95\xce\
\xd2\x66\x35\x45\xc4\x89\xc0\x59\x40\xc9\x6f\x99\x19\x39\xa8\x0b\
\x7f\x3c\x7e\x38\x3d\x3b\xb5\x2a\x75\xb4\x24\x49\x92\x24\x49\x59\
\x2c\xaf\x6f\xe4\xd0\xcb\x9f\xe7\xea\x87\xa6\xe7\x1a\x71\x09\x70\
\x44\x4b\x2c\x6e\x2c\x6d\x56\x43\x44\x8c\x05\xb2\x7c\x53\xf7\xf5\
\x4f\xf5\xe1\x37\x07\x6d\x4a\xeb\xba\x92\x1f\xde\x91\x24\x49\x92\
\x24\x29\xbb\x71\x77\x4d\xe3\xdb\xe3\x5f\xa4\x31\x4f\xcf\xf0\x3b\
\x60\x4c\x4a\xa9\x3e\x47\x78\xa5\xb2\xb4\x59\x45\x11\x71\x26\x90\
\xe5\x5b\xba\x33\x46\x0f\xe0\x07\x7b\xf6\xcf\x11\x2d\x49\x92\x24\
\x49\x52\xd9\x5c\xf7\xc8\x0c\x0e\xba\xe4\x39\x56\x34\x64\xe9\x1a\
\xfe\x00\x1c\x90\x52\x5a\x9e\x23\xbc\x12\x59\xda\x7c\x8c\x88\x08\
\xe0\x17\xc0\xf1\xa5\xcf\x86\x5f\xec\x3f\x98\xe3\x77\xee\x5b\xea\
\x68\x49\x92\x24\x49\x92\x0a\x71\xdf\xb3\x73\xd8\x73\xdc\x24\x16\
\x2e\x6d\xc8\x11\x7f\x07\xb0\x77\x4a\x69\x49\x8e\xf0\x4a\x63\x69\
\xf3\x11\x56\x16\x36\xe7\x03\xdf\x2c\x75\x76\x5d\x6d\x70\xe9\xc1\
\x43\x38\x70\xfb\x3e\xa5\x8e\x96\x24\x49\x92\x24\xa9\x50\x7f\x7f\
\xf9\x5d\xbe\xf0\xf3\x89\xb9\x9e\x04\xff\x0b\x30\x2a\xa5\xb4\x20\
\x47\x78\x25\xb1\xb4\xf9\x10\x11\x51\x07\x5c\x09\x1c\x50\xea\xec\
\xf6\xad\x6b\xf9\xc3\xb1\x5b\xb0\xeb\xb0\x1e\xa5\x8e\x96\x24\x49\
\x92\x24\xa9\x22\x3c\xf5\xfa\x42\x76\x3e\xfb\x49\x66\xce\xcf\xf2\
\x35\xd3\x43\xc0\x17\x53\x4a\xf3\x73\x84\x57\x0a\x4b\x9b\x0f\x10\
\x11\xad\x81\xf1\xc0\xde\xa5\xce\xee\xda\xbe\x8e\x5b\xbe\x3d\x9c\
\xed\x07\x77\x2d\x75\xb4\x24\x49\x92\x24\x49\x15\xe5\x95\xb7\x97\
\xb0\xd3\xcf\x9e\xe4\xa5\x59\x59\xbe\x66\x7a\x02\xd8\x39\xa5\x34\
\x3b\x47\x78\x25\xb0\xb4\xf9\x0f\x11\xd1\x1e\x98\x00\xec\x5c\xea\
\xec\x75\xbb\xb4\xe6\xce\x93\x46\x30\x62\xc3\x4e\xa5\x8e\x96\x24\
\x49\x92\x24\xa9\x22\x4d\x9f\xb7\x8c\x5d\xce\x9e\xc8\xa4\x69\x0b\
\x73\xc4\x4f\x06\x3e\x97\x52\x7a\x2b\x47\x78\xd1\x2c\x6d\xde\x27\
\x22\x3a\x00\x37\x03\x9f\x2d\x75\xf6\x46\x3d\xdb\x72\xcf\xc9\x5b\
\x32\xa8\x77\xfb\x52\x47\x4b\x92\x24\x49\x92\x54\xd1\xe6\x2e\xaa\
\x67\xb7\x73\x26\xf2\xe8\xd4\x2c\x5f\x33\xbd\x42\x53\x71\xf3\x72\
\x8e\xf0\x22\x59\xda\xac\x14\x11\xdd\x69\xba\x85\xfa\x7f\x4a\x9d\
\x3d\x64\xbd\x0e\xdc\x33\x76\x4b\xd6\xef\xd6\xa6\xd4\xd1\x92\x24\
\x49\x92\x24\x55\x85\x85\x4b\x1b\xd8\xfd\xdc\xa7\xb8\x7f\xf2\xdc\
\x1c\xf1\xaf\xd1\x54\xdc\x4c\xcd\x11\x5e\x14\x4b\x1b\x20\x22\x7a\
\x01\x77\x03\xc3\x4b\x9d\x3d\x74\xfd\x0e\xdc\x3b\x76\x4b\xfa\x74\
\xb5\xb0\x91\x24\x49\x92\x24\xb5\x6c\xcb\xea\x1b\xf9\xd2\x05\xcf\
\xf0\xa7\x27\xde\xce\x11\x3f\x13\xd8\x29\xa5\xf4\x74\x8e\xf0\x22\
\xb4\xf8\xd2\x26\x22\xfa\x00\xf7\x00\x9b\x95\x3a\x7b\xeb\x7e\x9d\
\xb8\xeb\xe4\x2d\xe9\xd1\xb1\x55\xa9\xa3\x25\x49\x92\x24\x49\xaa\
\x4a\xcb\xeb\x1b\xd9\xff\xa2\x67\xb9\xf1\x1f\xb3\x72\xc4\xcf\x05\
\x76\x4d\x29\xfd\x2d\x47\x78\xb9\xb5\xe8\xd2\x26\x22\x06\xd1\x74\
\xc2\xa6\x5f\xa9\xb3\xb7\x1f\xdc\x95\xdb\x4e\x18\x4e\xe7\x76\x75\
\xa5\x8e\x96\x24\x49\x92\x24\xa9\xaa\xd5\x37\x24\x0e\xbc\xf8\x39\
\xc6\x3f\x3a\x23\x47\xfc\x7c\x60\x54\x4a\xe9\xc1\x1c\xe1\xe5\x54\
\x53\xf4\x02\x45\x89\x88\xad\x69\x7a\xd7\xbd\x5f\xa9\xb3\x3f\xbd\
\x69\x37\x6e\x3f\x71\x84\x85\x8d\x24\x49\x92\x24\x49\x1f\xa0\xae\
\x36\xb8\xe6\x88\xa1\x1c\xf2\x99\xf5\x72\xc4\x77\x01\xee\x89\x88\
\x7d\x72\x84\x97\x53\x8b\x2c\x6d\x22\xe2\xb3\xc0\x9f\x81\x5e\xa5\
\xce\xde\x75\x58\x0f\xee\x38\x71\x04\x9d\xda\xd6\x96\x3a\x5a\x92\
\x24\x49\x92\xa4\x66\xa3\x26\x82\x8b\x0f\x1a\xc2\xf1\x3b\xf7\xcd\
\x11\xdf\x06\xf8\x5d\x44\x1c\x9e\x23\xbc\x5c\x5a\x5c\x69\x13\x11\
\xa3\x81\xdb\x80\xce\xa5\xce\x1e\xb5\x65\x4f\x6e\x3a\x7e\x18\xed\
\x5a\xb7\xb8\xff\xac\x92\x24\x49\x92\x24\xad\xb6\x08\x38\xf7\x80\
\xc1\xfc\x60\xcf\xfe\x39\xe2\x6b\x81\x5f\x47\xc4\x99\x39\xc2\xcb\
\xa1\x45\xb5\x0b\x11\x71\x1c\x70\x03\xd0\xb6\xd4\xd9\x07\x7c\xb2\
\x37\x13\x8e\x1d\x46\x9b\xba\x16\xf5\x9f\x54\x92\x24\x49\x92\xa4\
\xb5\x76\xc6\xe8\x01\x9c\x31\x7a\x40\xae\xf8\xb1\x11\x71\x7e\x44\
\x54\xdd\x5f\xd8\x5b\xc4\x45\xc4\x11\x11\xc0\x69\x2b\x7f\x25\x77\
\xd8\xff\xae\xcf\x45\x5f\xdf\x84\x9a\x88\x1c\xf1\x92\x24\x49\x92\
\x24\xb5\x08\xbf\xba\xf7\x0d\x8e\xb9\x66\x0a\x99\xaa\x8a\x9b\x80\
\xfd\x53\x4a\x4b\xb3\xa4\x67\xd0\xec\x4b\x9b\x88\xa8\x05\x2e\x02\
\x0e\xcd\x91\xff\xcd\xcf\x6d\xc0\xf9\x63\x36\xc1\xbe\x46\x92\x24\
\x49\x92\xa4\xb5\x77\xc9\x03\x6f\x72\xc4\x15\x53\x68\xcc\xd3\x57\
\x3c\x00\xec\x99\x52\x9a\x9f\x23\xbc\xd4\x9a\x75\x69\x13\x11\x1d\
\x81\xdf\x01\xbb\xe5\xc8\xff\xc1\x9e\xfd\x73\x1e\xdf\x92\x24\x49\
\x92\x24\xa9\x45\xba\xee\x91\x19\x7c\xfd\x92\xe7\xa8\x6f\xc8\xd2\
\x59\x3c\x49\xd3\x93\xe0\x6f\xe6\x08\x2f\xa5\x66\x5b\xda\x44\xc4\
\x7a\xc0\xcd\xc0\xd6\xa5\xcf\x86\xb3\xbe\x34\x88\x13\xbf\xb0\x61\
\xa9\xa3\x25\x49\x92\x24\x49\x12\x70\xeb\xc4\xd9\xec\x7b\xfe\xd3\
\x2c\x5d\xd1\x98\x23\xfe\x2d\x60\xf7\x94\xd2\x3f\x73\x84\x97\x4a\
\xb3\x2c\x6d\x22\x62\x38\x70\x0b\x50\xf2\x77\xc3\x22\xe0\x97\x07\
\x0c\xe6\xd8\xcf\x67\x79\x92\x4c\x92\x24\x49\x92\x24\xad\x74\xff\
\xe4\xb9\xec\x7e\xee\x53\x2c\x5c\xda\x90\x23\x7e\x11\x70\x40\x4a\
\xe9\x4f\x39\xc2\x4b\xa1\xea\x6e\x4e\xfe\x38\x11\xb1\x0f\xf0\x08\
\x19\x0a\x9b\xba\xda\xe0\xaa\xc3\x36\xb3\xb0\x91\x24\x49\x92\x24\
\xa9\x0c\xfe\x77\x48\x37\x6e\x3b\x61\x04\x9d\xdb\xd5\xe5\x88\xef\
\x00\xdc\x18\x11\x27\xe4\x08\x2f\x85\x66\x73\xd2\x66\xe5\x0b\x51\
\x27\x03\x3f\x25\x43\x19\xd5\xba\xae\x86\xeb\x8e\xdc\x8c\x7d\xb6\
\xed\x55\xea\x68\x49\x92\x24\x49\x92\xf4\x11\xfe\xf9\xea\x02\x76\
\x39\xfb\x49\x66\x2f\x58\x91\x6b\xc4\xef\x80\x83\x53\x4a\x8b\x73\
\x0d\x58\x13\xcd\xa2\xb4\x89\x88\xce\xc0\xd5\xc0\x1e\x39\xf2\x3b\
\xb4\xa9\xe5\x0f\xc7\x6c\xc1\x2e\xc3\x7a\xe4\x88\x97\x24\x49\x92\
\x24\x49\x1f\xe3\xb9\x37\x17\xb1\xcb\xd9\x13\x99\x36\x27\xdb\x8b\
\xdd\x4f\x01\x7b\xa5\x94\x5e\xc9\x35\x60\x75\x55\x7d\x69\x13\x11\
\x9b\x03\x13\x80\x41\x39\xf2\x7b\x75\x6e\xcd\x6d\x27\x0c\x67\x9b\
\xfe\x9d\x73\xc4\x4b\x92\x24\x49\x92\xa4\x55\xf4\xfa\x3b\x4b\xd9\
\xe5\xec\x89\x4c\x7e\x6b\x51\xae\x11\xb3\x81\x2f\xa7\x94\xee\xcb\
\x35\x60\x75\x54\xf5\x9d\x36\x11\xf1\x35\xe0\x31\x32\x15\x36\xfd\
\x7a\xb6\xe5\xaf\xa7\x6e\x6d\x61\x23\x49\x92\x24\x49\x52\x05\xd8\
\xb0\x47\x5b\x1e\xfe\xfe\x36\x8c\x1c\xd4\x25\xd7\x88\x9e\xc0\x3d\
\x11\x71\x66\x44\xd4\xe6\x1a\xb2\xaa\xaa\xf2\xa4\x4d\x44\x74\x04\
\x7e\x0d\x1c\x90\x6b\xc6\xe6\x1b\x74\xe4\x8e\x13\x47\xb0\x41\xf7\
\x36\xb9\x46\x48\x92\x24\x49\x92\xa4\x35\xb0\x78\x79\x03\xfb\x5d\
\xf0\x0c\xb7\x4d\x9c\x9d\x73\xcc\x5f\x80\xfd\x53\x4a\x6f\xe5\x1c\
\xf2\x51\xaa\xae\xb4\x89\x88\xad\x80\xf1\xc0\x26\xb9\x66\x7c\x7a\
\xd3\x6e\xfc\xe9\xf8\x61\x74\x69\x9f\xe5\x76\x6a\x49\x92\x24\x49\
\x92\xb4\x96\x56\x34\x24\x0e\xb9\x6c\x32\x57\x3f\x34\x3d\xe7\x98\
\x59\xc0\x41\x29\xa5\xdb\x73\x0e\xf9\x30\x55\xf3\x79\x54\x44\xd4\
\x45\xc4\x58\xe0\x51\x32\x16\x36\x7b\x6c\xb5\x0e\x77\x9c\x38\xc2\
\xc2\x46\x92\x24\x49\x92\xa4\x0a\xd6\xaa\x36\xb8\xf2\xd0\xa1\x9c\
\xb6\x57\xff\x9c\x63\x7a\x01\xb7\x45\xc4\xd5\x11\xd1\x29\xe7\xa0\
\x0f\x52\x15\x27\x6d\x22\x62\x08\x70\x15\xb0\x6d\xce\x39\x5f\xff\
\x54\x1f\x2e\xf9\xc6\x10\xea\x6a\x23\xe7\x18\x49\x92\x24\x49\x92\
\x54\x42\xe3\xee\x9a\xc6\xb7\xc7\xbf\x48\x63\xde\x8e\xe3\x35\x9a\
\x4e\xdd\xdc\x9f\x73\xc8\xfb\x55\x74\x69\x13\x11\xad\x81\x93\x80\
\x53\x81\x76\xf9\xe6\xc0\x0f\x47\x0f\xe0\x7b\x7b\x64\x6d\xe7\x24\
\x49\x92\x24\x49\x52\x26\xe3\x1f\x9d\xc1\xc1\x97\x4e\x66\xe9\x8a\
\xc6\x9c\x63\x1a\x69\xba\x63\xf7\xd4\x94\xd2\xbc\x9c\x83\xa0\x82\
\x4b\x9b\x88\xf8\x34\x70\x21\x30\x34\xe7\x9c\x36\x75\x35\x5c\x76\
\xc8\x10\x0e\xf8\x64\xef\x9c\x63\x24\x49\x92\x24\x49\x52\x66\x8f\
\x4d\x9d\xcf\x9e\xe3\x26\x31\x73\xfe\xf2\xdc\xa3\x66\x02\x27\x03\
\xd7\xa4\x8c\xc5\x4a\xc5\x95\x36\x11\xd1\x17\x38\x13\xd8\x3f\xf7\
\xac\x75\xbb\xb4\xe6\x4f\xc7\x0f\x67\xbb\x8d\x7d\xd2\x5b\x92\x24\
\x49\x92\xa4\xe6\xe0\xe5\x59\x4b\x18\x75\xee\x53\x3c\xf7\xe6\xa2\
\x72\x8c\xfb\x33\x70\x5c\x4a\xe9\x99\x1c\xe1\x15\x53\xda\x44\x44\
\x37\xe0\x3b\xc0\x31\x64\xfc\x14\xea\x3d\xc3\xfa\x76\xe4\xe6\x6f\
\x0d\x67\xa3\x9e\x6d\x73\x8f\x92\x24\x49\x92\x24\x49\x65\x34\x6f\
\x71\x3d\xfb\x5d\xf0\x34\xf7\x3c\x33\xa7\x1c\xe3\x1a\x80\xab\x81\
\xd3\x52\x4a\xd3\x4a\x19\x5c\x78\x69\x13\x11\x1d\x80\x23\x81\x53\
\x80\xee\xe5\x98\xb9\xcf\xb6\xbd\xb8\xe2\xd0\xa1\x74\x6c\x5b\x5b\
\x8e\x71\x92\x24\x49\x92\x24\xa9\xcc\x1a\x1a\x13\x63\xaf\x9f\xca\
\x39\x77\xbc\x5e\xae\x91\x4b\x80\xf3\x81\xb3\x53\x4a\xb3\x4b\x11\
\x58\x58\x69\x13\x11\x3d\x81\x83\x81\xe3\x80\x3e\xe5\x99\x09\x27\
\xef\xb6\x11\xff\xb7\xef\x40\xc2\x07\xa2\x24\x49\x92\x24\x49\x6a\
\xf6\x7e\xf7\xd8\x4c\x0e\xbe\x74\x32\x8b\x97\x37\x94\x6b\xe4\x32\
\xe0\xf7\xc0\x8f\x52\x4a\x2f\xae\x4d\x50\xd9\x4b\x9b\x95\xcf\x77\
\x1f\x09\x7c\x03\xe8\x50\xae\xb9\x5d\xdb\xd7\x31\xfe\xa8\xcd\xd9\
\x75\x58\x8f\x72\x8d\x94\x24\x49\x92\x24\x49\x15\xe0\xc9\xd7\x16\
\x30\x7a\xdc\x24\x5e\x9d\xbd\xb4\x9c\x63\xeb\x81\xeb\x81\x0b\x52\
\x4a\x8f\xad\x49\x40\x59\x4a\x9b\x88\xe8\x08\xec\x47\xd3\xc9\x9a\
\x4f\x66\x1f\xf8\x1f\xb6\xee\xd7\x89\xeb\x8f\xde\x82\x8d\x7b\x65\
\xbf\x2a\x47\x92\x24\x49\x92\x24\x55\xa0\xd9\x0b\x56\xf0\xf5\x4b\
\x9e\xe3\xb6\x89\x25\xf9\x72\x69\x75\x3d\x07\x5c\x06\x5c\x9b\x52\
\x9a\xb5\xaa\xff\x52\xb6\xd2\x26\x22\x7a\x00\x5f\x00\xbe\xb8\xf2\
\x9f\x1d\xb3\x0c\xfa\x18\xc7\xec\xd4\x97\xb3\xbf\x32\x90\x36\x75\
\x35\x45\x8c\x97\x24\x49\x92\x24\x49\x15\x22\x25\xf8\xf9\x1d\xaf\
\x71\xea\x0d\x2f\xb1\xa2\xa1\x90\xeb\x62\x56\x00\xf7\x02\xb7\x00\
\xb7\x7e\xdc\xc5\xc5\x25\x2b\x6d\x56\xbe\xfe\xb4\xdd\xca\xdf\xe7\
\x80\x4f\x00\x85\xdd\xf4\xdb\xb5\x7d\x1d\x97\x1d\x32\x84\xd1\xdb\
\xf4\x2a\x6a\x05\x49\x92\x24\x49\x92\x54\x81\x1e\x9d\x3a\x9f\xaf\
\x5c\xf8\x0c\xaf\x95\xf7\x73\xa9\x0f\xf2\x24\x70\x37\xf0\x18\xf0\
\xb7\x94\xd2\xf4\xf7\xff\x9f\xab\x5c\xda\x44\x44\x0d\xd0\x65\xe5\
\xaf\xff\xfb\x7e\x1b\x03\x5b\x01\x83\x81\x8a\xb8\xde\x77\xfb\xc1\
\x5d\xb9\xe6\x88\xcd\xe8\xe7\x73\xde\x92\x24\x49\x92\x24\xe9\x03\
\xcc\x59\xb4\x82\x23\xae\x78\x9e\x1b\xfe\xbe\xca\x5f\x2b\x95\xc3\
\x34\xe0\xef\xc0\x4b\xc0\x2b\xff\x55\xda\x44\xc4\x50\xe0\xeb\x34\
\x9d\x94\xd9\x80\xa6\x92\xa6\x3d\xd0\xa6\xac\x6b\xae\x81\xb6\xad\
\x6a\xf8\xd1\xde\x1b\xf3\xed\x5d\xfb\x52\xe3\xf3\x50\x92\x24\x49\
\x92\x24\xe9\x63\xfc\xf6\xd1\x99\x1c\x7d\xf5\x14\xe6\x2c\x5a\x51\
\xf4\x2a\xff\xe5\x5f\xa5\x4d\x44\x74\x00\xc6\xd1\xf4\xaa\x53\xd5\
\x35\x1e\x5b\xf5\xeb\xc4\xd5\x87\x6f\xc6\x66\xeb\x97\xed\x41\x2a\
\x49\x92\x24\x49\x92\xd4\x0c\xbc\x35\x77\x19\x87\x5c\x36\x99\x3b\
\x26\xbd\x53\xf4\x2a\xff\x26\x52\x4a\x44\x44\x67\xe0\x3e\x60\x9b\
\xa2\x17\x5a\x5d\x6d\x5b\xd5\x70\xca\xa8\x7e\x9c\x32\xaa\x1f\xad\
\x6a\xab\xae\x6b\x92\x24\x49\x92\x24\x49\x15\x20\x25\xb8\xfc\xaf\
\x6f\x71\xf2\xef\xa6\x56\xcc\xa9\x9b\xf7\x4a\x9b\x1b\x81\xd1\x45\
\x2f\xb3\xba\x76\xde\xa2\x07\x17\x7c\x6d\x13\x06\xae\xeb\x53\xde\
\x92\x24\x49\x92\x24\x69\xed\xbd\xbd\x60\x39\x27\xfd\x76\x2a\x57\
\x3f\x3c\x9d\x4c\x0f\x6e\xaf\xb2\x00\x76\xa2\xe9\xa6\xe2\xaa\xb1\
\x7e\xb7\x36\xfc\x62\xff\x41\xec\xb7\xdd\xba\x45\xaf\x22\x49\x92\
\x24\x49\x92\x9a\xa1\xbf\x4e\x99\xc7\x51\x57\x3e\xcf\xb3\x6f\x2e\
\x2a\x6c\x87\x00\x6e\x02\xf6\x2c\x6c\x83\xd5\xd0\xbe\x75\x2d\xc7\
\xed\xdc\x97\x53\x46\xf5\xa3\x53\xdb\xc2\x5e\x13\x97\x24\x49\x92\
\x24\x49\x2d\xc0\x8a\x86\xc4\x05\xf7\x4c\xe3\x27\x37\xbf\xca\x3b\
\x0b\xcb\xff\xc9\x54\x00\xf3\x68\x7a\x21\xaa\x62\xd5\xd6\x04\x07\
\xed\xd0\x87\xd3\xf7\x1a\xc0\xfa\xdd\x2a\xfe\x11\x2b\x49\x92\x24\
\x49\x92\xd4\x8c\xcc\x5f\x5c\xcf\xcf\x6e\x7b\x8d\x71\x77\x4d\x63\
\xf1\xf2\x86\xb2\xcd\x0d\xa0\xe0\x2f\xb4\x3e\x5c\x04\xec\xbe\xe5\
\x3a\xfc\x74\xdf\x8d\x19\xea\xab\x50\x92\x24\x49\x92\x24\xa9\x40\
\x6f\xce\x5d\xc6\xe9\x37\xbd\xcc\x95\x0f\x4e\xa7\xbe\x21\x7f\x9d\
\x52\x93\x7d\xc2\x5a\x48\x09\xea\x1b\x13\x0d\x8d\x15\xdb\x2b\x49\
\x92\x24\x49\x92\xa4\x16\xa2\x31\x25\xea\x1b\x52\xd9\x2e\x28\xae\
\x8a\xcf\xa3\x6a\x22\x18\x33\xb2\x37\x3f\xdc\x7b\x00\x1b\xf6\x68\
\x5b\xf4\x3a\x92\x24\x49\x92\x24\xa9\x05\x99\xb3\x68\x05\x67\xde\
\xf2\x1a\xe7\xdf\x33\x8d\xa5\x2b\x1a\xcb\x36\xb7\xaa\x2e\x22\x6e\
\xdb\xaa\x86\xa3\x77\xda\x80\x53\x77\xef\x4f\xd7\xf6\x75\x45\xaf\
\x23\x49\x92\x24\x49\x92\x9a\xb1\x65\xf5\x8d\x8c\xbb\x6b\x1a\x67\
\xde\xfa\x2a\x73\x17\xd5\x97\x7d\x7e\x55\x3e\xf9\xdd\xbb\x4b\x6b\
\xce\xd9\x7f\x10\xfb\x7f\xa2\x77\xd1\xab\x48\x92\x24\x49\x92\xa4\
\x66\xe8\xcf\xcf\xcd\xe5\xa8\xab\x9e\x67\xca\xf4\xc5\x85\xed\x10\
\x29\x25\x22\xe2\x46\x60\x74\x61\x5b\xac\xa1\x1d\x37\xeb\xce\x85\
\x07\x6e\xc2\xe0\xde\xed\x8b\x5e\x45\x92\x24\x49\x92\x24\x35\x03\
\x33\xe7\x2f\xe7\xc4\xdf\xbe\xc8\x75\x8f\xce\x28\xdb\xdd\x35\x1f\
\xe6\xbd\xd2\xa6\x33\x70\x1f\xb0\x4d\xb1\xeb\xac\xbe\x36\x75\x35\
\x7c\x67\xd4\x46\x7c\x77\x54\x3f\x5a\xd7\x55\xf4\xbd\xca\x92\x24\
\x49\x92\x24\xa9\x42\xa5\x04\x97\x3c\xf0\x26\xdf\xf9\xfd\xd4\x42\
\x3e\x85\xfa\x20\x91\x56\xd6\x46\x11\xd1\x01\x18\x07\x7c\x83\xa6\
\xcf\xa6\xaa\xca\x88\x0d\x3b\x71\xd5\xe1\x43\x19\xd6\xb7\x63\xd1\
\xab\x48\x92\x24\x49\x92\xa4\x2a\xf2\xc6\x9c\x65\x1c\x72\xd9\x64\
\xee\x7a\xfa\x9d\xa2\x57\xf9\x37\xff\x2a\x6d\xfe\xf5\x3f\x44\x0c\
\x05\xbe\x0e\x7c\x02\xd8\x80\xa6\x97\xa5\xda\x01\x15\xff\x6c\x53\
\x9b\xba\x1a\x4e\x1f\xdd\x9f\x93\xbe\xb0\x11\xb5\x35\x55\xd7\x3b\
\x49\x92\x24\x49\x92\xa4\x32\xbb\xe6\xe1\x19\x1c\x7b\xcd\x14\xe6\
\x2d\xae\x8c\xd3\x35\xef\xf7\x5f\xa5\xcd\x47\xfe\xe1\x88\x6e\x40\
\x27\xa0\xff\xfb\x7e\x03\x81\x2d\x81\x4d\xa9\x90\x13\x3a\x9f\x18\
\xd8\x85\xab\x0f\xdf\x8c\x81\xeb\xb6\x2b\x7a\x15\x49\x92\x24\x49\
\x92\x54\x81\x66\x2f\x58\xc1\xa1\x97\x4f\xe6\x8f\xff\x7c\xbb\xe8\
\x55\xde\xef\x55\xe0\x1f\xc0\x4b\xc0\xcb\xab\x55\xda\x7c\x94\x88\
\xe8\x02\xfc\x0f\xb0\x1d\xb0\x23\xb0\x3d\x50\xd8\xbb\xdc\x9d\xdb\
\xd5\x71\xc9\x37\x36\x65\xbf\xed\xd6\x2d\x6a\x05\x49\x92\x24\x49\
\x92\x54\x81\x1e\x9c\x32\x8f\xfd\x2f\x7a\x86\x37\xe6\x2c\x2b\x72\
\x8d\x04\x3c\x01\xdc\x05\x3c\x06\xfc\x3d\xa5\x34\xf3\xfd\x7f\xa0\
\x64\xa5\xcd\x7f\x8a\x88\xee\xc0\x2e\xc0\x28\x60\x37\x9a\x4e\xe8\
\x94\xdd\x11\x9f\x5d\x9f\x73\x0f\x18\x4c\xdb\x56\x5e\x52\x2c\x49\
\x92\x24\x49\x52\x4b\xd6\x98\x12\x67\xde\xf2\x1a\xa7\xdd\xf4\x32\
\xf5\x0d\x85\x3c\x0d\xb5\x1c\xb8\x1b\xb8\x05\xb8\x35\xa5\xf4\xd6\
\x47\xfd\xe1\x6c\xa5\xcd\xbf\x0d\x69\xba\xe4\x78\x5f\x9a\x2e\x39\
\xde\x9e\x32\x7f\x46\x35\x7c\xc3\x8e\xfc\xfe\xe8\x2d\x7c\x1a\x5c\
\x92\x24\x49\x92\xa4\x16\x6a\xd6\xbb\xcb\x19\xf3\xeb\x67\xb9\xfb\
\x99\x39\x45\x8c\x9f\x04\x5c\x0e\x5c\x97\x52\x9a\xbd\xaa\xff\x52\
\x59\x4a\x9b\x7f\x1b\x18\x31\x08\x38\x12\x38\x14\x28\xdb\x53\x4f\
\x9d\xdb\xd5\x71\xed\x11\x9b\x31\x6a\xcb\x9e\xe5\x1a\x29\x49\x92\
\x24\x49\x92\x2a\xc0\xe3\xaf\xbc\xcb\xe8\x71\x4f\x33\x6d\xce\xd2\
\x72\x8e\x5d\x01\x8c\x07\x2e\x48\x29\x3d\xbe\x26\x01\x65\x2f\x6d\
\xfe\x35\x38\xa2\x33\x70\x10\x70\x32\xb0\x5e\x79\x66\xc2\xc9\xbb\
\x6d\xc4\x4f\xf7\xdd\x98\x9a\xa8\x88\x3b\x93\x25\x49\x92\x24\x49\
\x52\x46\xd7\x3d\x32\x83\xc3\x2e\x7f\x9e\xc5\xcb\x1b\xca\x35\x72\
\x21\x4d\xa7\x6a\xce\x49\x29\xbd\xbe\x36\x41\x85\x95\x36\xff\x5a\
\x20\xa2\x1d\x70\x38\x70\x2a\x50\x96\x63\x30\x7b\x6c\xb5\x0e\x57\
\x1f\x3e\x94\xce\xed\x0a\xbb\x27\x59\x92\x24\x49\x92\x24\x65\xb4\
\xa2\x21\x71\xc2\xf8\x17\x39\xff\x9e\x69\xe5\x1a\xb9\x18\xf8\x25\
\xf0\xf3\x94\xd2\xdc\x52\x04\x16\x5e\xda\xbc\x67\xe5\xeb\x53\x27\
\x03\xc7\x03\xd9\x2f\x9f\x19\xba\x7e\x07\x6e\xf9\xd6\x70\x06\xf4\
\xf2\x59\x70\x49\x92\x24\x49\x92\x9a\x93\x39\x8b\x56\xb0\xcf\x79\
\x4f\x73\xff\xe4\x92\x74\x27\x1f\xa7\x1e\xb8\x02\x38\xfd\xe3\x2e\
\x16\x5e\x5d\x15\x53\xda\xbc\x27\x22\xd6\x03\xfe\x0f\x18\x43\xe6\
\x0b\x8b\xd7\xe9\xd4\x9a\x9b\x8e\xdf\x82\x91\x83\xba\xe6\x1c\x23\
\x49\x92\x24\x49\x92\xca\x64\xea\xcc\x25\xec\x76\xce\x44\x5e\x98\
\xb1\xb8\x1c\xe3\xee\x02\x8e\x4f\x29\x3d\x9f\x23\xbc\xe2\x4a\x9b\
\xf7\x44\xc4\xa7\x80\x8b\x80\xcd\x72\xce\x69\x53\x57\xc3\x25\x07\
\x0f\x61\xcc\xc8\xde\x39\xc7\x48\x92\x24\x49\x92\xa4\xcc\x1e\x79\
\x71\x3e\x7b\xfe\x72\x12\x6f\x2f\x58\x9e\x7b\xd4\x0c\x60\x6c\x4a\
\xe9\xea\x9c\x43\x2a\xb6\xb4\x01\x88\x88\xd6\xc0\x09\xc0\xf7\x81\
\x6c\xdf\x31\x45\xc0\x0f\xf6\xec\xcf\x69\x7b\x0e\xc0\xfb\x89\x25\
\x49\x92\x24\x49\xaa\x3e\x57\x3f\x34\x9d\x43\x2f\x7f\x9e\xe5\xf5\
\x8d\x39\xc7\x34\x02\x17\x02\xdf\x4b\x29\xcd\xcf\x39\x08\x2a\xbc\
\xb4\x79\x4f\x44\x0c\x00\xae\x04\x3e\x95\x73\xce\x81\xdb\xf7\xe1\
\xd2\x83\x87\x50\x57\x6b\x73\x23\x49\x92\x24\x49\x52\xb5\x18\x77\
\xd7\x34\xbe\x35\xfe\x05\x32\x57\x1c\xaf\x02\x07\xa5\x94\x1e\xc8\
\x3a\xe5\x7d\xaa\xa2\xb4\x01\x88\x88\x5a\xe0\x44\xe0\x0c\xa0\x4d\
\xae\x39\xa3\xb6\xec\xc9\xf5\xdf\xdc\x82\x76\xad\x6b\x72\x8d\x90\
\x24\x49\x92\x24\x49\x25\x90\x12\x8c\xbd\x7e\x2a\x67\xdf\xfe\x5a\
\xd6\x31\xc0\x25\xc0\x09\x29\xa5\x85\x39\x07\xfd\xa7\xaa\x29\x6d\
\xde\x13\x11\xc3\x81\xf1\xc0\xd0\x5c\x33\xb6\x1f\xdc\x95\x9b\xbf\
\x35\x9c\x6e\x1d\x7c\x12\x5c\x92\x24\x49\x92\xa4\x4a\xb4\xbc\xbe\
\x91\x83\x2e\x99\xcc\xf8\x47\x67\xe4\x1c\x33\x1d\xf8\x7a\x4a\xe9\
\xee\x9c\x43\x3e\x4c\xd5\x95\x36\x00\x11\xd1\x0e\x38\x13\x38\x36\
\xd7\x8c\xa1\xeb\x77\xe0\xce\x93\x46\xd0\xb7\x7b\xdb\x5c\x23\x24\
\x49\x92\x24\x49\xd2\x1a\x58\xb4\xac\x81\x7d\xcf\x7f\x9a\x3b\x26\
\xbd\x93\x73\xcc\xfd\xc0\x01\x29\xa5\xe9\x39\x87\x7c\x94\xaa\x2c\
\x6d\xde\x13\x11\x63\x68\xba\x00\xa8\x63\x8e\xfc\x8d\x7a\xb6\xe5\
\xce\x93\x46\xb0\x69\x9f\x0e\x39\xe2\x25\x49\x92\x24\x49\xd2\x6a\
\x9a\xb3\x68\x05\x5f\x3c\xe7\x29\x1e\x9d\x9a\xed\x1e\xe0\x06\xe0\
\xc7\xc0\x8f\x52\x4a\x0d\xb9\x86\xac\x8a\xaa\x2e\x6d\x00\x22\x62\
\x08\x30\x01\xd8\x34\x47\x7e\xcf\x4e\xad\xb8\xf5\xdb\x23\xd8\x6e\
\xe3\xce\x39\xe2\x25\x49\x92\x24\x49\xd2\x2a\x7a\x75\xf6\x52\x76\
\x3e\xeb\x49\x5e\x98\xb1\x38\xd7\x88\x99\xc0\x97\x52\x4a\x7f\xc9\
\x35\x60\x75\x54\x7d\x69\x03\x10\x11\x9d\x68\x7a\x5d\x6a\x74\x8e\
\xfc\x0e\x6d\x6a\xf9\xfd\xd1\x5b\xf0\x85\xe1\x3d\x72\xc4\x4b\x92\
\x24\x49\x92\xa4\x8f\xf1\xec\x9b\x8b\xd8\xe5\xec\x27\x79\x63\xce\
\xb2\x5c\x23\x9e\x04\xf6\x4a\x29\x65\xbd\xd5\x78\x75\x34\x8b\x27\
\x92\x52\x4a\x0b\x80\x7d\x80\xef\xd0\xf4\x66\x7a\x49\x2d\x5a\xd6\
\xc0\x1e\xbf\x7c\x8a\x6b\x1e\xce\x7a\xb9\x91\x24\x49\x92\x24\x49\
\xfa\x00\x8f\xbf\xf2\x2e\x9f\xfe\xc9\x3f\x73\x16\x36\xd7\x01\x23\
\x2b\xa9\xb0\x81\x66\x72\xd2\xe6\xfd\x22\x62\x0f\xe0\x5a\x32\xdc\
\x73\x53\x5b\x13\x5c\xf2\x8d\x21\x1c\xb4\x43\x9f\x52\x47\x4b\x92\
\x24\x49\x92\xa4\x0f\xf0\xc0\xe4\xb9\x8c\x3a\xf7\x29\x16\x2e\xcd\
\x72\xbd\x4c\x03\xf0\xed\x94\xd2\x79\x39\xc2\xd7\x56\xb3\x2b\x6d\
\x00\x22\x62\x18\x70\x0b\xb0\x61\xe9\xb3\xe1\x17\xfb\x0f\xe6\xf8\
\x9d\xfb\x96\x3a\x5a\x92\x24\x49\x92\x24\xbd\xcf\x1d\x93\xde\x61\
\xef\xf3\x26\xb1\x64\x79\xc9\x3f\xaa\x01\x58\x08\xec\x9f\x52\xba\
\x25\x47\x78\x29\x34\xcb\xd2\x06\x20\x22\xfa\x00\x37\x03\xdb\xe4\
\xc8\x3f\x7d\xaf\x01\x9c\xb6\x57\xff\x1c\xd1\x92\x24\x49\x92\x24\
\xb5\x78\x37\x3f\x31\x9b\xfd\x2e\x78\x9a\x65\xf5\x59\x0a\x9b\x37\
\x81\xdd\x53\x4a\x4f\xe4\x08\x2f\x95\x66\x71\xa7\xcd\x07\x59\xf9\
\x8e\xfa\x67\x80\x3f\xe5\xc8\x3f\xfd\xa6\x97\xf9\xfe\x8d\x2f\xe7\
\x88\x96\x24\x49\x92\x24\xa9\x45\xbb\xe6\xe1\x19\xec\x7d\xfe\xa4\
\x5c\x85\xcd\xe3\xc0\xb6\x95\x5e\xd8\x40\x33\x3e\x69\xf3\x9e\x88\
\xa8\x05\x7e\x05\x1c\x9e\x23\xff\xa8\x1d\x37\xe0\xfc\xaf\x0d\xa6\
\x26\x22\x47\xbc\x24\x49\x92\x24\x49\x2d\xca\x6f\xee\x7f\x93\xa3\
\xae\x9c\x42\x63\x9e\xbe\xe2\xcf\x34\xbd\x10\xf5\x6e\x8e\xf0\x52\
\x6b\xf6\xa5\xcd\x7b\x22\x62\x2c\x70\x66\x8e\xec\x31\x23\x7b\x73\
\xf9\x21\x43\xa9\xab\xb5\xb8\x91\x24\x49\x92\x24\x69\x4d\x5d\x70\
\xcf\x1b\x1c\x7b\xed\x14\x32\x55\x15\x13\x80\x03\x52\x4a\x4b\xb3\
\xa4\x67\xd0\x6c\x3f\x8f\xfa\x4f\x29\xa5\x9f\x01\x47\x93\xe1\x49\
\xf0\x6b\x1e\x9e\xc1\x81\x17\x3f\x47\x7d\x43\xcb\x28\xc0\x24\x49\
\x92\x24\x49\x2a\xb5\x33\x6e\x7a\x85\x63\xae\xc9\x56\xd8\x8c\x03\
\xf6\xad\xa6\xc2\x06\x5a\xd0\x49\x9b\xf7\x44\xc4\x5e\xc0\x78\xa0\
\x6d\xa9\xb3\xbf\x38\xa2\x27\x37\x1c\xb3\x05\x6d\x5b\xb5\x98\x2e\
\x4c\x92\x24\x49\x92\xa4\xb5\xf6\x83\x1b\x5f\xe6\x47\x7f\x7a\x25\
\x47\x74\x02\x7e\x98\x52\x3a\x3d\x47\x78\x6e\x2d\xae\xb4\x01\x88\
\x88\xcf\x00\x7f\x04\xba\x94\x3a\x7b\x97\x61\x3d\x98\x70\xec\x30\
\xda\xb5\xb6\xb8\x91\x24\x49\x92\x24\xe9\xa3\xa4\x04\xdf\x1a\xff\
\x02\xe3\xee\x9a\x96\x23\xbe\x01\x38\x32\xa5\x74\x49\x8e\xf0\x72\
\x68\x91\xa5\x0d\x40\x44\x6c\x01\xdc\x01\xac\x5f\xea\xec\x1d\x36\
\xe9\xca\xad\x27\x8c\xa0\x53\xdb\xda\x52\x47\x4b\x92\x24\x49\x92\
\xd4\x2c\x34\x34\x26\x0e\xbb\xfc\x79\x2e\xff\xeb\x5b\x39\xe2\x97\
\x01\xfb\xa7\x94\x26\xe4\x08\x2f\x97\x16\x5b\xda\x00\x44\xc4\xc6\
\xc0\xdd\xc0\x80\x52\x67\x7f\x72\x50\x17\x6e\x3f\x61\x04\x5d\xda\
\xd7\x95\x3a\x5a\x92\x24\x49\x92\xa4\xaa\xb6\xa2\x21\xf1\xb5\xdf\
\x3c\xcb\xef\x1e\x9b\x99\x23\x7e\x2e\xf0\xc5\x94\xd2\x23\x39\xc2\
\xcb\xa9\x45\x97\x36\x00\x11\xd1\x1b\xb8\x07\xd8\xbc\xd4\xd9\x5b\
\xf5\xeb\xc4\x5d\x27\x6d\x49\xcf\x4e\xad\x4a\x1d\x2d\x49\x92\x24\
\x49\x52\x55\x5a\x5e\xdf\xc8\x57\x2e\x7c\x96\x09\x8f\xcf\xca\x11\
\x3f\x0b\xd8\x39\xa5\x34\x31\x47\x78\xb9\xb5\xf8\xd2\x06\x20\x22\
\x7a\x01\x77\x01\x23\x4a\x9d\x3d\x64\xbd\x0e\xdc\x3b\x76\x4b\xd6\
\xeb\xd6\xa6\xd4\xd1\x92\x24\x49\x92\x24\x55\x95\xc5\xcb\x1b\x18\
\x3d\xee\x69\xee\x7a\xfa\x9d\x1c\xf1\x33\x80\x9d\x52\x4a\xcf\xe4\
\x08\x2f\x82\xa5\xcd\x4a\x11\xd1\x8d\xa6\x3b\x6e\xb6\x2b\x75\xf6\
\x26\x7d\xda\x73\xcf\xd8\x2d\xe9\xdb\xbd\xe4\x0f\x56\x49\x92\x24\
\x49\x92\x54\x15\xde\x5d\x52\xcf\xee\xe7\x4e\xe2\x2f\xcf\xcf\xcd\
\x11\xff\x2a\xf0\xb9\x94\xd2\x4b\x39\xc2\x8b\x62\x69\xf3\x3e\x11\
\xd1\x81\xa6\x57\xa5\x3e\x57\xea\xec\x0d\x7b\xb4\xe5\xee\x93\xb7\
\x64\x93\x3e\xed\x4b\x1d\x2d\x49\x92\x24\x49\x52\x45\x9b\xb3\x68\
\x05\xbb\x9d\xf3\x14\x8f\x4d\x9d\x9f\x23\x7e\x0a\x4d\x27\x6c\xb2\
\x3c\x41\x55\x24\x4b\x9b\xff\x10\x11\x6d\x80\xeb\x81\x3d\x4a\x9d\
\xdd\xbd\x43\x2b\x6e\x3f\x71\x04\xdb\x6d\xdc\xb9\xd4\xd1\x92\x24\
\x49\x92\x24\x55\xa4\xe9\xf3\x96\xb1\xf3\xd9\x13\x79\x7a\xda\xc2\
\x1c\xf1\xcf\xd1\x54\xd8\x64\x79\x82\xaa\x68\x96\x36\x1f\x20\x22\
\x5a\x03\xd7\x01\xfb\x94\x3a\xbb\x63\xdb\x5a\x6e\x3a\x6e\x18\x9f\
\xdb\xac\x7b\xa9\xa3\x25\x49\x92\x24\x49\xaa\x28\x2f\xcf\x5a\xc2\
\x4e\x67\x3d\xc9\xcb\xb3\x96\xe4\x88\xff\x27\xb0\x4b\x4a\x69\x76\
\x8e\xf0\x4a\x60\x69\xf3\x21\x22\xa2\x0e\xb8\x02\xf8\x6a\xa9\xb3\
\xdb\xb5\xae\xe1\xfa\x6f\x6e\xc1\xa8\x2d\x7b\x96\x3a\x5a\x92\x24\
\x49\x92\xa4\x8a\xf0\xc4\xab\x0b\xd8\xf5\xe7\x13\x99\xf5\xee\xf2\
\x1c\xf1\x0f\xd2\xf4\xac\xf7\xbb\x39\xc2\x2b\x85\xa5\xcd\x47\x88\
\x88\x00\xce\x03\x8e\x2e\x75\x76\x6d\x4d\x70\xc9\x37\x86\x70\xd0\
\x0e\x7d\x4a\x1d\x2d\x49\x92\x24\x49\x52\xa1\xfe\x3a\x65\x1e\xbb\
\x9f\xfb\x14\xf3\x17\xd7\xe7\x88\x7f\x00\x18\x95\x52\xca\xf2\xbd\
\x55\x25\xa9\x29\x7a\x81\x4a\x96\x9a\x1a\xad\x63\x81\x73\x4b\x9d\
\xdd\xd0\x98\x38\xf8\xb2\xe7\xf8\xc5\x9d\xaf\x97\x3a\x5a\x92\x24\
\x49\x92\xa4\xc2\xdc\x3a\x71\x36\xbb\x9c\xfd\x64\xae\xc2\xe6\x36\
\x60\xd7\x96\x50\xd8\x80\x27\x6d\x56\x59\x44\xfc\x14\x38\x25\x47\
\xf6\xf7\xf7\xe8\xcf\x19\xa3\x07\x10\x91\x23\x5d\x92\x24\x49\x92\
\xa4\xf2\xb8\xea\xa1\xe9\x1c\x72\xd9\x64\xea\x1b\xb2\x74\x0d\x37\
\x00\x07\xa4\x94\x56\xe4\x08\xaf\x44\x96\x36\xab\x21\x22\xc6\x02\
\x67\xe6\xc8\xde\x6f\xbb\x75\xb9\xf2\xd0\xa1\xb4\x6b\xed\xe1\x27\
\x49\x92\x24\x49\x52\x75\x49\x09\xce\xf8\xe3\xcb\xfc\xf0\x8f\xaf\
\x90\xa9\x66\x18\x0f\x1c\x98\x52\xca\x72\x7c\xa7\x52\x59\xda\xac\
\xa6\x88\xf8\x26\x70\x3e\x50\xf2\x73\x31\x9f\x18\xd8\x85\x3f\x7d\
\x6b\x18\xeb\x74\x6a\x5d\xea\x68\x49\x92\x24\x49\x92\xb2\x58\x56\
\xdf\xc8\x21\x97\x4e\xe6\xda\x47\x66\xe4\x1a\x71\x31\x70\x64\x4a\
\xa9\x31\xd7\x80\x4a\x65\x69\xb3\x06\x22\xe2\x30\xe0\x22\x32\xdc\
\x09\xb4\x71\xaf\x76\xdc\x7a\xc2\x70\x36\xed\xd3\xa1\xd4\xd1\x92\
\x24\x49\x92\x24\x95\xd4\x3b\x0b\x57\x30\x7a\xdc\x24\xfe\x3a\x65\
\x5e\xae\x11\xbf\x02\x8e\x49\x2d\xb4\xbc\xb0\xb4\x59\x43\x11\xb1\
\x3f\x70\x15\x50\x57\xea\xec\xee\x1d\x5a\x71\xe3\xb1\x5b\xf0\x99\
\x21\xdd\x4a\x1d\x2d\x49\x92\x24\x49\x52\x49\x4c\x9d\xb9\x84\xdd\
\xce\x99\xc8\x0b\x33\x16\xe7\x1a\xf1\xb3\x94\xd2\x77\x72\x85\x57\
\x03\x4b\x9b\xb5\x10\x11\x7b\x03\xd7\x01\x6d\x4a\x9d\xdd\xa6\xae\
\x86\x4b\x0e\x1e\xc2\x98\x91\xbd\x4b\x1d\x2d\x49\x92\x24\x49\xd2\
\x5a\x79\x60\xf2\x5c\x46\x9f\x37\x89\xb9\x8b\xb2\x5c\x31\x93\x80\
\xb1\x29\xa5\xb3\x73\x84\x57\x13\x4b\x9b\xb5\x14\x11\x9f\x03\x6e\
\x02\x3a\x96\x3e\xbb\xe9\x65\xa9\xd3\xf7\xf2\x65\x29\x49\x92\x24\
\x49\x52\x65\xb8\xf2\xc1\xe9\x1c\x7e\xc5\xf3\x2c\xaf\xcf\x72\xc5\
\x4c\x03\x70\x78\x4a\xe9\xb2\x1c\xe1\xd5\xc6\xd2\xa6\x04\x22\x62\
\x1b\xe0\x0e\xa0\x67\x8e\xfc\x2f\x8e\xe8\xc9\x35\x47\x6c\x46\xd7\
\xf6\x25\xff\x12\x4b\x92\x24\x49\x92\xa4\x55\x52\xdf\x90\xf8\xde\
\x8d\x2f\xf1\xb3\x5b\x5f\xcb\x35\x62\x39\xf0\xd5\x94\xd2\x0d\xb9\
\x06\x54\x1b\x4b\x9b\x12\x89\x88\x21\xc0\xdd\xc0\x06\x39\xf2\x07\
\xae\xdb\x8e\x09\xc7\x0e\x63\x8b\xbe\x25\x3f\xd0\x23\x49\x92\x24\
\x49\xd2\x47\x7a\x6b\xee\x32\xf6\xbd\xe0\x69\x1e\x79\x71\x7e\xae\
\x11\x8b\x80\xd1\x29\xa5\xbb\x73\x0d\xa8\x46\x96\x36\x25\x14\x11\
\xfd\x80\x7b\x80\x81\x39\xf2\x3b\xb4\xa9\xe5\xe2\x6f\x6c\xca\xfe\
\x9f\xf0\x9e\x1b\x49\x92\x24\x49\x52\x79\x3c\x30\x79\x2e\x5f\xbe\
\xf0\x19\x66\xce\x5f\x9e\x6b\xc4\x3b\xc0\x17\x52\x4a\x7f\xcf\x35\
\xa0\x5a\x59\xda\x94\x58\x44\xac\x0b\xdc\x09\x8c\xc8\x35\x63\xcc\
\xc8\xde\x5c\x78\xe0\xa6\x74\x6c\x5b\x9b\x6b\x84\x24\x49\x92\x24\
\xa9\x85\xab\x6f\x48\xfc\xf8\xe6\x57\xf8\xf1\x9f\x5e\xa5\xa1\x31\
\x5b\x77\x30\x1d\xd8\x25\xa5\x34\x29\xd7\x80\x6a\x66\x69\x93\x41\
\x44\x74\x05\x6e\x01\xb6\xcf\x35\xa3\x5f\xcf\xb6\x5c\x77\xe4\xe6\
\x7c\x72\x50\x97\x5c\x23\x24\x49\x92\x24\x49\x2d\xd4\x6b\xb3\x97\
\xf2\xd5\x5f\x3f\xcb\x43\x2f\xcc\xcb\x39\xe6\x15\x60\xa7\x94\xd2\
\x4b\x39\x87\x54\x33\x4b\x9b\x4c\x22\xa2\x3d\x4d\xcf\x81\xef\x99\
\x6b\x46\xeb\xba\x1a\x4e\xdb\xb3\x3f\x27\xef\xb6\x11\x75\xb5\x3e\
\x2f\x25\x49\x92\x24\x49\x5a\x7b\x57\x3e\x38\x9d\xe3\xaf\x7b\x81\
\xf9\x8b\xb3\x3c\xe7\xfd\x9e\xbf\x03\xbb\xa7\x94\x66\xe6\x1c\x52\
\xed\x2c\x6d\x32\x8a\x88\x00\x4e\x5b\xf9\xcb\x66\x58\xdf\x8e\x5c\
\x76\xc8\x10\xb6\xe9\xdf\x39\xe7\x18\x49\x92\x24\x49\x52\x33\xf6\
\xda\xec\xa5\x1c\x7e\xc5\xf3\xdc\xf5\xf4\x3b\xb9\x47\x4d\x00\xc6\
\xa4\x94\x16\xe7\x1e\x54\xed\x2c\x6d\xca\x20\x22\x8e\x00\xce\x07\
\xb2\xbd\xd9\x5d\x57\x1b\x9c\xf4\x85\x8d\xf8\xfe\x1e\xfd\x69\xd7\
\xba\x26\xd7\x18\x49\x92\x24\x49\x52\x33\xd3\xd0\x98\xb8\xf0\xbe\
\x37\xf8\xee\x0d\x2f\xb1\x70\x69\x43\xee\x71\x67\x01\xa7\xa4\x94\
\x1a\x73\x0f\x6a\x0e\x2c\x6d\xca\x24\x22\x76\x02\x6e\x00\xb2\x5e\
\x42\xb3\x41\xf7\x36\xfc\x64\x9f\x8d\x19\x33\xb2\x0f\xe1\x17\x53\
\x92\x24\x49\x92\xa4\x8f\xf0\x97\xe7\xe7\x72\xfc\xb5\x2f\x32\xf1\
\xf5\x05\xb9\x47\xd5\x03\xc7\xa5\x94\x2e\xcc\x3d\xa8\x39\xb1\xb4\
\x29\xa3\x88\xd8\x02\xb8\x15\xd8\x30\xf7\xac\x1d\x36\xe9\xca\xb8\
\x31\x83\x19\xb1\x61\xa7\xdc\xa3\x24\x49\x92\x24\x49\x55\xe6\xd5\
\xd9\x4b\x39\xe9\xb7\x2f\xf2\x87\x7f\xcc\x2a\xc7\xb8\x79\xc0\xbe\
\x29\xa5\x7b\xcb\x31\xac\x39\xb1\xb4\x29\xb3\x88\xe8\x0d\xdc\x0c\
\x6c\x9b\x7f\x16\xec\x36\xbc\x27\x67\x8c\x1e\xc0\x56\xfd\x2c\x6f\
\x24\x49\x11\xcc\x90\x5a\x00\x00\x03\xd2\x49\x44\x41\x54\x92\x24\
\xa9\xa5\x9b\x36\x67\x29\x3f\xbf\xfd\x75\x2e\xbe\xff\x4d\x96\xae\
\x28\xcb\x17\x4a\xaf\x00\x5f\x4c\x29\x3d\x57\x8e\x61\xcd\x8d\xa5\
\x4d\x01\x56\xbe\x2c\x75\x2d\xb0\x57\x39\xe6\xd5\x44\x30\x7a\x9b\
\x75\x38\x75\x8f\x7e\x9e\xbc\x91\x24\x49\x92\xa4\x16\xe8\x95\xb7\
\x97\xf0\xb3\x5b\x5f\xe3\x8a\x07\xa7\xb3\xbc\xbe\x6c\xd7\xc9\x3c\
\x06\xec\x91\x52\x2a\xcb\x71\x9e\xe6\xc8\xd2\xa6\x20\x11\x51\x43\
\xd3\xab\x52\xdf\x07\xca\x76\xfb\xcc\xf6\x83\xbb\x72\xe4\x8e\xeb\
\xb3\xcf\xb6\xbd\x68\x5d\xe7\x85\xc5\x92\x24\x49\x92\xd4\x5c\x35\
\xa6\xc4\x5d\x4f\xcf\xe1\xc2\x7b\xdf\xe0\xf6\xa7\xde\xa1\xb1\xbc\
\x7f\xff\xbf\x12\x38\x32\xa5\xb4\xb4\x9c\x43\x9b\x1b\x4b\x9b\x82\
\x45\xc4\x6e\xc0\x35\x40\xb7\x72\xce\xed\xd5\xb9\x35\x07\x7c\xb2\
\x37\x7b\x6f\xbb\x0e\x9f\x18\xd8\x85\x1a\x6f\x2d\x96\x24\x49\x92\
\xa4\x66\xe1\xe9\x69\x0b\xb9\xf1\xf1\x59\x5c\xfb\xf0\x0c\x5e\x9a\
\xb5\xa4\xdc\xe3\x97\xd1\x74\xe1\xf0\x6f\xca\x3d\xb8\x39\xb2\xb4\
\xa9\x00\x11\xb1\x31\x70\x23\x30\xbc\x88\xf9\xeb\x75\x6b\xc3\x5e\
\x5b\xaf\xc3\xe7\x37\xef\xc1\xc8\xc1\x5d\xe8\xd1\xb1\x55\x11\x6b\
\x48\x92\x24\x49\x92\xd6\xc0\xc2\xa5\x0d\x3c\x3a\x75\x3e\xf7\x3d\
\x37\x87\x09\x8f\xbf\xcd\x8b\x33\x16\x17\xb5\xca\x34\x60\x9f\x94\
\xd2\xdf\x8b\x5a\xa0\xb9\xb1\xb4\xa9\x10\x11\xd1\x0e\x38\x0f\x38\
\xa4\xd8\x3d\x60\xc8\x7a\x1d\x18\x39\xa8\x2b\x9b\x6f\xd0\x81\x81\
\xeb\xb6\x67\xe0\xba\xed\xe8\xd7\xb3\xad\x9f\x53\x49\x92\x24\x49\
\x52\x81\x1a\x1a\x13\xaf\xbf\xb3\x94\xa9\x33\x97\xf0\xd2\xac\x25\
\x4c\x7e\x6b\x11\x8f\xbc\x38\x9f\x89\xaf\x2f\xa0\xbe\xa1\xf0\xbf\
\xdb\xdf\x01\x1c\x98\x52\x7a\xbb\xe8\x45\x9a\x13\x4b\x9b\x0a\x13\
\x11\xfb\x00\x17\x53\xe6\xcf\xa5\x56\x45\xb7\x0e\x75\x74\x68\x53\
\x4b\xfb\xd6\xb5\x74\x6a\x5b\x5b\xf4\x3a\x92\x24\x49\x92\xd4\xec\
\x2d\x5e\xde\xc8\xa2\x65\x0d\x2c\x58\x5a\xcf\xfc\xc5\x0d\xe5\xbe\
\x97\x66\x55\x2c\x03\x4e\x01\x7e\x99\x2c\x18\x4a\xce\xd2\xa6\x02\
\x45\x44\x5f\x9a\xee\xb9\xf9\x74\xd1\xbb\x48\x92\x24\x49\x92\xf4\
\x21\xa6\x00\x5f\x49\x29\x3d\x59\xf4\x22\xcd\x95\xdf\xbb\x54\xa0\
\x94\xd2\x34\x60\x47\xe0\x54\x9a\x5a\x4b\x49\x92\x24\x49\x92\x2a\
\x45\x02\x2e\x02\xb6\xb6\xb0\xc9\xcb\x93\x36\x15\x2e\x22\x06\x02\
\x97\xe2\xa9\x1b\x49\x92\x24\x49\x52\xf1\x5e\x06\x0e\x4d\x29\xfd\
\xb9\xe8\x45\x5a\x02\x4f\xda\x54\xb8\x94\xd2\x54\xe0\x7f\x81\xc3\
\x81\x85\x05\xaf\x23\x49\x92\x24\x49\x6a\x99\xea\x69\x7a\x3c\x67\
\x98\x85\x4d\xf9\x78\xd2\xa6\x8a\x44\x44\x7f\xe0\x1c\x60\xaf\xa2\
\x77\x91\x24\x49\x92\x24\xb5\x18\x0f\x03\xc7\xa6\x94\x9e\x28\x7a\
\x91\x96\xc6\x93\x36\x55\x24\xa5\xf4\x4a\x4a\x69\x34\xf0\x59\x60\
\x52\xd1\xfb\x48\x92\x24\x49\x92\x9a\xb5\x37\x81\x03\x81\x4f\x59\
\xd8\x14\xc3\x93\x36\x55\x2a\x22\x6a\x81\xc3\x80\x1f\x02\x3d\x0b\
\x5e\x47\x92\x24\x49\x92\xd4\x7c\x2c\x06\xce\x06\xce\x4a\x29\x2d\
\x2e\x7a\x99\x96\xcc\xd2\xa6\xca\x45\x44\x47\xe0\x68\xe0\x04\x2c\
\x6f\x24\x49\x92\x24\x49\x6b\x6e\x11\x4d\xaf\x42\x9d\x9d\x52\x9a\
\x55\xf4\x32\xb2\xb4\x69\x36\x22\xa2\x03\x70\x08\x30\x16\xe8\x53\
\xf0\x3a\x92\x24\x49\x92\xa4\xea\xb1\x08\xb8\x0c\x38\x33\xa5\x34\
\xbd\xe8\x65\xf4\xff\xb3\xb4\x69\x66\x56\x96\x37\x63\x80\x23\x81\
\x61\x05\xaf\x23\x49\x92\x24\x49\xaa\x5c\xaf\x02\xbf\x01\x2e\x4d\
\x29\xcd\x2e\x78\x17\x7d\x00\x4b\x9b\x66\x2c\x22\xb6\xa6\xe9\xde\
\x9b\x31\x40\xbb\x82\xd7\x91\x24\x49\x92\x24\x15\xaf\x11\xf8\x33\
\x70\x31\x70\x53\x4a\xa9\xbe\xe0\x7d\xf4\x11\x2c\x6d\x5a\x80\x88\
\x58\x07\x18\x0d\xec\x03\x7c\x06\xa8\x2b\x74\x21\x49\x92\x24\x49\
\x52\x39\x25\xe0\x6f\xc0\x04\xe0\x86\x94\xd2\xab\xc5\xae\xa3\x55\
\x65\x69\xd3\xc2\x44\x44\x0f\x60\x77\x9a\x4a\x9c\x4f\x03\x9d\x8a\
\xdd\x48\x92\x24\x49\x92\x94\xc1\x52\xe0\x51\xe0\x8f\xc0\x84\x94\
\xd2\x1b\x05\xef\xa3\x35\x60\x69\xd3\x82\xad\x7c\x36\x7c\x53\x60\
\x24\xb0\x3d\xf0\x29\xa0\x5f\x91\x3b\x49\x92\x24\x49\x92\xd6\xc8\
\x02\x9a\x4e\xd3\x3c\x0c\x3c\x04\x3c\x94\x52\x5a\x5a\xec\x4a\x5a\
\x5b\x96\x36\xfa\x37\x11\xd1\x1d\x18\xb8\xf2\xb7\x31\x30\x08\x58\
\x0f\xe8\x0a\x74\x04\x3a\xac\xfc\x75\x2b\x6a\x47\x49\x92\x24\x49\
\x6a\x41\xde\xa5\xe9\x75\xa7\xc5\xc0\x3c\x60\x21\x30\x03\x98\xfa\
\xbe\xdf\x8b\x29\xa5\x99\x85\x6d\xa8\x6c\xfe\x1f\xfe\xbc\x26\xd0\
\x29\xca\x4b\x09\x00\x00\x00\x00\x49\x45\x4e\x44\xae\x42\x60\x82\
\
\x00\x00\x1d\x63\
\x89\
\x50\x4e\x47\x0d\x0a\x1a\x0a\x00\x00\x00\x0d\x49\x48\x44\x52\x00\
\x00\x04\x6d\x00\x00\x00\xac\x08\x06\x00\x00\x00\xc1\x95\x51\xc5\
\x00\x00\x00\x09\x70\x48\x59\x73\x00\x00\x0f\x61\x00\x00\x0f\x61\
\x01\xa8\x3f\xa7\x69\x00\x00\x00\x19\x74\x45\x58\x74\x53\x6f\x66\
\x74\x77\x61\x72\x65\x00\x77\x77\x77\x2e\x69\x6e\x6b\x73\x63\x61\
\x70\x65\x2e\x6f\x72\x67\x9b\xee\x3c\x1a\x00\x00\x1c\xf0\x49\x44\
\x41\x54\x78\x9c\xed\xdd\x7b\xf4\xe7\x63\xb9\xff\xf1\xe7\x35\xc3\
\x18\x33\xc3\xe4\xb0\x45\xa5\x9c\x2b\x94\x90\xfc\x84\xb2\x11\x76\
\x4c\xa1\x03\x66\x66\x53\xa1\xb6\x94\x43\x29\x74\x94\x4e\x52\x2a\
\x94\x53\xec\xd2\x41\x3a\xa0\x5f\x94\x50\x63\xda\x51\x08\xed\xd2\
\x99\x50\x62\x66\x22\x62\xc6\x98\x61\xbe\x73\xfd\xfe\xb8\xbf\xe3\
\x37\x4e\x63\x0e\x9f\xfb\xfd\xfe\x1c\x9e\x8f\xb5\x3e\x6b\x6a\x6f\
\xeb\x7a\x5d\x6b\xed\xd9\x7f\x78\xad\xfb\x7d\xdf\x91\x99\x48\x0b\
\x44\xc4\xea\xc0\x06\x0b\xfd\x36\x04\x9e\x0d\x8c\x03\xc6\x03\x63\
\x80\x15\x81\x55\xda\xda\x51\x92\x24\x49\x92\x06\xc8\x03\xc0\xec\
\xe1\xdf\xbf\x86\xff\x9c\x06\xdc\xb2\xf0\x2f\x33\xef\x6a\x6d\x43\
\x55\x13\x96\x36\x83\x2b\x22\x46\x02\x2f\x00\xb6\x05\xb6\x03\x5e\
\x01\x3c\xaf\xd5\xa5\x24\x49\x92\x24\x49\x4b\x63\x26\x70\x2d\x70\
\x35\x70\x15\x70\x75\x66\x3e\xd4\xee\x4a\x5a\x56\x96\x36\x03\x66\
\xf8\x24\xcd\x9e\xc0\x5e\x94\x92\x66\x5c\xbb\x1b\x49\x92\x24\x49\
\x92\x2a\x98\x4b\x29\x71\xbe\x07\x5c\x98\x99\x7f\x6d\x79\x1f\x2d\
\x05\x4b\x9b\x01\x10\x11\x6b\x00\xaf\x1b\xfe\xed\x00\x8c\x6c\x75\
\x21\x49\x92\x24\x49\x52\x93\x12\xb8\x1e\xb8\x00\xf8\x4e\x66\xde\
\xda\xf2\x3e\x5a\x4c\x96\x36\x7d\x2c\x22\xb6\x04\xde\x0a\xec\x0f\
\x8c\x6e\x79\x1d\x49\x92\x24\x49\x52\xfb\x12\xf8\x09\x70\x16\x70\
\x51\x66\xce\x6b\x79\x1f\x2d\x82\xa5\x4d\x9f\x89\x88\x95\x28\x25\
\xcd\x21\xc0\x26\x2d\xaf\x23\x49\x92\x24\x49\xea\x5e\x77\x50\xca\
\x9b\x2f\x65\xe6\x8c\xb6\x97\xd1\x13\x59\xda\xf4\x89\x88\x18\x07\
\x1c\x08\x1c\x0b\x3c\xb3\xe5\x75\x24\x49\x92\x24\x49\xbd\x63\x2e\
\x70\x2e\xf0\x11\x5f\xa1\xea\x2e\x96\x36\x3d\x2e\x22\x56\x06\x0e\
\x03\x8e\x04\x56\x6d\x79\x1d\x49\x92\x24\x49\x52\xef\x7a\x08\x38\
\x13\x38\x31\x33\xa7\xb5\xbd\x8c\x2c\x6d\x7a\x56\x44\x2c\x07\xbc\
\x1d\xf8\x30\x96\x35\x92\x24\x49\x92\xa4\xce\x79\x08\xf8\x1c\xf0\
\xc9\xcc\x9c\xd5\xf6\x32\x83\xcc\xd2\xa6\x07\x45\xc4\x4e\x94\xff\
\x07\x7a\x51\xdb\xbb\x48\x92\x24\x49\x92\xfa\xd6\x34\xe0\x38\xe0\
\xec\xcc\x9c\xdf\xf2\x2e\x03\xc9\xd2\xa6\x87\x44\xc4\xfa\x94\xb2\
\x66\x42\xdb\xbb\x48\x92\x24\x49\x92\x06\xc6\x75\xc0\x3b\x33\xf3\
\xba\xb6\x17\x19\x34\x96\x36\x3d\x20\x22\x46\x00\x07\x01\x27\x01\
\xe3\x5a\x5e\x47\x92\x24\x49\x92\x34\x78\xe6\x03\x67\x03\xef\xf6\
\x93\xa9\xe6\x58\xda\x74\xb9\x88\xd8\x04\x38\x07\xd8\xba\xed\x5d\
\x24\x49\x92\x24\x49\x03\xef\x36\xe0\xe0\xcc\xfc\x49\xdb\x8b\x0c\
\x82\x11\x6d\x2f\xa0\x27\x17\x11\x23\x23\xe2\x03\xc0\x0d\x58\xd8\
\x48\x92\x24\x49\x92\xba\xc3\xba\xc0\x15\x11\x71\x46\x44\xf8\x25\
\x48\x65\x9e\xb4\xe9\x42\x11\xf1\x5c\xe0\x6b\xc0\x2b\xda\xde\x45\
\x92\x24\x49\x92\xa4\xa7\x70\x1b\x30\x29\x33\x7f\xd1\xf6\x22\xfd\
\xca\xd2\xa6\xcb\x44\xc4\xbe\xc0\x19\xc0\xf8\xb6\x77\x79\x8c\x00\
\xc6\x02\xa3\x81\x15\x80\x15\xdb\x5d\x47\x92\x24\x49\x92\x06\xc2\
\xdc\xe1\xdf\x6c\xca\x43\xdc\x43\xed\xae\xf3\x24\x1e\x06\x3e\x08\
\x7c\xc6\x17\xa6\x3a\xcf\xd2\xa6\x4b\x44\xc4\x58\xe0\x8b\xc0\x01\
\xed\x2e\x02\x3c\x17\x78\x21\xf0\x3c\x60\xad\xe1\xdf\x1a\xc0\xc8\
\x16\xf7\x92\x24\x49\x92\xa4\x41\x97\xc0\xdd\x94\x87\xb8\xa7\x03\
\x77\x00\x7f\x04\xfe\x42\x37\x94\x39\x3f\x01\x26\x67\xe6\xf4\xb6\
\x17\xe9\x27\x96\x36\x5d\x20\x22\x36\x02\x2e\x00\x36\x6d\x65\x81\
\xd5\x81\x6d\x80\xcd\x29\x65\xcd\xd8\x56\xb6\x90\x24\x49\x92\x24\
\x2d\x8d\xb9\xc0\x9f\x81\x5f\x03\x3f\x07\xfe\xde\xda\x26\x77\x01\
\x6f\xcc\xcc\xab\x5b\xdb\xa0\xcf\x58\xda\xb4\x2c\x22\x5e\x0b\x9c\
\x4b\xd3\x9f\x43\xad\x02\xec\x00\xbc\x1c\xd8\x88\x72\xc2\x46\x92\
\x24\x49\x92\xd4\xfb\xfe\x06\xfc\x02\xb8\x92\x52\xa3\x34\xeb\x11\
\xe0\xa8\xcc\x3c\xa5\xf1\xe4\x3e\x64\x69\xd3\x92\x88\x18\x09\x7c\
\x14\x38\x86\x26\x2b\x93\x4d\x81\xff\xa0\x9c\xac\x59\xae\xb1\x54\
\x49\x92\x24\x49\x52\xd3\x12\xf8\x5f\xe0\x52\xe0\x3a\xa0\xd9\x1b\
\x67\xce\xa3\x3c\x0d\x3e\xbb\xd1\xd4\x3e\x63\x69\xd3\x82\xe1\xfb\
\x6b\xce\x03\x5e\xd3\x4c\x20\xb0\x1d\xf0\x46\xca\x3d\x35\x92\x24\
\x49\x92\xa4\xc1\x72\x37\x70\x21\x70\x05\xe5\xea\xe0\x66\xdc\x00\
\x4c\xc8\xcc\x69\x8d\x25\xf6\x19\x4b\x9b\x86\x45\xc4\x5a\xc0\xc5\
\xc0\x96\xf5\xc3\x80\x97\x02\x93\x80\xf5\xaa\xa7\x49\x92\x24\x49\
\x92\xba\xdd\xfd\xc0\xf7\x28\xff\x56\xda\x4c\x79\x73\x17\xa5\xb8\
\xb9\xb1\x91\xb4\x3e\x63\x69\xd3\xa0\x88\xd8\x0c\xb8\x04\x78\x4e\
\xf5\xb0\xcd\x80\x83\xf0\x64\x8d\x24\x49\x92\x24\xe9\x89\xee\x01\
\xbe\x02\xfc\x8c\xf2\x19\x55\x5d\x33\x81\x7d\x32\xf3\xd2\xea\x49\
\x7d\xc6\xd2\xa6\x21\x11\xb1\x0b\xf0\x1d\x60\xe5\xaa\x41\xab\x03\
\x93\x81\x1d\xab\xa6\x48\x92\x24\x49\x92\xfa\xc1\xcd\xc0\x97\x28\
\x4f\x87\xd7\x35\x04\x1c\x99\x99\xa7\x56\x4f\xea\x23\x96\x36\x0d\
\x88\x88\x77\x00\x9f\x07\x46\x56\x0b\x19\x09\xbc\x61\xf8\xb7\x7c\
\xb5\x14\x49\x92\x24\x49\x52\xbf\x49\xe0\x47\x94\x77\x8d\xeb\x5f\
\x1b\xfc\x79\xca\xeb\x52\x43\xd5\x93\xfa\x80\xa5\x4d\x45\xc3\x2f\
\x44\x7d\x1c\x38\xba\x6a\xd0\xba\xc0\x61\xc0\xfa\x55\x53\x24\x49\
\x92\x24\x49\xfd\xec\x3e\xe0\x74\xe0\x9a\xea\x49\x3f\xa2\x7c\x2e\
\xf5\x40\xf5\xa4\x1e\x67\x69\x53\xc9\xf0\x0b\x51\xdf\x04\x26\x54\
\x0b\x59\x0e\x98\x08\xec\x45\xcd\x33\x3c\x92\x24\x49\x92\xa4\x41\
\x32\x15\x38\x13\x78\xb0\x6a\xca\x8d\xc0\x1e\xbe\x2c\xb5\x68\x96\
\x36\x15\x44\xc4\x33\x28\x17\x0e\x6f\x5b\x2d\xe4\xd9\xc0\x51\x78\
\xba\x46\x92\x24\x49\x92\xd4\x79\xf7\x00\x27\x01\xbf\xab\x9a\x72\
\x3b\xb0\x4b\x66\xde\x5c\x35\xa5\x87\x59\xda\x74\x58\x44\xac\x49\
\x39\xea\xb5\x59\xb5\x90\x7f\x07\x0e\x01\x46\x57\x4b\x90\x24\x49\
\x92\x24\x0d\xba\xf9\xc0\x45\xc0\xd7\x29\xd7\x08\xd7\x31\x1d\xd8\
\x2d\x33\x7f\x5d\x2d\xa1\x87\x59\xda\x74\x50\x44\xac\x07\x5c\x01\
\xac\x57\x25\x60\x45\xca\xdd\x35\xf5\xce\xef\x48\x92\x24\x49\x92\
\xf4\x58\xbf\x07\x4e\x04\xee\xad\x96\x70\x1f\xe5\x53\xa9\x9f\x57\
\x4b\xe8\x51\x96\x36\x1d\x12\x11\x1b\x03\x97\x53\x3e\x5c\xea\xbc\
\x67\x03\xc7\x02\xcf\xad\x32\x5d\x92\x24\x49\x92\xa4\xa7\x76\x3f\
\xf0\x19\xa0\xde\x79\x98\xd9\xc0\xeb\x33\xf3\xd2\x6a\x09\x3d\xc8\
\xd2\xa6\x03\x22\x62\x2b\xe0\x52\x60\xb5\x2a\x01\x5b\x03\x47\x02\
\x63\xaa\x4c\x97\x24\x49\x92\x24\xe9\xe9\x0d\x51\x3e\x95\xba\x90\
\xf2\x4c\x78\xe7\x3d\x0c\xec\x9f\x99\xdf\xaa\x32\xbd\x07\x59\xda\
\x2c\xa3\x88\xd8\x0d\xf8\x2e\x30\xb6\xf3\xc3\x81\x49\xc0\x1b\x86\
\xff\xb3\x24\x49\x92\x24\x49\x6d\x9b\x0a\x9c\x0a\x3c\x52\x65\xfa\
\x7c\xe0\xed\x99\x79\x66\x95\xe9\x3d\xc6\xd2\x66\x19\x44\xc4\x3e\
\xc0\x57\x81\x51\x1d\x1f\x3e\x0a\x38\x1c\xd8\xbe\xe3\x93\x25\x49\
\x92\x24\x49\x5a\x36\xbf\x03\x3e\x01\xcc\xac\x96\xf0\xbe\xcc\xfc\
\x64\xb5\xe9\x3d\xc2\xd2\x66\x29\x45\xc4\x64\xe0\xcb\xc0\x72\x1d\
\x1f\xbe\x12\xf0\x3e\x60\x93\x8e\x4f\x96\x24\x49\x92\x24\xa9\x33\
\xa6\x03\xc7\x03\x7f\xaf\x96\x70\x62\x66\x1e\x5d\x6d\x7a\x0f\xb0\
\xb4\x59\x0a\x11\xf1\x5f\xc0\x17\x81\x11\x1d\x1f\xbe\x16\xf0\x21\
\x6a\x5d\x67\x2c\x49\x92\x24\x49\x52\xe7\xcc\x02\x3e\x09\xdc\x54\
\x2d\xe1\x74\xe0\x1d\x99\x39\xbf\x5a\x42\x17\xb3\xb4\x59\x42\x11\
\x71\x14\xe5\xb1\xb3\xce\xdf\x32\xf3\x42\xe0\xfd\xc0\xca\x1d\x9f\
\x2c\x49\x92\x24\x49\x52\x1d\xf3\x80\x2f\x00\x53\xaa\x25\x9c\x0d\
\xbc\x6d\x10\x8b\x1b\x4b\x9b\x25\x10\x11\x47\x03\x27\x54\x19\xbe\
\x13\x70\x28\x35\x3e\xb6\x92\x24\x49\x92\x24\xa9\xbe\x8b\x29\xf5\
\x4a\x9d\x9a\xe1\x7c\xe0\x3f\x33\x73\x5e\x95\xe9\x5d\xca\xd2\x66\
\x31\x45\xc4\x09\x40\x9d\x6f\xe9\x26\x02\xfb\x56\x99\x2c\x49\x92\
\x24\x49\x52\x73\xa6\x02\xa7\x50\x4e\xdf\x74\xde\x05\xc0\xc4\xcc\
\x7c\xb8\xca\xf4\x2e\x64\x69\xf3\x34\x22\x22\x80\xcf\x02\x47\x74\
\x7e\x38\x70\x20\xf0\x9a\x8e\x4f\x96\x24\x49\x92\x24\xa9\x1d\xbf\
\x06\x3e\x0e\xcc\xa9\x32\xfd\x52\xe0\x75\x99\xf9\x50\x95\xe9\x5d\
\xc6\xd2\x66\x11\x86\x0b\x9b\x53\x29\x1f\x2e\x75\xd6\x48\xe0\x9d\
\xc0\x8e\x1d\x9f\x2c\x49\x92\x24\x49\x52\xbb\xfe\x0c\x7c\x84\x5a\
\x4f\x82\xff\x14\x98\x90\x99\xf5\x1e\x1c\xef\x12\x96\x36\x4f\x21\
\x22\x96\x03\xbe\x02\x4c\xea\xf8\xf0\x15\x80\x63\x80\x2d\x3b\x3e\
\x59\x92\x24\x49\x92\xa4\xee\x70\x1b\x70\x1c\x70\x5f\x95\xe9\x57\
\x03\xbb\x67\xe6\xfd\x55\xa6\x77\x09\x4b\x9b\x27\x11\x11\xa3\x80\
\xf3\x80\xd7\x75\x7c\xf8\x58\xe0\x83\xc0\xc6\x1d\x9f\x2c\x49\x92\
\x24\x49\x52\x77\x99\x01\x7c\x08\x98\x56\x65\xfa\x8d\xc0\xae\x99\
\x79\x4f\x95\xe9\x5d\xc0\xd2\xe6\x71\x22\x62\x0c\x70\x21\xb0\x6b\
\xc7\x87\x3f\x83\xd2\x32\xae\xd7\xf1\xc9\x92\x24\x49\x92\x24\x75\
\xa7\xfb\x80\x0f\x03\xb7\x57\x99\xfe\x07\xe0\x55\x99\x79\x67\x95\
\xe9\x2d\xb3\xb4\x59\x48\x44\x8c\x05\xbe\x4f\x8d\x9b\x66\xd6\x00\
\x8e\x07\x9e\xd5\xf1\xc9\x92\x24\x49\x92\x24\x75\xb7\x59\x94\x7f\
\x27\xfe\x63\x95\xe9\xb7\x01\x3b\x67\xe6\xad\x55\xa6\xb7\xc8\xd2\
\x66\x58\x44\xac\x4a\xb9\x85\xfa\x65\x1d\x1f\xbe\x36\xe5\x2f\xe7\
\x6a\x1d\x9f\x2c\x49\x92\x24\x49\x52\x6f\x98\x03\x7c\x0c\xf8\x4d\
\x95\xe9\x7f\xa3\x14\x37\x37\x57\x99\xde\x12\x4b\x1b\x20\x22\xd6\
\x00\x2e\x07\x36\xeb\xf8\xf0\xb5\x29\x7f\x29\x57\xe9\xf8\x64\x49\
\x92\x24\x49\x92\x7a\xcb\x23\xc0\x89\xc0\xb5\x55\xa6\xcf\x00\x76\
\xc9\xcc\x3a\xb5\x50\x0b\x46\xb4\xbd\x40\xdb\x22\x62\x2d\x60\x0a\
\x35\x0a\x9b\x0d\x80\x13\xb0\xb0\x91\x24\x49\x92\x24\x09\x60\x79\
\xe0\x68\x60\xdb\x2a\xd3\x9f\x09\x4c\x8d\x88\xad\xab\x4c\x6f\xc1\
\x40\x97\x36\x11\xb1\x21\xf0\x73\x60\x93\x8e\x0f\xdf\x98\x72\xc2\
\x66\xa5\x8e\x4f\x96\x24\x49\x92\x24\xa9\x77\x2d\x07\x1c\x05\xec\
\x50\x65\xfa\x2a\xc0\x65\x11\xb1\x7d\x95\xe9\x0d\x1b\xd8\xd2\x26\
\x22\xb6\x04\xae\x02\xd6\xe9\xf8\xf0\x4d\x29\x37\x63\x8f\xe9\xf8\
\x64\x49\x92\x24\x49\x92\x7a\xdf\x48\xe0\x48\x60\xf7\x2a\xd3\xc7\
\x03\x57\x44\xc4\xeb\xab\x4c\x6f\xd0\x40\x96\x36\x11\xb1\x23\xe5\
\x93\xa8\x35\x3a\x3e\x7c\x4b\xca\xb3\xde\x2b\x76\x7c\xb2\x24\x49\
\x92\x24\x49\xfd\x23\x80\xb7\x02\xaf\xa9\x32\x7d\x05\xe0\xfc\x88\
\x78\x5b\x95\xe9\x0d\x19\xb8\xd2\x26\x22\xf6\x06\x7e\x00\xac\xdc\
\xf1\xe1\x2f\x03\xde\x07\x8c\xea\xf8\x64\x49\x92\x24\x49\x92\xfa\
\x4f\x00\x07\x01\xfb\x56\x99\x3e\x12\x38\x23\x22\x4e\xa8\x32\xbd\
\x01\x03\xf5\x7a\x54\x44\x1c\x0e\x7c\x96\x1a\x65\xd5\x0e\xc0\xe1\
\x94\xbf\x12\x92\x24\x49\x92\x24\x69\xc9\x7c\x0b\xf8\x46\xb5\xe9\
\x5f\x04\x0e\xcb\xcc\xf9\xd5\x12\x2a\x18\x88\xd2\x26\x22\x82\x72\
\xcb\xcc\x87\xab\x04\xec\x0a\xbc\x9d\xd2\x10\x4a\x92\x24\x49\x92\
\xa4\xa5\xf3\x03\xe0\x2c\xa0\x4e\x55\xf1\x3d\x60\xbf\xcc\x9c\x53\
\x65\x7a\x05\x7d\x5f\xda\x44\xc4\x48\xe0\x74\xe0\xe0\x2a\x01\xbb\
\x53\xbe\xc1\xb3\xb0\x91\x24\x49\x92\x24\x69\xd9\x5d\x06\x9c\x46\
\xad\xe2\x66\x2a\xb0\x67\x66\xde\x5f\x65\x7a\x87\xf5\x75\x69\x13\
\x11\xe3\x80\xf3\xa9\x75\x1f\xf5\xbe\xc0\xc4\x2a\x93\x25\x49\x92\
\x24\x49\x1a\x5c\x53\x81\x93\x81\xa1\x2a\xd3\xff\x17\xd8\x23\x33\
\xef\xac\x32\xbd\x83\xfa\xb6\xb4\x89\x88\x67\x01\xdf\xa7\xbc\xe7\
\xd4\xe1\xe1\xc0\x9b\x80\xbd\x3a\x3e\x59\x92\x24\x49\x92\x24\x01\
\xfc\x12\xf8\x14\xf0\x70\x95\xe9\xd3\x80\xd7\x64\xe6\xf5\x55\xa6\
\x77\x48\x5f\xbe\x1e\x15\x11\x9b\x01\xd7\x50\xab\xb0\x39\x08\x0b\
\x1b\x49\x92\x24\x49\x92\x6a\xda\x8a\x72\x33\xed\xe8\x2a\xd3\xd7\
\x02\xa6\x46\xc4\x9e\x55\xa6\x77\x48\xdf\x95\x36\x11\xf1\x7a\xe0\
\xe7\xc0\xda\x1d\x1f\x3e\x12\x38\x02\x98\xd0\xf1\xc9\x92\x24\x49\
\x92\x24\xe9\xf1\x5e\x44\x29\x6e\xc6\x54\x99\x3e\x16\xb8\x20\x22\
\x8e\xaa\x32\xbd\x03\xfa\xe6\xf3\xa8\xe1\x17\xa2\xde\x0b\x7c\x82\
\x1a\x65\xd4\x72\xc0\xbb\x81\x6d\x3b\x3e\x59\x92\x24\x49\x92\x24\
\x2d\xca\x2d\xc0\x71\xc0\x03\xd5\x12\xce\x07\x0e\xcc\xcc\xd9\xd5\
\x12\x96\x42\x5f\x94\x36\x11\xb1\x32\xf0\x55\xe0\xb5\x55\x02\x46\
\x03\xc7\x00\x5b\x54\x99\x2e\x49\x92\x24\x49\x92\x9e\xce\x1d\x94\
\x53\x37\xf7\x54\x4b\xf8\x35\xb0\x57\x66\xde\x56\x2d\x61\x09\xf5\
\x7c\x69\x13\x11\x9b\x02\x17\x02\x1b\x56\x09\x18\x4f\xf9\x4b\xb1\
\x41\x95\xe9\x92\x24\x49\x92\x24\x69\x71\xdd\x4d\x39\x71\x73\x47\
\xb5\x84\x7b\x80\xfd\x32\xf3\xc7\xd5\x12\x96\x40\x4f\xdf\x69\x13\
\x11\xfb\x53\x2e\x1c\xae\x53\xd8\xac\x01\x9c\x80\x85\x8d\x24\x49\
\x92\x24\x49\xdd\xe0\xdf\x28\x2f\x4a\xbd\xb0\x5a\xc2\xea\xc0\xe5\
\x11\x71\x72\x44\x2c\x5f\x2d\x65\x31\xf5\xe4\x49\x9b\x88\x18\x07\
\x9c\x01\x4c\xaa\x16\xf2\x3c\xca\x09\x9b\xd5\xab\x25\x48\x92\x24\
\x49\x92\xa4\xa5\x31\x97\x52\xde\xd4\x7d\xb0\xfb\xa7\xc0\xc4\xcc\
\xbc\xab\x6a\xca\x22\xf4\x5c\x69\x13\x11\x5b\x00\xe7\x01\xcf\xaf\
\x16\xb2\x29\xf0\x01\x6a\xdd\x4e\x2d\x49\x92\x24\x49\x92\x96\xd5\
\x10\x70\x2a\x30\xa5\x6a\xca\x3f\x80\x37\x67\xe6\x0f\xab\xa6\x3c\
\x85\x9e\x29\x6d\x22\x62\xc1\xfb\x4d\xc7\x03\xa3\xaa\x05\x6d\x0d\
\xbc\xa7\x6a\x82\x24\x49\x92\x24\x49\xea\x84\xa4\xbc\xfb\xf4\xcd\
\xea\x49\x5f\x03\x0e\xcd\xcc\x99\xd5\x93\x16\xd2\x13\xa5\x4d\x44\
\xbc\x10\x38\x17\xd8\xaa\x6a\xd0\x4e\xc0\x3b\x80\x91\x55\x53\x24\
\x49\x92\x24\x49\x52\x27\x5d\x0c\x9c\x4d\x29\x71\xea\xf9\x2b\xe5\
\xd4\xcd\x95\x55\x53\x16\xd2\xd5\xa5\x4d\x44\x8c\xa2\x9c\x7b\x79\
\x3f\xb0\x62\xbd\x20\x60\x22\xb0\x4f\xb5\x04\x49\x92\x24\x49\x92\
\x54\xd3\xff\x00\xa7\x00\x0f\x57\x4d\x99\x4f\xb9\x63\xf7\xfd\x99\
\xf9\xaf\xaa\x49\x74\x71\x69\x13\x11\xaf\x04\x4e\x03\x36\xae\x1a\
\xb4\x3c\xf0\x4e\x60\x87\xaa\x29\x92\x24\x49\x92\x24\xa9\xb6\x3f\
\x01\x1f\x07\xaa\xd7\x29\xcc\x00\xde\x0b\x7c\x2d\x2b\x16\x2b\x5d\
\x57\xda\x44\xc4\xda\x94\x87\xb6\x27\x56\x0f\x7b\x06\xe5\xc2\xe1\
\x8d\xaa\x27\x49\x92\x24\x49\x92\xa4\x26\xcc\xa0\xdc\x86\x7b\x47\
\x23\x69\x53\x80\xc3\x33\xf3\xb7\x35\x86\x77\x4d\x69\x13\x11\xab\
\x00\xc7\x50\xce\xbd\xd4\xfb\x14\x6a\x81\x75\x28\x85\xcd\x1a\xd5\
\x93\x24\x49\x92\x24\x49\x52\x93\x66\x53\x9e\x04\xff\x55\x23\x69\
\x43\x94\x8b\x8a\x3f\x94\x99\x1d\xad\x8a\x5a\x2f\x6d\x22\x62\x2c\
\x70\x08\x70\x2c\xb0\x6a\x23\xa1\xdb\x02\x87\x03\xa3\x1b\x49\x93\
\x24\x49\x92\x24\x49\x4d\x9b\x4f\x79\xd2\xe8\xa2\xc6\x12\xe7\x50\
\x1e\x21\x3f\x31\x33\xef\xe9\xc4\xc0\xd6\x4a\x9b\x88\x58\x1d\x38\
\x90\x52\x9f\xac\xd5\x4c\x28\xb0\x37\xb0\xff\xf0\x7f\x96\x24\x49\
\x92\x24\x49\xfd\xed\x67\x94\x2a\x65\x4e\x63\x89\x73\x81\x6f\x03\
\x1f\xcd\xcc\x9b\x97\x65\x50\xe3\xa5\xcd\xf0\xf3\xdd\x87\x00\x6f\
\x01\xc6\x36\x16\x3c\x16\x38\x0a\xd8\xb2\xb1\x44\x49\x92\x24\x49\
\x92\xd4\x0d\x6e\x05\x3e\x01\xfc\xa3\xd1\xd4\x79\x94\xf2\xe6\xd4\
\xcc\xbc\x66\x69\x06\x34\x52\xda\x44\xc4\x38\xe0\x8d\x94\x93\x35\
\x2f\xaf\x1e\xf8\x78\x1b\x50\xee\x74\x5e\xb3\xf1\x64\x49\x92\x24\
\x49\x92\xd4\x0d\x66\x02\x9f\x03\xae\x6f\x25\xfd\xf7\xc0\x39\xc0\
\xd7\x33\x73\xb1\xab\xa3\x6a\xa5\x4d\x44\xac\x06\xbc\x1a\xd8\x63\
\xf8\xcf\x71\x55\x82\x9e\xce\x1e\xc0\x9b\x29\x4f\x7b\x4b\x92\x24\
\x49\x92\xa4\xc1\x95\xc0\xf7\x80\xaf\x52\xae\x0f\x6e\xde\x23\xc0\
\x8f\x81\x8b\x81\x4b\x9e\xee\xe2\xe2\x8e\x95\x36\xc3\xaf\x3f\x6d\
\x3d\xfc\xdb\x19\xd8\x06\x18\xd9\x91\xe1\x4b\x63\x2c\x70\xd8\xf0\
\x16\x92\x24\x49\x92\x24\x49\x0b\xfc\x09\xf8\x34\x4d\x7f\x2e\xf5\
\x64\x7e\x05\x5c\x0e\x5c\x03\x5c\x9b\x99\xd3\x16\xfe\x5f\x2e\x76\
\x69\x13\x11\x23\x80\xf1\xc3\xbf\x75\x17\xfa\xad\x0f\x6c\x01\x6c\
\x44\xb7\x5c\xef\xbb\x31\xf0\x2e\x7c\xce\x5b\x92\x24\x49\x92\x24\
\x3d\xb9\x59\xc0\x69\xc0\x55\x6d\x2f\xf2\x18\x77\x00\xd7\x01\x7f\
\x01\x6e\x7b\x42\x69\x13\x11\x1b\x03\x6f\xa2\x9c\x51\x79\x0e\xa5\
\xa4\x19\x03\xac\xd0\xe8\x9a\x4b\x63\x14\x30\x09\xd8\x93\x6e\xa9\
\x8f\x24\x49\x92\x24\x49\x52\x37\xfb\x19\x70\x06\xe5\xce\x9b\x2e\
\xf3\x68\x69\x13\x11\x63\x81\x93\x29\xaf\x3a\xf5\x5e\xe5\xb1\x3e\
\x70\x24\xf0\xdc\xb6\x17\x91\x24\x49\x92\x24\x49\x3d\xe5\x3e\xca\
\xb3\xe0\xed\x5c\x52\xfc\x94\x22\x33\x89\x88\x95\x81\x9f\x00\x2f\
\x6d\x7b\xa1\x25\x36\x0a\x78\x3d\xf0\x06\xda\xbc\x41\x47\x92\x24\
\x49\x92\x24\xf5\xb2\xa4\x5c\x11\xfc\x15\xba\xe6\xd4\xcd\x82\xd2\
\xe6\x02\x60\xef\xb6\x97\x59\x62\x5b\x00\x6f\x03\xd6\x6a\x7b\x11\
\x49\x92\x24\x49\x92\xd4\x17\xee\xa7\x14\x37\x53\x28\x45\x4e\x8b\
\x02\x78\x15\xe5\xa6\xe2\xde\xb1\x1a\x70\x20\xb0\x5d\xdb\x8b\x48\
\x92\x24\x49\x92\xa4\xbe\xf4\x3b\xe0\x74\xe0\x6f\xed\xad\x10\xc0\
\x45\x94\xab\x7b\xbb\xdf\x0a\xc0\x04\xca\xa7\x50\x2b\xb6\xbc\x8b\
\x24\x49\x92\x24\x49\xea\x6f\x43\xc0\x0f\x80\x6f\x03\x0f\x34\x1f\
\x1f\xc0\xbf\x28\x2f\x44\x75\xaf\x11\xc0\xce\xc0\x7e\x94\x53\x36\
\x92\x24\x49\x92\x24\x49\x4d\x99\x0d\x7c\x17\xb8\x18\x98\xdb\x5c\
\x6c\xd0\xfa\x17\x5a\x4f\x63\x0b\xca\xa7\x50\x6b\xb7\xbd\x88\x24\
\x49\x92\x24\x49\x1a\x68\xff\x04\xbe\x49\x79\xca\x69\xa8\x7e\xdc\
\x88\xfa\x11\xcb\xe8\x2f\xc0\x0d\xc0\xc3\x6d\x2f\x22\x49\x92\x24\
\x49\x92\x06\x5a\x52\xca\x9a\x86\x8e\xbf\xf4\xc6\xe7\x51\x00\xab\
\x03\xfb\x50\x3e\x93\xf2\x69\x6f\x49\x92\x24\x49\x92\xd4\x94\x59\
\x94\xcf\xa3\x2e\xa1\xd1\x43\x25\xbd\x75\x11\x31\x94\xe7\xbd\x27\
\x01\xdb\x53\xb6\x97\x24\x49\x92\x24\x49\xaa\x61\x1e\xf0\x7d\x4a\
\x61\x33\xab\xf9\xf8\xde\x7c\xf2\x1b\x60\x63\xe0\xad\xc0\x7a\x6d\
\x2f\x22\x49\x92\x24\x49\x92\xfa\xce\x4d\x94\x27\xbf\xff\xde\xde\
\x0a\x91\x99\x44\xc4\x05\xc0\xde\xed\xad\xb1\x94\x46\x00\xbb\x02\
\x93\x81\x95\x5a\xde\x45\x92\x24\x49\x92\x24\xf5\xbe\xfb\x81\x73\
\x80\x9f\xd2\xfa\xd3\x4d\x0b\x4a\x9b\x95\x29\x77\x1f\xbf\xb4\xdd\
\x75\x96\xd2\x4a\xc0\xfe\xc0\x2e\xf8\xc9\x94\x24\x49\x92\x24\x49\
\x5a\x72\x49\xf9\x0e\xe9\x5c\x5a\xf9\x14\xea\xc9\x44\x66\xa9\x8d\
\x22\x62\x2c\x70\x32\xf0\x16\x7a\xb5\xfa\x78\x11\xf0\x4e\x60\xcd\
\xb6\x17\x91\x24\x49\x92\x24\x49\x3d\xe3\x1e\xe0\x0b\xc0\x8d\x6d\
\x2f\xf2\x58\x8f\x96\x36\x8f\xfe\x0f\x22\x36\x06\xde\x04\x6c\x03\
\x3c\x87\xf2\xb2\xd4\x8a\xc0\xe8\xa6\x97\x5b\x2a\x2b\x50\x2e\x2a\
\x7e\x0d\xbd\xf0\xa0\xb9\x24\x49\x92\x24\x49\x6a\xd3\x95\xc0\x59\
\xc0\x83\x6d\x2f\xf2\x44\x4f\x28\x6d\x16\xf9\x0f\x47\x3c\x83\xf2\
\x31\xd2\xba\xc0\x3a\x94\x6b\x80\xd7\x03\x5e\x42\xb9\x1a\xb8\x7b\
\x1e\xe3\xde\x08\x38\x82\x52\x3b\x49\x92\x24\x49\x92\x24\x2d\xec\
\x01\xe0\x8b\xc0\x2f\xda\x5e\xe4\x31\x6e\x07\x7e\x09\xfc\x05\xb8\
\x75\x89\x4a\x9b\x45\x89\x88\x71\xc0\x96\xc0\xcb\x80\x1d\x80\x7f\
\xa7\x9c\xd0\x69\xcf\x0a\xc0\x81\xc0\x6e\xad\x6e\x21\x49\x92\x24\
\x49\x92\xba\xc9\xef\x81\xcf\x50\x3e\x8b\x6a\x4f\x52\x3e\xc8\xba\
\x0c\xb8\x06\xb8\x2e\x33\x67\x2c\xfc\x0f\x74\xac\xb4\x79\xbc\x88\
\x18\x03\xec\x08\xec\x01\x4c\x00\x9e\x55\x25\x68\x71\xbc\x8c\x72\
\xd7\xcd\xf8\xd6\x36\x90\x24\x49\x92\x24\x49\x6d\x4b\xe0\x02\xe0\
\x1b\xc0\x50\x2b\x1b\x3c\x4c\xb9\xee\xf8\x62\xe0\x92\xcc\xbc\x6b\
\x51\xff\x70\xb5\xd2\xe6\x31\x21\x11\x23\x81\x9d\x80\x03\x80\xbd\
\x68\xe3\x04\xce\x2a\xc0\xe1\xc0\x16\x8d\x27\x4b\x92\x24\x49\x92\
\xa4\xb6\xdd\x0f\x7c\x8e\xb6\x2e\x1b\xfe\x0d\xf0\xdf\xc0\x37\x32\
\x73\xb1\xcf\xf7\x34\x52\xda\x3c\x26\x30\x62\x3c\xb0\x2f\x70\x18\
\xe5\x1e\x9c\x06\xc3\x81\xd7\x53\x2e\x2a\xf6\x92\x62\x49\x92\x24\
\x49\x92\x06\xc3\x2d\xc0\x27\x68\xfa\x73\xa8\x47\x80\x6f\x02\xa7\
\x66\xe6\xf5\x4b\x33\xa0\xf1\xd2\xe6\x31\xe1\x11\xdb\x01\x47\x03\
\xbb\xd3\xe4\x33\xe3\x9b\x00\xef\x01\x56\x6d\x2c\x51\x92\x24\x49\
\x92\x24\xb5\xe1\xa7\x94\xe7\xbc\xe7\x36\x96\x38\x8b\x72\xaa\xe6\
\xa4\xcc\xfc\xdb\xb2\x0c\x6a\xb5\xb4\x79\x74\x89\x88\xcd\x81\xe3\
\x28\x0f\x75\x37\x63\x15\xe0\x28\xe0\x45\x8d\x25\x4a\x92\x24\x49\
\x92\xa4\xa6\x0c\x51\xaa\x93\x8b\x1b\x4b\x9c\x0d\x9c\x0c\x7c\x26\
\x33\xef\xed\xc4\xc0\xae\x28\x6d\x16\x88\x88\xad\x81\x8f\x53\xee\
\xbf\xa9\x6f\x04\xb0\x3f\xb0\x77\x23\x69\x92\x24\x49\x92\x24\xa9\
\x09\x33\x81\x13\x80\x9b\x1a\x49\x9b\x07\x7c\x19\x38\xee\xe9\x2e\
\x16\x5e\x52\x5d\x55\xda\x2c\x10\x11\x3b\x52\x1e\xdf\xda\xbc\x91\
\xc0\x57\x50\x5e\x97\x5a\xa1\x91\x34\x49\x92\x24\x49\x92\x54\xcb\
\x34\xe0\x78\xe0\xce\x46\xd2\x2e\x07\x8e\xc8\xcc\x3f\xd4\x18\xde\
\x95\xa5\x0d\x40\x44\x8c\x00\x26\x53\xca\x9b\x7f\xab\x1e\xb8\x0e\
\xf0\x7e\xe0\x99\xd5\x93\x24\x49\x92\x24\x49\x52\x0d\x7f\xa4\x7c\
\xbf\x73\x7f\xf5\xa4\xe9\xc0\xd1\x99\xf9\xd5\x9a\x21\x5d\x5b\xda\
\x2c\x10\x11\xab\x01\x1f\x03\xde\x4a\xed\x37\x9f\x56\xa6\x5c\x8b\
\xec\x3d\x37\x92\x24\x49\x92\x24\xf5\x96\x2b\x29\x17\x0e\x3f\x52\
\x35\x65\x3e\x70\x1a\xf0\x81\xcc\xac\x5e\x0d\x75\x7d\x69\xb3\x40\
\x44\xfc\x1f\xe0\x1c\x6a\x3f\x13\x3e\x92\x52\x0f\xfd\x47\xd5\x14\
\x49\x92\x24\x49\x92\xd4\x29\x17\x03\x67\x03\x75\x2b\x8e\xdb\x81\
\x37\x67\xe6\xd4\xaa\x29\x0b\xe9\x99\xd2\x06\x20\x22\x96\x07\xde\
\x45\xf9\x3a\x6d\x54\xd5\xb0\x09\xc0\x41\x34\xf9\x10\xb9\x24\x49\
\x92\x24\x49\x5a\x12\x09\x9c\x0b\x5c\x58\x3d\xe5\x4b\xc0\xbb\x33\
\x73\x56\xd5\xa4\xc7\xe9\xa9\xd2\x66\x81\x88\xd8\x8c\xf2\x7f\x96\
\xcd\xaa\x06\x6d\x0b\x1c\x49\xed\x7a\x48\x92\x24\x49\x92\x24\x2d\
\xa9\x21\xca\x03\xdb\x53\xab\xa6\x4c\x07\x0e\xc8\xcc\xcb\xab\xa6\
\x3c\x85\x9e\x2c\x6d\xe0\xd1\x53\x37\xef\x07\x3e\x48\xcd\xbb\x6e\
\x36\x1a\x4e\x59\xa5\x5a\x82\x24\x49\x92\x24\x49\x5a\x12\x73\x80\
\x4f\x01\x37\x54\x4d\xb9\x12\x98\x94\x99\xd3\xaa\xa6\x2c\x42\xcf\
\x96\x36\x0b\x0c\x3f\x0f\x7e\x2e\xf0\x9c\x6a\x21\xab\x51\xaa\xa1\
\xf5\xaa\x25\x48\x92\x24\x49\x92\xa4\xc5\x31\x13\xf8\x28\xe5\xa5\
\xa8\x3a\x86\x28\x0f\x22\x7d\x34\x33\x87\xaa\xa5\x2c\x86\x9e\x2f\
\x6d\xe0\xd1\x17\xa6\xce\x01\x5e\x5b\x2d\x64\x0c\xe5\x65\xa9\xcd\
\xab\x25\x48\x92\x24\x49\x92\xa4\x45\xf9\x07\xf0\x61\xe0\xce\xaa\
\x09\xfb\x34\x79\xd9\xf0\xa2\xf4\x45\x69\x03\x10\x11\x41\xb9\xa4\
\xf8\x93\xc0\xf2\x55\x42\x46\x02\x6f\x03\x76\xab\x32\x5d\x92\x24\
\x49\x92\x24\x3d\x95\xbf\x52\x0a\x9b\x7b\xab\x25\x5c\x0f\xec\x9d\
\x99\x77\x54\x4b\x58\x42\x7d\x53\xda\x2c\x10\x11\x5b\x01\xdf\x06\
\xd6\xa9\x16\xe2\xcb\x52\x92\x24\x49\x92\x24\x35\xe7\x16\x4a\x61\
\x33\xb3\x5a\xc2\x37\x80\x83\x33\xf3\xa1\x6a\x09\x4b\xa1\xde\x05\
\xbe\x2d\xc9\xcc\x5f\x02\x5b\x01\xf5\x6e\x76\xbe\x18\x38\x85\xf2\
\x95\x9b\x24\x49\x92\x24\x49\xaa\xe7\x26\xca\x03\x41\x75\x0a\x9b\
\x21\xe0\xf0\xcc\x9c\xdc\x6d\x85\x0d\xf4\xe1\x49\x9b\x05\x22\x62\
\x24\xf0\x71\xe0\xbd\xd4\x3a\x13\xb3\x19\x70\x2c\xe5\xbe\x1b\x49\
\x92\x24\x49\x92\xd4\x59\x37\x50\x2e\x41\x79\xb8\xca\xf4\x59\xc0\
\xc4\xcc\xbc\xb8\xca\xf4\x0e\xe8\xdb\xd2\x66\x81\x88\xd8\x87\x72\
\x49\xf1\xd8\x2a\x01\x1b\x50\x8e\x68\x8d\xaf\x32\x5d\x92\x24\x49\
\x92\xa4\xc1\x74\x1d\x70\x22\xb5\x0a\x9b\xbb\x80\x09\x99\x79\x63\
\x95\xe9\x1d\xd2\xf7\xa5\x0d\x40\x44\xbc\x04\xf8\x1e\xf0\xbc\x2a\
\x01\x6b\x01\x1f\x01\xd6\xac\x32\x5d\x92\x24\x49\x92\xa4\xc1\x32\
\x15\x38\x99\x5a\xd7\x92\xdc\x40\x29\x6c\xa6\x55\x99\xde\x41\x03\
\x51\xda\xc0\xa3\xcf\x82\x5f\x04\x6c\x5f\x25\x60\x25\xe0\x83\xc0\
\x0b\xaa\x4c\x97\x24\x49\x92\x24\x69\x30\x5c\x06\x9c\x06\xd4\xa9\
\x2b\xa6\x00\x7b\x65\xe6\x03\x55\xa6\x77\x58\xdf\x5d\x44\xfc\x54\
\x32\xf3\x9f\xc0\xab\x80\xf3\xaa\x04\xcc\x04\x3e\x44\x79\x20\x4c\
\x92\x24\x49\x92\x24\x2d\xb9\x1f\x50\xb3\xb0\xb9\x10\xd8\xbd\x57\
\x0a\x1b\x18\xa0\xd2\x06\x20\x33\xe7\x02\x93\x29\xd7\x18\x75\xde\
\x1c\xca\xd5\xc7\x53\xaa\x4c\x97\x24\x49\x92\x24\xa9\x7f\x9d\x0f\
\x9c\x49\xad\xc2\xe6\x14\xe0\x0d\x99\x39\xa7\xca\xf4\x4a\x06\xe6\
\xf3\xa8\xc7\x8b\x88\x37\x51\xfe\x3a\x8c\xea\xfc\x70\x60\x5f\x60\
\xbf\x8e\x4f\x96\x24\x49\x92\x24\xa9\xff\x7c\x03\xf8\x56\x95\xc9\
\x09\x1c\x9f\x99\xc7\x55\x99\x5e\xd9\xc0\x96\x36\x00\x11\xb1\x2d\
\xe5\x82\xe2\xd5\xab\x04\xec\x01\x1c\x4c\xad\x07\xc7\x25\x49\x92\
\x24\x49\xea\x6d\x49\x79\xef\xf9\xfb\x55\xa6\x0f\x01\x87\x64\xe6\
\x97\xaa\x4c\x6f\xc0\x40\x97\x36\x00\x11\xb1\x01\x70\x09\xf0\xfc\
\x2a\x01\xdb\x00\xef\xa6\xc6\x79\x1e\x49\x92\x24\x49\x92\x7a\xd7\
\x7c\xe0\x0b\xc0\x8f\xab\x4c\x9f\x0b\x4c\xca\xcc\x0b\xaa\x4c\x6f\
\xc8\xc0\x97\x36\x00\x11\xb1\x3a\xe5\xc4\xcd\xb6\x55\x02\x36\x03\
\xde\x07\xac\x58\x65\xba\x24\x49\x92\x24\x49\xbd\x65\x08\xf8\x1c\
\xf0\x3f\x55\xa6\xff\x0b\xd8\x23\x33\xaf\xae\x32\xbd\x41\x03\x75\
\x11\xf1\x53\xc9\xcc\x7b\x80\x9d\x80\x6f\x57\x09\xf8\x35\xf0\x5e\
\xe0\x9f\x55\xa6\x4b\x92\x24\x49\x92\xd4\x3b\xe6\x01\x27\x52\xab\
\xb0\xb9\x17\xd8\xa5\x1f\x0a\x1b\xb0\xb4\x79\xd4\xf0\xcb\x52\x13\
\x29\x8f\x8b\x75\xde\x5f\x81\x63\x80\x3b\xab\x4c\x97\x24\x49\x92\
\x24\xa9\xfb\xcd\x05\x3e\x06\xfc\xa2\xca\xf4\xe9\xc0\x0e\x99\xf9\
\xcb\x2a\xd3\x5b\x60\x69\xb3\x90\xcc\x1c\xca\xcc\x43\x81\x0f\x50\
\xe3\x91\xb1\x19\x94\xe2\xe6\xe6\x8e\x4f\x96\x24\x49\x92\x24\xa9\
\xbb\x3d\x04\x7c\x04\xb8\xb1\xca\xf4\xdb\x81\xed\x32\xf3\xa6\x2a\
\xd3\x5b\xe2\x9d\x36\x4f\x21\x22\xf6\x07\xce\x06\x96\xef\xf8\xf0\
\x51\xc0\x11\xc0\x76\x1d\x9f\x2c\x49\x92\x24\x49\x52\xf7\x99\x09\
\x1c\x0f\xfc\xa9\xca\xf4\x3f\x03\x3b\x67\xe6\x1d\x55\xa6\xb7\xc8\
\xd2\x66\x11\x22\x62\x67\xe0\x42\x60\xa5\x8e\x0f\x1f\x01\x1c\x44\
\x79\x16\x5c\x92\x24\x49\x92\xa4\x7e\x75\x1f\xf0\x21\xca\xb5\x21\
\x9d\xf7\x07\x4a\x61\x73\x57\x95\xe9\x2d\xb3\xb4\x79\x1a\x11\xb1\
\x15\xe5\x49\xf0\x35\xaa\x04\x4c\xa0\x94\x37\x51\x65\xba\x24\x49\
\x92\x24\x49\xed\x99\x4e\x29\x6c\xa6\x57\x99\x7e\x03\xb0\xdb\xf0\
\xe3\x42\x7d\xc9\xd2\x66\x31\x44\xc4\x86\xc0\x8f\x80\xf5\xaa\x04\
\xbc\x1c\x78\x17\xe5\xb3\x29\x49\x92\x24\x49\x92\xfa\xc1\xad\xc0\
\x87\x81\xfb\xab\x4c\xbf\x0a\xd8\x3d\x33\x1f\xa8\x32\xbd\x4b\x58\
\xda\x2c\xa6\x88\x78\x26\xf0\x43\x60\x8b\x2a\x01\x1b\x01\x1f\x04\
\xc6\x57\x99\x2e\x49\x92\x24\x49\x52\x73\x7e\x07\x7c\x14\x98\x5d\
\x65\xfa\x54\x60\x42\x66\xce\xaa\x32\xbd\x8b\xf8\x7a\xd4\x62\xca\
\xcc\x19\xc0\x2b\x29\x27\x6e\x3a\xef\xcf\xc0\x7b\xf0\x49\x70\x49\
\x92\x24\x49\x52\x6f\xbb\x9e\x72\xc2\xa6\x4e\x61\xf3\x43\xe0\xd5\
\x83\x50\xd8\x80\x27\x6d\x96\x58\x44\x8c\x02\xbe\x02\xec\x57\x25\
\x60\x65\xca\xb3\xe0\x9b\x56\x99\x2e\x49\x92\x24\x49\x52\x3d\x53\
\x80\x53\x81\xa1\x2a\xd3\xbf\x03\x4c\xca\xcc\x47\xaa\x4c\xef\x42\
\x96\x36\x4b\x21\x22\x02\x38\x01\x78\x6f\x95\x80\x91\xc0\x64\xe0\
\x75\x55\xa6\x4b\x92\x24\x49\x92\xd4\x59\x09\x9c\x3f\xfc\xab\x53\
\x33\x9c\x07\x1c\x90\x99\xf3\xaa\x4c\xef\x52\x96\x36\xcb\x20\x22\
\x0e\x07\x3e\x4b\xad\xcf\xcc\x76\x00\xde\x81\x17\x14\x4b\x92\x24\
\x49\x92\xba\xd7\x23\x94\xd3\x35\x53\xab\x25\x9c\x05\x1c\x92\x99\
\xf3\xab\x25\x74\x29\x4b\x9b\x65\x14\x11\x93\x81\xff\x06\x96\xaf\
\x12\xf0\x02\xe0\x58\x60\x95\x2a\xd3\x25\x49\x92\x24\x49\x5a\x7a\
\x33\x81\x4f\x50\x2e\x1e\xae\xe3\x8b\xc0\x3b\x73\x40\xcb\x0b\x4b\
\x9b\x0e\x88\x88\x9d\x80\x0b\x29\x37\xd2\x74\xde\xaa\x94\xe2\xe6\
\xf9\x55\xa6\x4b\x92\x24\x49\x92\xb4\xe4\xa6\x01\xc7\x53\xf3\x41\
\x9d\x4f\x65\xe6\x31\xd5\xa6\xf7\x00\x4b\x9b\x0e\x89\x88\x2d\x81\
\x4b\x80\x35\xab\x04\x8c\x02\xde\x0e\xec\x58\x65\xba\x24\x49\x92\
\x24\x49\x8b\xef\x26\xca\x4d\xaf\x33\xab\x4c\x4f\xe0\x98\xcc\x3c\
\xb1\xca\xf4\x1e\x62\x69\xd3\x41\x11\xb1\x0e\xf0\x03\x60\xe3\x6a\
\x21\x13\x80\xb7\x50\x2e\x2b\x96\x24\x49\x92\x24\xa9\x69\x3f\xa1\
\x7c\xb4\x54\xe7\x4a\xe0\x21\xe0\xbf\x32\xf3\xec\x2a\xd3\x7b\x8c\
\xa5\x4d\x87\x45\xc4\x2a\x94\x4f\xa5\x76\xa8\x16\xb2\x21\xf0\x1e\
\x6a\x9d\xe9\x91\x24\x49\x92\x24\xe9\x89\x86\x80\xaf\x03\x17\x54\
\x4b\x78\x18\x98\x9c\x99\xdf\xa9\x96\xd0\x63\x2c\x6d\x2a\x88\x88\
\x51\xc0\x39\x94\x87\xbb\xeb\x18\x03\x1c\x0a\x6c\x5f\x2d\x41\x92\
\x24\x49\x92\xa4\xe2\x5e\xe0\x53\xc0\x1f\xaa\x25\x3c\x08\xbc\x2e\
\x33\x2f\xab\x96\xd0\x83\x2c\x6d\x2a\x89\x88\x00\x3e\x06\xbc\xaf\
\x5e\x08\xf0\x6a\xe0\xcd\xf8\x2c\xb8\x24\x49\x92\x24\xa9\x8e\xdf\
\x02\x9f\x06\xee\xab\x96\x70\x2f\xf0\xea\xcc\xbc\xb6\x5a\x42\x8f\
\xb2\xb4\xa9\x2c\x22\xde\x0c\x9c\x49\xad\x27\xc1\x01\xd6\x06\x8e\
\xa0\x7c\x36\x25\x49\x92\x24\x49\x52\x27\x0c\x01\xdf\x06\xbe\x05\
\xcc\xaf\x96\x32\x1d\xd8\x35\x33\x7f\x53\x2d\xa1\x87\x59\xda\x34\
\x20\x22\x76\x06\xbe\x0b\x8c\xaf\x16\x32\x12\xd8\x13\x98\x04\x2c\
\x57\x2d\x45\x92\x24\x49\x92\x34\x08\xee\x06\x4e\x02\x7e\x5f\x35\
\xe5\x36\x60\x97\xcc\xbc\xa5\x6a\x4a\x0f\xb3\xb4\x69\x48\x44\xbc\
\x04\xf8\xbf\xc0\x73\xab\x06\xad\x0f\xbc\x63\xf8\x4f\x49\x92\x24\
\x49\x92\x96\xd4\x14\xe0\x2c\x60\x76\xd5\x94\x5f\x02\x13\x32\x73\
\x46\xd5\x94\x1e\x67\x69\xd3\xa0\x88\x58\x8d\x72\xb8\x6c\xc7\xba\
\x41\xc0\x2e\x94\xbb\x6e\xc6\x54\x4d\x92\x24\x49\x92\x24\xf5\x8b\
\x7b\x81\xd3\x81\xfa\x37\xcb\x5c\x44\x79\x25\xaa\x6e\x2d\xd4\x07\
\x2c\x6d\x1a\x16\x11\xcb\x03\x9f\x07\xde\x5e\x3d\x6c\x75\xe0\x60\
\x60\x9b\xea\x49\x92\x24\x49\x92\xa4\x5e\x35\x1f\xb8\x14\x38\x17\
\x98\x53\x3d\xed\xd3\xc0\x31\x99\x59\xef\x96\x9c\x3e\x62\x69\xd3\
\x92\x88\x98\x0c\x7c\x09\x18\x5d\x3d\xec\xf9\xc0\x81\xc0\x0b\xaa\
\x27\x49\x92\x24\x49\x92\x7a\xc9\x6f\x81\xb3\x81\x5b\xab\x27\xcd\
\x03\x0e\xcf\xcc\xd3\xaa\x27\xf5\x11\x4b\x9b\x16\x45\xc4\xcb\x29\
\x17\x14\xaf\x55\x3f\x0c\x78\x25\x30\x19\x58\xa3\x7a\x9a\x24\x49\
\x92\x24\xa9\x9b\xfd\x03\xf8\x32\x70\x75\x23\x69\xf7\x03\x6f\xc8\
\xcc\x2b\x1a\x49\xeb\x23\x96\x36\x2d\x8b\x88\x67\x01\x17\x02\x5b\
\x37\x12\x38\x12\x78\x05\xf0\x46\xe0\xd9\x8d\x24\x4a\x92\x24\x49\
\x92\xba\xc5\x3d\x94\x1b\x65\x2e\x03\x1e\x6e\x24\xf1\x36\x60\x8f\
\xcc\xac\xfb\x0e\x55\x9f\xb2\xb4\xe9\x02\x11\x31\x1a\x38\x03\x38\
\xa0\xb1\xd0\x11\xc0\xf6\xc0\xde\xc0\xba\x8d\xa5\x4a\x92\x24\x49\
\x92\xda\x30\x83\x72\x5c\xe0\x0a\xca\x87\x4a\xcd\xb8\x06\xd8\xd3\
\x17\xa2\x96\x9e\xa5\x4d\x17\x89\x88\x43\x81\x93\x80\x15\x1a\x0d\
\x7e\x01\xb0\x2b\xa5\xc4\x19\xd5\x68\xb2\x24\x49\x92\x24\xa9\x96\
\x04\x6e\x04\x7e\x08\x5c\x3f\xfc\xdf\x9b\x73\x2e\x70\x48\x66\x3e\
\xd4\x68\x6a\x9f\xb1\xb4\xe9\x32\x11\xb1\x39\xf0\x2d\x60\xc3\xc6\
\xc3\xc7\x52\x8a\x9b\x6d\x80\x17\x53\x3e\xa5\x92\x24\x49\x92\x24\
\xf5\x96\xbf\x02\x3f\x07\xae\x04\xa6\x37\x9e\x3e\x17\x38\x22\x33\
\xcf\x68\x3c\xb9\x0f\x59\xda\x74\xa1\x88\x58\x89\xf2\xb9\xd4\xc4\
\xd6\x96\x18\x0b\x6c\x05\x6c\x01\x6c\x8c\x97\x17\x4b\x92\x24\x49\
\x52\xb7\x9a\x03\xfc\x11\xf8\x0d\xa5\xac\xb9\xab\xb5\x4d\xee\xa0\
\x5c\x38\x7c\x6d\x6b\x1b\xf4\x19\x4b\x9b\x2e\x16\x11\x6f\x01\x3e\
\x0f\xac\xd4\xf6\x2e\xac\x06\xbc\x10\x58\x8f\xf2\xd6\xd5\x9a\xc3\
\x7f\x8e\x69\x73\x29\x49\x92\x24\x49\x1a\x20\xf3\x81\xbb\x81\x69\
\xc3\xbf\xbf\x03\x7f\xa0\x5c\xf5\x3b\xd4\xe2\x5e\xc5\x8f\x80\xfd\
\x33\xf3\xee\xb6\x17\xe9\x27\x96\x36\x5d\x2e\x22\xd6\xa5\x7c\x0b\
\xb8\x7d\xdb\xbb\x3c\xa9\x15\x80\xd1\xc0\x8a\x94\x02\x67\x44\xbb\
\xeb\x48\x92\x24\x49\x52\x5f\x99\x4b\x39\x49\xf3\x10\xf0\x20\x4d\
\xdf\x4b\xb3\x38\xe6\x02\xc7\x02\x9f\x4f\x0b\x86\x8e\xb3\xb4\xe9\
\x01\x11\x11\xc0\xc1\xc0\xe7\xf0\x6c\x8b\x24\x49\x92\x24\xa9\x3b\
\xfc\x09\xd8\x2f\x33\x7f\xd5\xf6\x22\xfd\xca\x73\x11\x3d\x20\x8b\
\xb3\x80\x97\x01\x7e\x1b\x28\x49\x92\x24\x49\x6a\x53\x02\xa7\x03\
\x5b\x5a\xd8\xd4\xe5\x49\x9b\x1e\x33\x7c\xea\xe6\x3f\x81\xcf\x52\
\x6e\x9a\x91\x24\x49\x92\x24\xa9\x29\xb7\x02\x07\x67\xe6\x94\xb6\
\x17\x19\x04\x9e\xb4\xe9\x31\xc3\xa7\x6e\xbe\x0a\x6c\x0a\x7c\xad\
\xed\x7d\x24\x49\x92\x24\x49\x03\x61\x1e\x70\x0a\xf0\x62\x0b\x9b\
\xe6\x78\xd2\xa6\xc7\x45\xc4\xae\xc0\x49\xc0\x26\x6d\xef\x22\x49\
\x92\x24\x49\xea\x4b\x57\x03\x87\x65\xe6\x8d\x6d\x2f\x32\x68\x3c\
\x69\xd3\xe3\x32\xf3\x32\xe0\xc5\xc0\x01\xc0\xf4\x96\xd7\x91\x24\
\x49\x92\x24\xf5\x8f\x3b\x29\xff\xae\xb9\xbd\x85\x4d\x3b\x3c\x69\
\xd3\x47\x22\x62\x1c\x70\x34\xf0\x2e\x7c\x65\x4a\x92\x24\x49\x92\
\xb4\x74\x66\x03\x9f\x01\x3e\x95\x99\xb3\xdb\x5e\x66\x90\x59\xda\
\xf4\xa1\x88\x58\x03\x38\x02\x38\x14\x58\xb9\xe5\x75\x24\x49\x92\
\x24\x49\xbd\xe1\x41\xe0\x0c\xe0\xd3\x99\x39\xa3\xed\x65\x64\x69\
\xd3\xd7\x22\x62\x25\xe0\x2d\xc0\x31\xc0\x9a\x2d\xaf\x23\x49\x92\
\x24\x49\xea\x4e\x0f\x02\xe7\x00\x27\x64\xe6\xb4\xb6\x97\xd1\xff\
\x67\x69\x33\x00\x86\x3f\x9b\x9a\x0c\xbc\x0d\x78\x49\xcb\xeb\x48\
\x92\x24\x49\x92\xba\xc3\xed\xc0\x99\xc0\xd9\x99\x79\x4f\xcb\xbb\
\xe8\x49\x58\xda\x0c\x98\x88\xd8\x12\x78\x2b\x30\x11\x18\xd7\xf2\
\x3a\x92\x24\x49\x92\xa4\x66\xcd\x07\xa6\x00\x67\x01\x17\x65\xe6\
\xbc\x96\xf7\xd1\x22\x58\xda\x0c\xa8\x88\x18\x0f\xbc\x16\xd8\x0b\
\xd8\x15\x58\xb1\xdd\x8d\x24\x49\x92\x24\x49\x95\x24\x70\x1d\x70\
\x01\xf0\x9d\xcc\xbc\xbd\xdd\x75\xb4\xb8\x2c\x6d\x44\x44\x8c\x01\
\x76\xa3\x14\x38\x3b\xe3\xfd\x37\x92\x24\x49\x92\xd4\xeb\xe6\x00\
\xd7\x00\x17\x51\x4e\xd4\xdc\xd1\xf2\x3e\x5a\x0a\x96\x36\x7a\x82\
\x88\x78\x16\xb0\x2d\xb0\xdd\xf0\x9f\x9b\x03\x23\x5a\x5d\x4a\x92\
\x24\x49\x92\xb4\x28\x33\x81\x6b\x81\xab\x81\xab\x80\xab\x32\x73\
\x4e\xbb\x2b\x69\x59\x59\xda\xe8\x69\x45\xc4\x68\x60\x83\x85\x7e\
\xeb\x03\xeb\x00\xab\x02\x63\x80\xb1\xc0\x33\x86\xff\x1c\xd5\xce\
\x96\x92\x24\x49\x92\xd4\x97\x1e\xa0\xbc\xee\x34\x1b\xf8\x17\x30\
\x0b\x98\x0e\xdc\xb2\xd0\xef\x66\x9f\xe8\xee\x4f\xff\x0f\x03\x93\
\x96\x27\x9b\xca\xef\x78\x00\x00\x00\x00\x49\x45\x4e\x44\xae\x42\
\x60\x82\
\x00\x00\x24\x99\
\x89\
\x50\x4e\x47\x0d\x0a\x1a\x0a\x00\x00\x00\x0d\x49\x48\x44\x52\x00\
\x00\x04\x6d\x00\x00\x00\xac\x08\x06\x00\x00\x00\xc1\x95\x51\xc5\
\x00\x00\x00\x09\x70\x48\x59\x73\x00\x00\x0f\x61\x00\x00\x0f\x61\
\x01\xa8\x3f\xa7\x69\x00\x00\x00\x19\x74\x45\x58\x74\x53\x6f\x66\
\x74\x77\x61\x72\x65\x00\x77\x77\x77\x2e\x69\x6e\x6b\x73\x63\x61\
\x70\x65\x2e\x6f\x72\x67\x9b\xee\x3c\x1a\x00\x00\x20\x00\x49\x44\
\x41\x54\x78\x9c\xed\xdd\x77\x94\x95\xd5\xf9\xb7\xf1\x6b\xcf\xd0\
\x7b\xb3\x01\xa2\x22\x2a\x62\xc1\x08\x8a\x08\x96\x9f\x25\xd1\x58\
\x08\x88\xa8\x60\x4d\x34\x6a\xac\x51\x63\x8b\xb1\x26\xb1\x45\x4d\
\xec\xa2\xb1\x63\xb0\x40\xec\x1d\x45\x41\x50\x2c\x58\x62\x0d\x02\
\x82\x8a\x02\x02\x22\x6d\x60\x66\xf6\xfb\xc7\x8c\x79\x49\x54\x14\
\x3c\xfb\x3c\xe7\x9c\xb9\x3e\x6b\x9d\xe5\x5a\x29\xdf\xfb\xd6\x95\
\xfc\xc1\x77\xed\x67\xef\x10\x63\x44\xfa\x5a\x08\xa1\x1d\xd0\x65\
\xb9\xdf\x06\x40\x07\xa0\x19\xd0\x12\x68\x02\x34\x06\x5a\x67\xb5\
\xa3\x24\x49\x92\x24\xd5\x21\xf3\x81\x45\xb5\xbf\x79\xb5\x7f\x9d\
\x01\x4c\x5a\xfe\x17\x63\xfc\x34\xb3\x0d\x95\x4c\xb0\xb4\xa9\xbb\
\x42\x08\xe5\x40\x57\xa0\x0f\xd0\x17\xd8\x1e\x58\x27\xd3\xa5\x24\
\x49\x92\x24\x49\xab\xe2\x2b\xe0\x25\xe0\x05\x60\x2c\xf0\x42\x8c\
\x71\x71\xb6\x2b\xe9\xc7\xb2\xb4\xa9\x63\x6a\x4f\xd2\xfc\x02\xe8\
\x4f\x4d\x49\xd3\x2c\xdb\x8d\x24\x49\x92\x24\x49\x09\x54\x50\x53\
\xe2\xfc\x13\x18\x19\x63\x9c\x96\xf1\x3e\x5a\x05\x96\x36\x75\x40\
\x08\x61\x75\x60\x9f\xda\xdf\x8e\x40\x79\xa6\x0b\x49\x92\x24\x49\
\x92\xf2\x29\x02\xaf\x00\x23\x80\x7b\x63\x8c\x93\x33\xde\x47\x3f\
\x90\xa5\x4d\x09\x0b\x21\xf4\x00\x7e\x0d\x1c\x0c\x34\xca\x78\x1d\
\x49\x92\x24\x49\x52\xf6\x22\x30\x0a\x18\x0a\xfc\x33\xc6\x58\x99\
\xf1\x3e\x5a\x01\x4b\x9b\x12\x13\x42\x68\x4e\x4d\x49\x73\x34\xb0\
\x49\xc6\xeb\x48\x92\x24\x49\x92\x0a\xd7\x74\x6a\xca\x9b\xa1\x31\
\xc6\x99\x59\x2f\xa3\x6f\xb2\xb4\x29\x11\x21\x84\x66\xc0\xaf\x80\
\x33\x80\x35\x32\x5e\x47\x92\x24\x49\x92\x54\x3c\x2a\x80\xdb\x80\
\xf3\x7c\x85\xaa\xb0\x58\xda\x14\xb9\x10\x42\x0b\xe0\x78\xe0\xb7\
\x40\x9b\x8c\xd7\x91\x24\x49\x92\x24\x15\xaf\xc5\xc0\x0d\xc0\x25\
\x31\xc6\x19\x59\x2f\x23\x4b\x9b\xa2\x15\x42\xa8\x07\xfc\x06\x38\
\x07\xcb\x1a\x49\x92\x24\x49\x52\xee\x2c\x06\x2e\x07\x2e\x8c\x31\
\x2e\xcc\x7a\x99\xba\xcc\xd2\xa6\x08\x85\x10\x76\x06\xae\x00\x36\
\xcb\x7a\x17\x49\x92\x24\x49\x52\xc9\xfa\x14\x38\x0f\xb8\x29\xc6\
\x58\x9d\xf5\x32\x75\x91\xa5\x4d\x11\x09\x21\xac\x4f\x4d\x59\xb3\
\x57\xd6\xbb\x48\x92\x24\x49\x92\xea\x8c\x97\x80\xe3\x62\x8c\x2f\
\x67\xbd\x48\x5d\x63\x69\x53\x04\x42\x08\x65\xc0\xe1\xc0\x65\x40\
\xb3\x8c\xd7\x91\x24\x49\x92\x24\xd5\x3d\xd5\xc0\x4d\xc0\xc9\x31\
\xc6\x05\x59\x2f\x53\x57\x58\xda\x14\xb8\x10\xc2\x26\xc0\xdf\x81\
\x5e\x59\xef\x22\x49\x92\x24\x49\xaa\xf3\xa6\x00\x47\xc4\x18\x47\
\x65\xbd\x48\x5d\x50\x96\xf5\x02\xfa\x76\x21\x84\xf2\x10\xc2\x59\
\xc0\xab\x58\xd8\x48\x92\x24\x49\x92\x0a\xc3\x7a\xc0\x53\x21\x84\
\xeb\x42\x08\x4d\xb3\x5e\xa6\xd4\x79\xd2\xa6\x00\x85\x10\x3a\x01\
\x77\x00\xdb\x67\xbd\x8b\x24\x49\x92\x24\x49\xdf\x61\x0a\x30\x24\
\xc6\x38\x3e\xeb\x45\x4a\x95\xa5\x4d\x81\x09\x21\xec\x0f\x5c\x0f\
\xb4\xcc\x7a\x97\xe5\x95\x95\x05\x5a\xb6\xa8\x4f\xb3\x66\xe5\x34\
\x6e\x54\x4e\xf3\x66\xf5\xb3\x5e\x49\x92\x24\x49\x92\x4a\xde\xa2\
\xc5\x95\x2c\x5a\x54\xc5\xfc\xaf\x2a\x59\xb0\xb0\x92\x65\xcb\x0a\
\xee\x11\xa7\xa5\xc0\x59\xc0\x65\xbe\x30\x95\x7b\x96\x36\x05\xa2\
\xf6\x58\xd9\x35\xc0\x21\x59\xee\x51\x56\x16\xe8\xd6\xb5\x39\x7d\
\xb6\x69\xc7\x26\xdd\x5a\xd0\xa5\x73\x33\xba\x74\x6e\xca\x3a\x6b\
\x37\xa1\x7e\x7d\xbf\xa6\x93\x24\x49\x92\xa4\xac\x54\x57\x47\xa6\
\x7f\xb2\x98\x49\x1f\x2e\xe0\xc3\x29\x0b\x79\xef\xfd\xf9\x8c\x9f\
\x30\x87\xd7\xde\x98\x57\x08\x65\xce\xd3\xc0\x41\x31\xc6\xcf\xb2\
\x5e\xa4\x94\x58\xda\x14\x80\x10\xc2\x86\xc0\x08\x60\xd3\x2c\xe6\
\xaf\xdd\xb1\x31\xfd\xf7\xec\xc0\xae\x3b\xaf\x41\x9f\x6d\xda\xd2\
\xaa\xa5\xa7\x68\x24\x49\x92\x24\xa9\x58\x2c\x5a\x5c\xc5\x4b\x2f\
\xcf\x61\xd4\xe8\x99\x8c\x7c\xf0\x13\xde\xfb\xe0\xab\xac\x56\xf9\
\x14\x18\x14\x63\x7c\x21\xab\x05\x4a\x8d\xa5\x4d\xc6\x42\x08\xfd\
\x80\xdb\xc8\xf3\xe7\x50\x6b\xae\xd1\x88\x03\xf7\xeb\xc4\x80\x7e\
\x1d\xe8\xd5\xb3\x0d\x21\xe4\x73\xba\x24\x49\x92\x24\x29\x95\xb7\
\xdf\x9d\xcf\x88\x07\x3e\xe1\xce\xe1\xd3\x98\x34\x39\xef\xaf\x73\
\x2f\xa3\xe6\x59\xf0\xab\xf2\x3d\xb8\x14\x59\xda\x64\x24\x84\x50\
\x0e\x5c\x00\x9c\x0e\xe4\xad\x32\xd9\xa1\xef\x6a\x1c\xf5\xab\xce\
\xf4\xdf\xab\x3d\x0d\x1a\xf8\xb9\x93\x24\x49\x92\x24\x95\xaa\xea\
\xea\xc8\xd3\xa3\x67\x72\xdd\x8d\x93\x79\xf8\xf1\x19\x54\x55\xe5\
\xf5\xcf\xff\xc3\x80\x5f\xc7\x18\x17\xe5\x73\x68\xa9\xb1\xb4\xc9\
\x40\xed\xfd\x35\x77\x01\x7b\xe7\x63\x5e\x59\x59\x60\xd0\x80\x8e\
\x9c\x79\x4a\x57\x36\xed\xd6\x22\x1f\x23\x25\x49\x92\x24\x49\x05\
\x64\xda\xc7\x8b\xb8\xf4\xaf\x1f\x70\xd3\x6d\x53\xa8\xa8\xc8\xdb\
\xfd\x37\xaf\x00\x7b\xc7\x18\x67\xe4\x6b\x60\xa9\xb1\xb4\xc9\xb3\
\x10\xc2\x5a\xc0\x43\x40\x8f\xd4\xb3\xca\xca\x02\x3f\xff\xe9\x9a\
\x9c\x7f\x56\x37\xb6\xd8\xbc\x55\xea\x71\x92\x24\x49\x92\xa4\x02\
\x37\x73\x56\x05\x57\x5c\xfd\x6f\xae\xbc\x7e\x12\x8b\x17\x57\xe5\
\x63\xe4\x27\xc0\x5e\x31\xc6\x89\xf9\x18\x56\x6a\x2c\x6d\xf2\x28\
\x84\xd0\x1d\x78\x18\xe8\x98\x7a\xd6\xce\x3b\xae\xce\xe5\x17\x6e\
\xce\x66\x9b\x14\xd4\xcb\xe1\x92\x24\x49\x92\xa4\x02\x30\xfd\xe3\
\xc5\x9c\x7e\xf6\x5b\x0c\x1f\x31\x9d\x3c\xd4\x02\xf3\x81\xfd\x62\
\x8c\x8f\x27\x9f\x54\x62\x2c\x6d\xf2\x24\x84\xf0\x53\xe0\x5e\x20\
\xe9\xf7\x49\x6b\x77\x6c\xcc\x05\x7f\xd8\x84\x83\x0f\x58\x27\xe5\
\x18\x49\x92\x24\x49\x52\x09\x78\xf9\xb5\xb9\x9c\x78\xea\x1b\x8c\
\x9f\xf0\x45\xea\x51\x55\xc0\x89\x31\xc6\xab\x53\x0f\x2a\x25\x96\
\x36\x79\x10\x42\x38\x16\xf8\x2b\x50\x9e\x6a\x46\xfd\xfa\x65\x9c\
\x71\xf2\x46\x9c\x71\x72\x57\x1a\x36\xf4\x82\x61\x49\x92\x24\x49\
\xd2\x0f\x53\x5d\x1d\x19\x7a\xcb\x14\x4e\x3f\xfb\x5f\xcc\xff\x6a\
\x59\xea\x71\x57\x00\xa7\xc4\x18\xf3\x76\xb1\x4e\x31\xb3\xb4\x49\
\xa8\xf6\x85\xa8\x3f\x01\xa7\xa5\x9c\xd3\x7d\xb3\x96\xfc\xfd\xda\
\x9e\x6c\xd9\xdd\x7b\x6b\x24\x49\x92\x24\x49\xab\x66\xc6\x67\x4b\
\x38\xe6\xa4\x89\xdc\xff\xf0\xa7\xa9\x47\x3d\x0e\x0c\x8a\x31\x7e\
\x95\x7a\x50\xb1\xb3\xb4\x49\xa4\xf6\x85\xa8\x7f\x00\x7b\xa5\x9a\
\xd1\xa0\x41\x19\xe7\x9e\xd9\x8d\x53\x8e\xdf\x90\x7a\xf5\xf2\xf6\
\x6a\xb8\x24\x49\x92\x24\xa9\x84\xdd\x31\x7c\x1a\x27\xfc\xee\x75\
\xe6\x7d\x99\xf4\xd4\xcd\xab\xd4\x5c\x50\xec\xcb\x52\x2b\x60\x69\
\x93\x40\x08\xa1\x15\x35\x17\x0e\xf7\x49\x35\x63\xa3\x0d\x9a\x33\
\xec\xe6\xad\x3d\x5d\x23\x49\x92\x24\x49\xca\xb9\x69\x1f\x2f\xe2\
\xe0\x23\x5e\xe6\xf9\x17\x66\xa7\x1c\x33\x15\xd8\x35\xc6\x38\x29\
\xe5\x90\x62\xe6\xe5\x27\x39\x16\x42\x58\x13\x18\x4d\xc2\xc2\xe6\
\xa0\xfd\x3b\xf1\xf2\xf3\x3b\x59\xd8\x48\x92\x24\x49\x92\x92\xe8\
\xd4\xb1\x09\xa3\x1e\xde\x9e\x0b\xcf\xdb\x94\xfa\xf5\x93\x55\x07\
\xeb\x02\x63\x6a\x5f\x5a\xd6\xb7\xf0\xa4\x4d\x0e\x85\x10\x3a\x03\
\x4f\x01\x9d\x53\xe4\x37\x6f\x56\x8f\x9b\xae\xe9\xc1\xbe\xfd\x93\
\xbf\x18\x2e\x49\x92\x24\x49\x12\x00\x63\xc6\xcd\x66\xff\x43\x5f\
\x62\xc6\x67\x4b\x52\x8d\x98\x0b\xec\x11\x63\x1c\x9f\x6a\x40\xb1\
\xb2\xb4\xc9\x91\x10\x42\x37\xe0\x49\xa0\x43\x8a\xfc\x0d\xbb\x34\
\x63\xc4\xb0\xde\x6c\xb2\x71\xd2\x17\xc3\x25\x49\x92\x24\x49\xfa\
\x86\x59\xb3\x2b\x18\xfc\xcb\x09\x8c\x1a\x3d\x33\xd5\x88\x45\xc0\
\x3e\x31\xc6\xc7\x53\x0d\x28\x46\x7e\x1e\x95\x03\x21\x84\xad\x80\
\xe7\x49\x54\xd8\xf4\xdb\xa3\x3d\x2f\x8d\xde\xc9\xc2\x46\x92\x24\
\x49\x92\x94\x89\xd5\xda\x35\xe4\xb1\x91\x7d\x39\xed\xb7\x1b\x11\
\xd2\xbc\x83\xd3\x04\x78\x20\x84\xb0\x5f\x92\xf4\x22\xe5\x49\x9b\
\x1f\x29\x84\xb0\x1b\x70\x1f\xd0\x34\xf7\xd9\x70\xfe\x59\x9b\x70\
\xe6\x29\x5d\x53\xfd\x9f\x42\x92\x24\x49\x92\xa4\x95\x72\xe7\xdd\
\xd3\x38\xe2\xd8\x57\xa9\xa8\xa8\x4e\x11\x5f\x05\xfc\x26\xc6\x38\
\x34\x45\x78\xb1\xb1\xb4\xf9\x11\x6a\x1b\xc0\xdb\x81\x06\xb9\xce\
\x6e\xd4\xa8\x9c\x9b\xaf\xed\xc1\xfe\x03\xd7\xce\x75\xb4\x24\x49\
\x92\x24\x49\x3f\xca\x98\x71\xb3\x19\x30\x78\x3c\x5f\xcc\x59\x9a\
\x22\x3e\x02\x67\xc6\x18\x2f\x4a\x11\x5e\x4c\x2c\x6d\x56\x51\x08\
\xe1\x40\xe0\x16\xa0\x5e\xae\xb3\xdb\xb6\x69\xc0\x88\x61\xbd\xd9\
\xbe\x4f\xbb\x5c\x47\x4b\x92\x24\x49\x92\x94\x13\x1f\x4e\x59\xc8\
\x5e\xfb\xbe\xc0\x7b\x1f\x7c\x95\x6a\xc4\x25\x31\xc6\xd3\x52\x85\
\x17\x03\x4b\x9b\x55\x10\x42\x38\x0a\xb8\x86\x04\x77\x02\x75\xe9\
\xdc\x8c\x87\xef\xeb\xc3\x86\x5d\x9a\xe5\x3a\x5a\x92\x24\x49\x92\
\xa4\x9c\x9a\x33\x77\x29\x03\x0f\x7c\x91\xd1\x63\x66\xa5\x1a\x71\
\x1d\x70\x6c\x8c\x31\xc9\xb7\x58\x85\xce\x8b\x88\x57\x52\x08\xe1\
\x14\xe0\x5a\x12\xfc\xb3\xeb\xb3\x4d\x5b\xc6\x8d\xda\xd1\xc2\x46\
\x92\x24\x49\x92\x54\x14\xda\xb4\x6e\xc0\xe3\xff\xec\xcb\xc1\x07\
\xac\x93\x6a\xc4\xd1\xc0\xf5\x21\x84\x3a\xd9\x5f\xd4\xc9\xbf\xe9\
\x55\x15\x42\x38\x0d\xb8\x14\xc8\xf9\xb5\xc0\x87\x0e\x59\x87\x51\
\x0f\x6f\x4f\xbb\xb6\x0d\x73\x1d\x2d\x49\x92\x24\x49\x52\x32\x0d\
\x1a\x94\x71\xeb\x0d\x3d\xb9\xe2\xe2\xee\x94\x95\x25\x79\x45\xe7\
\x08\x60\x58\x08\x21\xe7\xd7\x93\x14\x3a\x3f\x8f\xfa\x81\x42\x08\
\x17\x01\x49\xbe\xa5\x3b\xf7\xcc\x6e\x9c\x7d\xfa\xc6\x29\xa2\x25\
\x49\x92\x24\x49\xca\x9b\x61\xf7\x4c\xe3\x97\x47\xbf\xca\xb2\x65\
\x49\xbe\x66\xba\x0f\x18\x12\x63\x4c\x72\xfb\x71\x21\xb2\xb4\xf9\
\x1e\x21\x84\x00\x5c\x0e\x9c\x98\xfb\x6c\xb8\xec\xc2\xee\x9c\xf8\
\x9b\x2e\xb9\x8e\x96\x24\x49\x92\x24\x29\x13\xa3\x46\xcf\xa4\xff\
\x01\xe3\x59\xb0\xb0\x32\x45\xfc\x63\xc0\x3e\x31\xc6\xc5\x29\xc2\
\x0b\x8d\xa5\xcd\x0a\xd4\x16\x36\x57\x01\xc7\xe4\x3a\xbb\x5e\xbd\
\xc0\x8d\x57\xf7\xe0\x90\xc1\xc9\xbe\xfb\x93\x24\x49\x92\x24\x29\
\x13\x13\x5e\x9d\xc3\x1e\xfb\xbc\x90\xea\x49\xf0\xe7\x80\xbd\x62\
\x8c\xc9\x9e\xad\x2a\x14\x96\x36\xdf\xa1\xf6\x5b\xb9\x5b\x81\x21\
\xb9\xce\x6e\xd2\xb8\x9c\x7b\xef\xdc\x86\xdd\x77\x5d\x33\xd7\xd1\
\x92\x24\x49\x92\x24\x15\x84\x37\xde\xfa\x92\xdd\xfa\x8f\xe1\xf3\
\x99\x15\x29\xe2\xc7\x02\x7b\xc6\x18\xbf\x4c\x11\x5e\x28\x2c\x6d\
\xbe\x45\x08\xa1\x01\x70\x17\xb0\x4f\xae\xb3\x5b\xb5\xac\xcf\x83\
\xf7\x6c\x4b\xdf\xde\xed\x72\x1d\x2d\x49\x92\x24\x49\x52\x41\x99\
\xf2\xd1\x42\x7e\xba\xf7\x18\x3e\x9c\xb2\x30\x45\xfc\x6b\xc0\xcf\
\x62\x8c\xb3\x53\x84\x17\x02\x4b\x9b\xff\x11\x42\x68\x02\x8c\x04\
\x7e\x96\xeb\xec\x35\x56\x6f\xc8\x63\x23\xfb\xb2\xc5\xe6\xad\x72\
\x1d\x2d\x49\x92\x24\x49\x52\x41\x9a\xf1\xd9\x12\x76\x1f\x30\x96\
\x37\xff\x95\xe4\x50\xcc\xbb\xc0\x2e\x31\xc6\x4f\x53\x84\x67\xcd\
\xd2\x66\x39\x21\x84\xa6\xc0\x83\xc0\x4e\xb9\xce\x5e\x67\xed\x26\
\x3c\xf9\xe0\x76\x6c\xb0\x7e\xb3\x5c\x47\x4b\x92\x24\x49\x92\x54\
\xd0\xe6\xce\x5b\xca\x9e\x03\xc7\x31\x7e\xc2\x17\x29\xe2\xa7\x50\
\x53\xdc\x4c\x4e\x11\x9e\x25\x4b\x9b\x5a\x21\x84\x36\xd4\xdc\x42\
\xbd\x75\xae\xb3\x37\xde\xa8\x39\x4f\x3e\xb0\x1d\x1d\xda\x37\xce\
\x75\xb4\x24\x49\x92\x24\x49\x45\x61\xc1\xc2\x4a\xfa\xed\x37\x8e\
\x67\x9f\x9f\x95\x22\xfe\x23\x6a\x8a\x9b\x49\x29\xc2\xb3\x52\x96\
\xf5\x02\x85\x20\x84\xb0\x3a\xf0\x0c\x09\x0a\x9b\x6e\x5d\x5b\xf0\
\xf4\x43\xdb\x5b\xd8\x48\x92\x24\x49\x92\xea\xb4\x66\x4d\xeb\xf1\
\xe8\x88\xbe\xf4\xdb\xa3\x7d\x8a\xf8\x75\x80\xb1\x21\x84\xcd\x52\
\x84\x67\xa5\xce\x97\x36\x21\x84\xb5\xa8\x29\x6c\xba\xe7\x3a\xbb\
\xc7\x16\xad\x79\xee\xf1\x1d\x58\x6b\xcd\x46\xb9\x8e\x96\x24\x49\
\x92\x24\xa9\xe8\x34\x6c\x58\xc6\xdd\xb7\xf5\x62\x9f\x7e\x1d\x52\
\xc4\xaf\x01\x3c\x17\x42\xe8\x95\x22\x3c\x0b\x75\xba\xb4\x09\x21\
\x6c\x00\x8c\x03\x36\xc9\x75\x76\xdf\xde\xed\x18\xf5\xc8\x76\xb4\
\x6d\xd3\x20\xd7\xd1\x92\x24\x49\x92\x24\x15\xad\x06\x0d\xca\xf8\
\xc7\x2d\xbd\x18\xbc\xef\xda\x29\xe2\x5b\x03\x4f\x84\x10\xb6\x4b\
\x11\x9e\x6f\x75\xb6\xb4\x09\x21\xf4\xa0\xe6\x5d\xf7\x75\x73\x9d\
\xbd\x43\xdf\xd5\x78\x64\x44\x1f\x5a\x34\xaf\x9f\xeb\x68\x49\x92\
\x24\x49\x92\x8a\x5e\xbd\x7a\x81\xdb\x6f\xdc\x8a\xc3\x0f\x59\x2f\
\x45\x7c\x4b\xe0\xa9\x10\xc2\xc0\x14\xe1\xf9\x54\x27\x4b\x9b\x10\
\xc2\x4e\xd4\x7c\x12\xb5\x7a\xae\xb3\x77\xdf\x75\x4d\x1e\x1d\xd1\
\x87\xe6\xcd\xea\xe5\x3a\x5a\x92\x24\x49\x92\xa4\x92\x51\x56\x16\
\xb8\xe1\xca\x2d\x39\xf1\x37\x5d\x52\xc4\x37\x04\x86\x87\x10\x8e\
\x4c\x11\x9e\x2f\x75\xae\xb4\x09\x21\x0c\x00\x1e\x01\x5a\xe4\x3a\
\x7b\xaf\xdd\xd7\x62\xe4\x5d\xbd\x69\xdc\xb8\x3c\xd7\xd1\x92\x24\
\x49\x92\x24\x95\x9c\x10\xe0\xf2\x8b\xba\x73\xf6\xe9\x1b\xa7\x88\
\x2f\x07\xae\x0f\x21\x5c\x94\x22\x3c\x1f\xea\x54\x69\x13\x42\x38\
\x01\xb8\x17\xc8\xf9\xcd\xc0\x43\x06\x75\x62\xc4\xb0\xde\x34\x6c\
\x58\xa7\xfe\x91\x4a\x92\x24\x49\x92\xf4\xa3\x9d\x7b\x66\x37\xce\
\x3d\xb3\x5b\xaa\xf8\xd3\x42\x08\x57\x85\x10\x8a\xee\x0f\xec\x21\
\xc6\x98\xf5\x0e\xc9\x85\x10\x02\x70\x4e\xed\x2f\xe7\x7e\x7d\xd8\
\x7a\x5c\x7b\xc5\x4f\x28\x2b\x0b\x29\xe2\x25\x49\x92\x24\x49\xaa\
\x13\xae\x19\xfa\x21\xc7\xff\xee\x75\x12\x55\x15\xff\x04\x06\xc7\
\x18\x97\x24\x49\x4f\xa0\xe4\x4b\x9b\x10\x42\x39\x70\x1d\x70\x44\
\x8a\xfc\x63\x7e\xbd\x3e\x57\x5e\xba\x05\xc1\xbe\x46\x92\x24\x49\
\x92\xa4\x1f\xed\xc6\x5b\xa7\x70\xf4\x89\x13\xa9\xae\x4e\xd2\x57\
\x8c\x06\x7e\x11\x63\xfc\x32\x45\x78\xae\x95\x74\x69\x13\x42\x68\
\x06\x0c\x07\xf6\x48\x91\x7f\xf6\xe9\x1b\xa7\x3c\xbe\x25\x49\x92\
\x24\x49\x52\x9d\x34\xec\x9e\x69\x1c\x76\xd4\x2b\x54\x56\x26\xe9\
\x2c\x26\x02\x7b\xc5\x18\x3f\x49\x11\x9e\x4b\x25\x5b\xda\x84\x10\
\xda\x03\x0f\x02\x3d\x72\x9f\x0d\x17\x5f\xb0\x19\xa7\x1c\xbf\x61\
\xae\xa3\x25\x49\x92\x24\x49\x12\xf0\xf0\xe3\x33\x18\x74\xf0\x4b\
\x2c\x59\x52\x95\x22\xfe\x53\x60\xef\x18\xe3\xab\x29\xc2\x73\xa5\
\x24\x4b\x9b\x10\x42\x77\xe0\x21\x60\xed\xdc\x67\xc3\x15\x17\x77\
\xe7\xf8\xa3\x92\x3c\x49\x26\x49\x92\x24\x49\x92\x6a\x3d\xfb\xfc\
\x2c\xfa\xed\x37\x8e\x05\x0b\x2b\x53\xc4\x2f\x04\x86\xc4\x18\x1f\
\x48\x11\x9e\x0b\x45\x77\x73\xf2\xf7\x09\x21\x0c\x04\xc6\x91\xa0\
\xb0\xa9\x57\x2f\x70\xeb\x0d\x5b\x59\xd8\x48\x92\x24\x49\x92\x94\
\x07\xff\xb7\xfd\x6a\x3c\x7c\x5f\x1f\x5a\x34\xaf\x9f\x22\xbe\x29\
\x30\x22\x84\x70\x72\x8a\xf0\x5c\x28\x99\x93\x36\xb5\x2f\x44\x9d\
\x0a\xfc\x99\x04\x65\x54\x83\x06\x65\xdc\x79\xd3\xd6\x0c\xfc\x45\
\x87\x5c\x47\x4b\x92\x24\x49\x92\xa4\x15\x78\xf5\xf5\xb9\xec\xde\
\xff\x05\x66\x7f\x51\x91\x6a\xc4\x70\xe0\x57\x31\xc6\x45\xa9\x06\
\xac\x8a\x92\x28\x6d\x42\x08\x2d\x80\xdb\x81\x7e\x29\xf2\x9b\x36\
\xa9\xc7\xbd\x77\x6e\xc3\x6e\xbb\xac\x91\x22\x5e\x92\x24\x49\x92\
\x24\x7d\x8f\x77\xde\x9b\xcf\xee\x03\xc6\x32\xfd\xe3\xc5\xa9\x46\
\xbc\x01\xf4\x8f\x31\x4e\x49\x35\x60\x65\x15\x7d\x69\x13\x42\xd8\
\x14\x18\x09\x6c\x90\x22\x7f\xf5\xd5\x1a\xf2\xf0\x7d\x7d\xe8\xf9\
\x93\xd6\x29\xe2\x25\x49\x92\x24\x49\xd2\x0f\x34\xed\xe3\x45\xec\
\xde\x7f\x2c\xef\xbe\xff\x55\xaa\x11\xb3\x81\xfd\x63\x8c\xa3\x52\
\x0d\x58\x19\x45\x7d\xa7\x4d\x08\xe1\x60\xe0\x45\x12\x15\x36\xeb\
\x76\x6a\xc2\x73\x8f\xef\x60\x61\x23\x49\x92\x24\x49\x52\x01\xe8\
\xd4\xb1\x09\x63\x9f\xda\x91\x3e\xdb\xb4\x4d\x35\xa2\x1d\xf0\x54\
\x08\xe1\xa2\x10\x42\x79\xaa\x21\x3f\x54\x51\x9e\xb4\x09\x21\x34\
\x03\xae\x07\x86\xa4\x9a\xb1\x69\xb7\x16\x3c\x3a\xa2\x2f\x1d\x3b\
\x34\x4e\x35\x42\x92\x24\x49\x92\x24\xad\x82\x45\x8b\xab\xd8\xef\
\xe0\x17\x79\xe4\x89\xcf\x52\x8e\x79\x0e\x18\x1c\x63\xfc\x34\xe5\
\x90\x15\x29\xba\x93\x36\x21\x84\x2d\x81\x57\x48\x58\xd8\xec\xd0\
\x77\x35\xc6\x3c\xb9\xa3\x85\x8d\x24\x49\x92\x24\x49\x05\xa8\x49\
\xe3\x72\x46\xde\xd5\x9b\x83\x0f\x58\x27\xe5\x98\x1d\x80\x89\x21\
\x84\x9f\xa7\x1c\xb2\x22\x45\x53\xda\x84\x10\xea\x85\x10\x4e\x03\
\xc6\x03\x1b\xa5\x9a\xd3\x6f\x8f\xf6\x3c\x3a\xa2\x0f\x2d\x5b\x24\
\x79\x4e\x4c\x92\x24\x49\x92\x24\xe5\x40\xfd\xfa\x65\xdc\x72\x7d\
\x4f\xce\x3e\x63\xe3\x94\x63\x56\x07\x1e\x09\x21\xdc\x1e\x42\x68\
\x9e\x72\xd0\xb7\x29\x8a\xcf\xa3\x42\x08\x1b\x03\xb7\x01\x5b\xa5\
\x9c\x73\xe8\x90\x75\x18\x7a\x55\x0f\xea\xd5\x0b\x29\xc7\x48\x92\
\x24\x49\x92\xa4\x1c\xfa\xdb\x75\x93\x38\xf9\x8c\x37\xa9\xae\x4e\
\xda\x71\x7c\x04\x1c\x16\x63\x7c\x36\xe5\x90\xe5\x15\xf4\x49\x9b\
\x10\x42\x83\x10\xc2\xef\x81\x57\x49\x58\xd8\x84\x00\xe7\x9f\xb5\
\x09\x37\x5f\xd7\xd3\xc2\x46\x92\x24\x49\x92\xa4\x22\x73\xc2\xd1\
\x5d\xb8\xfd\xc6\xad\x68\xd4\x28\xe9\xdd\xc1\xeb\x00\x4f\x87\x10\
\xae\x09\x21\xb4\x4a\x39\xe8\x6b\x05\x7b\xd2\x26\x84\xb0\x03\x70\
\x2d\xd0\x2d\xe5\x9c\x86\x0d\xcb\xb8\xe9\x9a\x1e\x0c\x19\xd4\x29\
\xe5\x18\x49\x92\x24\x49\x92\x94\xd8\x8b\x2f\xcf\xa1\xff\x01\xe3\
\xf8\x7c\x66\x45\xea\x51\x9f\x03\xa7\x02\x77\xc4\x84\xc5\x4a\xc1\
\x95\x36\x21\x84\xb5\x81\x8b\x80\xc1\xa9\x67\xad\xb1\x7a\x43\xee\
\x1f\xbe\x2d\xbd\x7a\xb6\x49\x3d\x4a\x92\x24\x49\x92\x24\xe5\xc1\
\xe4\xa9\x0b\xd9\x7b\xd0\x38\xde\x79\x6f\x7e\x3e\xc6\x3d\x03\x9c\
\x10\x63\xfc\x57\x8a\xf0\x82\x29\x6d\x42\x08\xad\x81\xd3\x81\xe3\
\x80\xe4\xcf\x36\x6d\xbe\x69\x4b\x1e\xb8\x7b\x5b\xd6\x59\xbb\x49\
\xea\x51\x92\x24\x49\x92\x24\x29\x8f\xe6\x7d\xb9\x8c\xfd\x0e\x7e\
\x91\xa7\x9e\x9d\x99\x8f\x71\x55\xc0\xed\xc0\x39\x31\xc6\xe9\xb9\
\x0c\xce\xfc\x4e\x9b\x10\x42\xd3\x10\xc2\x29\xc0\x24\x6a\x8e\x16\
\x25\x2f\x6c\x06\xfe\xa2\x03\x63\x9f\xda\xd1\xc2\x46\x92\x24\x49\
\x92\xa4\x12\xd4\xaa\x65\x7d\x1e\x1d\xd9\x97\x93\x8f\xdb\x20\x1f\
\xe3\xca\x81\xc3\x80\xf7\x43\x08\x17\x87\x10\xda\xe5\x2a\x38\xb3\
\x93\x36\xb5\x7f\x13\xbf\x02\x4e\x00\xd6\xca\xcf\x4c\x38\xf5\xc4\
\x8d\xf8\xf3\xb9\x9b\x12\xbc\x6f\x58\x92\x24\x49\x92\xa4\x92\x37\
\xfc\xbe\xe9\x1c\x7e\xcc\xab\x2c\x5a\x5c\x95\xaf\x91\x15\xc0\x3d\
\xc0\x05\x31\xc6\x7f\xff\x98\xa0\xbc\x97\x36\xb5\xcf\x77\x1f\x0d\
\xfc\x12\x68\x9a\xaf\xb9\xad\x5a\xd6\x67\xd8\xcd\x5b\xb3\xfb\xae\
\x6b\xe6\x6b\xa4\x24\x49\x92\x24\x49\x2a\x00\x13\xdf\x98\xc7\x3e\
\x43\xc6\x33\x75\xda\xa2\x7c\x8e\xad\x04\xee\x06\xae\x8e\x31\xbe\
\xb8\x2a\x01\x79\x29\x6d\x42\x08\xcd\x80\x41\xd4\x9c\xac\xd9\x36\
\xf9\xc0\xff\xd1\x63\x8b\xd6\x0c\xbf\xad\x17\xeb\xaf\x97\xb7\x8e\
\x48\x92\x24\x49\x92\x24\x15\x90\xd9\x5f\x54\x70\xd8\x51\xaf\xf0\
\xc8\x13\x9f\x65\x31\xfe\x1d\xe0\xef\xc0\x9d\x31\xc6\x1f\x7c\xd1\
\x4e\xb2\xd2\x26\x84\xd0\x16\xf8\x39\xb0\x67\xed\x5f\x9b\x25\x19\
\xf4\x3d\x8e\x3b\x72\x7d\x2e\xf9\xe3\xe6\x34\x6c\x98\xf9\xf5\x3d\
\x92\x24\x49\x92\x24\x29\x43\x31\xc2\x5f\xae\xfc\x80\xb3\xce\x7f\
\x9b\x65\xcb\xaa\xb3\x58\x61\x19\xf0\x34\xf0\x10\xf0\xf0\xf7\x5d\
\x5c\x9c\xb3\xd2\xa6\xf6\xf5\xa7\x5e\xb5\xbf\x5d\x80\xde\xd4\x5c\
\xc6\x93\x89\x56\x2d\xeb\x73\xd3\x35\x3d\x18\xb0\x77\x87\xac\x56\
\x90\x24\x49\x92\x24\x49\x05\x68\xfc\x84\x2f\x18\x7c\xd8\x04\x3e\
\x9a\x9e\xd7\xcf\xa5\xbe\xcd\x44\xe0\x49\xe0\x45\xe0\xa5\x18\xe3\
\x8c\xe5\xff\xcd\x1f\x5c\xda\x84\x10\xca\x80\x96\xb5\xbf\xf5\x96\
\xfb\xad\x0f\x6c\x09\x6c\x08\x14\xc4\xf5\xbe\x7d\x7b\xb7\xe3\xf6\
\x1b\xb7\x62\xdd\x4e\xbe\x0e\x25\x49\x92\x24\x49\x92\xbe\x69\xce\
\xdc\xa5\x1c\x7d\xe2\x44\xee\xfd\xe7\xc7\x59\xaf\xb2\xbc\xe9\xc0\
\x04\xe0\x43\x60\xca\x37\x4a\x9b\x10\x42\x37\xe0\x50\x6a\x4e\xca\
\x74\xa4\xa6\xa4\x69\x02\x34\xcc\xeb\x9a\xab\xa0\x51\xa3\x72\xce\
\x3f\xab\x1b\x27\x1d\xbb\x01\x65\x65\x05\xd1\x1f\x49\x92\x24\x49\
\x92\xa4\x02\xf6\x8f\xfb\xa6\x73\xdc\xc9\xaf\x33\x67\xee\xd2\xac\
\x57\xf9\x86\xff\x94\x36\x21\x84\xa6\xc0\xdf\xa8\x79\xd5\xa9\xe8\
\x1a\x8f\x2d\xbb\xb7\xe2\xb6\xa1\x5b\xb1\xc9\xc6\x2d\xb2\x5e\x45\
\x92\x24\x49\x92\x24\x15\x91\x4f\x67\x2c\xe1\x88\x63\x5f\xe5\xb1\
\xa7\x32\xb9\xa4\xf8\x3b\x85\x18\x23\x21\x84\x16\xc0\x28\xa0\x67\
\xd6\x0b\xad\xac\x46\x8d\xca\x39\xfd\xa4\x8d\x38\xe3\xe4\x8d\xa8\
\x5f\xdf\xcb\x86\x25\x49\x92\x24\x49\xd2\xca\x8b\x11\x6e\xbe\x63\
\x2a\xa7\xfd\xe1\xad\x82\x39\x75\xf3\x75\x69\x33\x02\x18\x90\xf5\
\x32\x2b\xeb\x67\x3b\xaf\xc1\x55\x97\x6d\x41\x97\xce\x99\x3c\x4c\
\x25\x49\x92\x24\x49\x92\x4a\xcc\xac\xd9\x15\x9c\x7a\xd6\x5b\xdc\
\xfe\x8f\x8f\x48\xf4\xe0\xf6\x0f\x16\x80\x5d\xa9\xb9\xa9\xb8\x68\
\x74\x68\xdf\x98\xcb\xfe\xbc\x39\x83\x06\x74\xcc\x7a\x15\x49\x92\
\x24\x49\x92\x54\x82\x9e\x7f\x61\x36\xc7\x9c\x34\x91\xb7\xdf\x9d\
\x9f\xd9\x0e\xe5\xc0\x65\x40\xd7\xcc\x36\x58\x09\x4d\x1a\x97\x73\
\xca\x09\x1b\xf2\x8f\x5b\x7b\xb1\x65\xf7\x56\x59\xaf\x23\x49\x92\
\x24\x49\x92\x4a\xd4\x3a\x9d\x9a\x70\xc4\xa1\xeb\xd1\xba\x75\x03\
\x5e\x9d\x38\x97\xc5\x8b\xab\xf2\xbe\x43\x00\xe6\x51\xf3\x42\x54\
\xc1\x2a\x2f\x0f\x1c\x76\xe0\xba\x9c\x73\xc6\xc6\x74\x68\xdf\x38\
\xeb\x75\x24\x49\x92\x24\x49\x52\x1d\xf2\xe5\xfc\x65\x5c\x72\xc5\
\xfb\xfc\xed\xda\x49\x2c\xca\x63\x79\x13\x80\x8c\xbf\xd0\xfa\x6e\
\x21\xc0\xde\x3f\x6f\xcf\x9f\xce\xd9\x84\x6e\x5d\x7d\x15\x4a\x92\
\x24\x49\x92\x24\x65\xe7\x93\x4f\x17\x73\xde\x85\xef\x72\xeb\xb0\
\xa9\x54\x56\xa6\xaf\x53\x0a\xfa\xb9\xa5\x18\xa1\xb2\xb2\x9a\xaa\
\xaa\x82\xed\x95\x24\x49\x92\x24\x49\x52\x1d\x51\x5d\x5d\xd3\x53\
\xe4\xeb\x82\xe2\xa2\xf8\x3c\xaa\xac\x2c\x70\xd0\xfe\x9d\x38\xef\
\xac\x6e\x74\xea\xd8\x24\xeb\x75\x24\x49\x92\x24\x49\x52\x1d\x32\
\x67\xee\x52\x2e\xbe\xfc\x7d\xae\xba\xe1\x43\x96\x2c\xc9\xdf\xe7\
\x51\xe5\x40\x2f\x0a\xfc\x22\xe2\x18\xe1\x8d\xb7\xbe\xe4\xfa\xbf\
\x4f\xe1\xcb\x2f\x97\xb1\x55\x8f\x36\x34\x6a\x54\x9e\xf5\x5a\x92\
\x24\x49\x92\x24\xa9\x84\x55\x54\x54\x73\xf9\xd5\xff\x66\xbf\x43\
\x5e\x62\xd4\x73\x33\xf3\xf2\x49\xd4\xf2\x8a\xf2\xc9\xef\x35\xd7\
\x68\xc4\x5f\xfe\xbc\x39\x83\xf7\x5d\x3b\xeb\x55\x24\x49\x92\x24\
\x49\x52\x09\x7a\xe6\xb9\x59\x1c\x73\xd2\x44\xde\xff\xf7\x57\x99\
\xed\x10\x62\x8c\x84\x10\x46\x00\x03\x32\xdb\x62\x15\xed\xbc\xe3\
\xea\x5c\x73\xf9\x4f\xd8\xb0\x4b\xb3\xac\x57\x91\x24\x49\x92\x24\
\x49\x25\xe0\xf3\x99\x15\xfc\xee\xf7\x6f\x32\xec\x9e\x69\x79\xbb\
\xbb\xe6\xbb\x7c\x5d\xda\xb4\x00\x46\x01\x3d\xb3\x5d\x67\xe5\x35\
\x6c\x58\xc6\x69\x27\x6d\xc4\x99\x27\x77\xa5\x41\x83\x82\xbe\x57\
\x59\x92\x24\x49\x92\x24\x15\xa8\x18\xe1\xc6\x5b\xa7\x70\xc6\x39\
\xff\x62\xee\xbc\xa5\x59\xaf\x03\xd4\x96\x36\x00\x21\x84\xa6\xc0\
\xdf\x80\x5f\x52\xf3\xd9\x54\x51\xd9\x62\xf3\x56\xdc\x7a\x7d\x4f\
\x36\xdf\xb4\xa0\xef\x54\x96\x24\x49\x92\x24\x49\x05\xe6\xe3\x4f\
\x16\x73\xc4\xb1\xaf\xf2\xc4\xa8\xcf\xb3\x5e\xe5\xbf\xfc\xa7\xb4\
\xf9\xcf\xbf\x10\x42\x37\xe0\x50\xa0\x37\xd0\x91\x9a\x97\xa5\x1a\
\x03\x8d\xf2\xbd\xdc\xca\x6a\xd8\xb0\x8c\x73\xce\xe8\xc6\xef\x4e\
\xd8\x90\xf2\xf2\xa2\xeb\x9d\x24\x49\x92\x24\x49\x52\x9e\xdd\x31\
\x7c\x1a\x27\xfc\xee\x75\xe6\x7d\xb9\x2c\xeb\x55\xbe\xe1\x1b\xa5\
\xcd\x0a\xff\xc3\x21\xb4\x06\x9a\x03\xeb\x2d\xf7\xeb\x02\xfc\x84\
\x9a\x17\xa8\x0a\xa2\x29\xe9\xbd\x75\x5b\x6e\x1b\xda\x93\x2e\x9d\
\xbd\xeb\x46\x92\x24\x49\x92\x24\x7d\xd3\xec\x2f\x2a\xf8\xf5\x71\
\xaf\x71\xff\xc3\x9f\x66\xbd\xca\xf2\xa6\x02\x2f\x03\x1f\x02\x93\
\x57\xaa\xb4\x59\x91\x10\x42\x4b\x60\x6b\x6a\x9e\x10\xdf\x19\xe8\
\x0b\xd4\xcb\x49\xf8\x2a\x68\xd1\xbc\x3e\x43\xaf\xda\x92\x41\x03\
\x3a\x66\xb5\x82\x24\x49\x92\x24\x49\x2a\x40\x63\xc6\xcd\x66\xc8\
\xaf\x26\xf0\xf1\x27\x8b\xb3\x5c\x23\x02\xaf\x01\x4f\x00\x2f\x02\
\x13\x62\x8c\xff\xf5\x7d\x56\xce\x4a\x9b\xff\x15\x42\x68\x03\xec\
\x06\xec\x05\xec\x41\xcd\x09\x9d\xbc\x3b\xea\x57\x9d\xb9\xfc\xc2\
\xcd\x69\xd4\xa8\x3c\x8b\xf1\x92\x24\x49\x92\x24\xa9\x40\x54\x57\
\x47\x2e\xba\xfc\x7d\xce\xfd\xf3\x3b\x54\x56\x66\xf2\x34\xd4\x52\
\xe0\x49\xe0\x21\xe0\xe1\x18\xe3\x0a\x8f\xf9\x24\x2b\x6d\xfe\x6b\
\x48\xcd\x25\xc7\xfb\x52\x73\xc9\x71\x5f\xf2\xfc\x19\x55\xf7\xcd\
\x5a\x72\xf7\x6d\xdb\xf8\x34\xb8\x24\x49\x92\x24\x49\x75\xd4\xcc\
\x59\x15\x1c\x7c\xc4\xcb\x3c\xf9\x4c\x26\x97\x0d\xbf\x09\xdc\x0c\
\x0c\x8b\x31\xce\xfe\xa1\xff\xa5\xbc\x94\x36\xff\x35\x30\x84\x0d\
\x80\xa3\x81\x23\x80\xbc\xb5\x28\x2d\x9a\xd7\xe7\x8e\x9b\xb6\x62\
\xaf\xdd\xd7\xca\xd7\x48\x49\x92\x24\x49\x92\x54\x00\x5e\x99\x38\
\x97\x7d\x86\x8c\x67\xfa\xc7\x79\xfd\x1c\x6a\x19\x70\x17\x70\x75\
\x8c\xf1\x95\x55\x09\xc8\x7b\x69\xf3\x9f\xc1\x21\xb4\x00\x0e\x03\
\x4e\x05\xda\xe7\x67\x26\x9c\x7a\xe2\x46\xfc\xe9\x9c\x4d\x28\x2b\
\x2b\x88\x3b\x93\x25\x49\x92\x24\x49\x52\x42\xc3\xee\x99\xc6\x91\
\xc7\xbd\xc6\xa2\xc5\x55\xf9\x1a\xb9\x80\x9a\x53\x35\x97\xc5\x18\
\xa7\xfd\x98\xa0\xcc\x4a\x9b\xff\x2c\x10\x42\x63\xe0\x48\xe0\xf7\
\x40\xbb\x7c\xcc\xec\xb7\x47\x7b\x6e\x1b\xda\x93\x16\xcd\xeb\xe7\
\x63\x9c\x24\x49\x92\x24\x49\xca\xb3\x65\xcb\xaa\x39\xe5\xcc\x37\
\xb9\xea\x86\x0f\xf3\x35\x72\x11\xf0\x57\xe0\x2f\x31\xc6\xb9\xb9\
\x08\xcc\xbc\xb4\xf9\x5a\xed\xeb\x53\xa7\x02\x27\x02\x4d\x52\xcf\
\xeb\xd6\xb5\x05\x0f\xde\xb3\x2d\x9d\xd7\x6d\x9a\x7a\x94\x24\x49\
\x92\x24\x49\xca\xa3\x39\x73\x97\xb2\xef\x41\x2f\xf2\xec\xf3\xb3\
\xf2\x31\xae\x12\xb8\x05\x38\xf7\xfb\x2e\x16\x5e\x59\x05\x53\xda\
\x7c\x2d\x84\xd0\x1e\xb8\x10\x38\x88\xc4\x17\x16\xaf\xd6\xae\x21\
\x23\xef\xea\x4d\x9f\x6d\xda\xa6\x1c\x23\x49\x92\x24\x49\x92\xf2\
\x64\xd2\xe4\x05\xec\x39\xf0\x05\x3e\x98\xb4\x20\x1f\xe3\x9e\x00\
\x4e\x8c\x31\xbe\x97\x22\xbc\x2c\x45\xe8\x8f\x11\x63\xfc\x34\xc6\
\x78\x08\xb0\x03\xf0\x76\xca\x59\xb3\x66\x57\xb0\xcb\x5e\xcf\x73\
\xc7\xf0\x1f\xf5\x89\x99\x24\x49\x92\x24\x49\x2a\x00\xe3\x5e\xfa\
\x82\x3e\xbb\x8c\xce\x47\x61\xf3\x19\x70\x48\x8c\x71\xb7\x54\x85\
\x0d\x14\x60\x69\xf3\xb5\x18\xe3\x18\x60\x4b\xe0\x4c\x20\xd9\xf5\
\xce\x15\x15\xd5\x1c\x7a\xe4\xcb\x9c\x7b\xe1\x3b\x14\xd8\xa1\x23\
\x49\x92\x24\x49\x92\xf4\x03\xdd\xfe\x8f\x8f\xd8\x69\x8f\xe7\x99\
\x35\xbb\x22\xe5\x98\x6a\xe0\x6a\xa0\x6b\x8c\xf1\xf6\x94\x83\xa0\
\x00\x3f\x8f\xfa\x36\x21\x84\xce\xc0\xad\xc0\x76\x29\xe7\x1c\x32\
\x78\x1d\x6e\xbc\xba\x07\xf5\xea\xf9\xb2\x94\x24\x49\x92\x24\x49\
\xc5\xe2\x6f\xd7\x4d\xe2\xa4\xd3\xdf\x48\x7d\x18\x63\x2a\x70\x58\
\x8c\x71\x74\xd2\x29\xcb\x29\xd8\x93\x36\xcb\x8b\x31\x4e\x06\xfe\
\x0f\x38\x1d\x48\x56\x99\xdd\x76\xd7\x47\xec\x33\x64\x3c\x8b\xf3\
\xf7\x0c\x98\x24\x49\x92\x24\x49\x5a\x45\x31\xc2\x69\x7f\x78\x8b\
\xdf\x9e\x96\xb4\xb0\x89\xc0\x50\x60\xb3\x7c\x16\x36\x50\x24\x27\
\x6d\x96\x17\x42\xe8\x0e\xdc\x05\x74\x4b\x35\xa3\x6f\xef\x76\x3c\
\x70\x77\x6f\x5a\xb7\x6a\x90\x6a\x84\x24\x49\x92\x24\x49\xfa\x11\
\x96\x2e\xad\xe6\x97\x47\xbf\xc2\x5d\xf7\x4e\x4f\x39\x66\x06\x70\
\x68\x8c\xf1\xc9\x94\x43\xbe\x4b\xd1\x95\x36\x00\x21\x84\xc6\xc0\
\x45\xc0\xf1\xa9\x66\x74\xeb\xda\x82\xc7\x46\xf6\x65\xed\x8e\x8d\
\x53\x8d\x90\x24\x49\x92\x24\x49\xab\x60\xe1\xa2\x4a\x06\x1d\xf4\
\x12\x8f\x3d\xf5\x59\xca\x31\xcf\x02\x43\x62\x8c\x33\x52\x0e\x59\
\x91\xa2\x2c\x6d\xbe\x16\x42\x38\x08\xb8\x16\x68\x96\x22\x7f\x9d\
\xb5\x9b\xf0\xd8\x3f\xfb\xd2\x75\xc3\xe6\x29\xe2\x25\x49\x92\x24\
\x49\xd2\x4a\x9a\x33\x77\x29\x7b\xed\x3b\x8e\xf1\x13\xbe\x48\x35\
\xa2\x0a\xf8\x23\x70\x41\x8c\x31\xd3\xfb\x53\x8a\xba\xb4\x01\x08\
\x21\x6c\x0c\x8c\x04\xba\xa6\xc8\x6f\xd7\xb6\x21\x0f\xdd\xbb\x2d\
\xbd\x7a\xb6\x49\x11\x2f\x49\x92\x24\x49\x92\x7e\xa0\xa9\xd3\x16\
\xb1\xdb\x2f\xc6\xa4\x7c\xd2\xfb\x73\x60\xbf\x18\xe3\x73\xa9\x06\
\xac\x8c\xa2\xb8\x88\x78\x45\x62\x8c\xef\x02\x5b\x53\x53\xdc\xe4\
\xdc\xec\x2f\x2a\xd8\x65\xcf\x31\x3c\xfa\x64\xd2\x23\x57\x92\x24\
\x49\x92\x24\x69\x05\xde\x7e\x77\x3e\xdb\xff\x6c\x74\xca\xc2\x66\
\x22\xd0\xab\x50\x0a\x1b\x28\x81\xd2\x06\x20\xc6\xf8\x15\x30\x90\
\x9a\xd7\xa5\xaa\x73\x9d\xbf\x70\x51\x25\xbf\xd8\x7f\x1c\x77\x0c\
\x9f\x96\xeb\x68\x49\x92\x24\x49\x92\xf4\x3d\x5e\x99\x38\x97\x1d\
\x77\x7f\x8e\x8f\x3f\x59\x9c\x6a\xc4\x30\xa0\x4f\x8c\xf1\xa3\x54\
\x03\x56\x45\xd1\x7f\x1e\xf5\xbf\x42\x08\xfd\x80\x3b\x49\x70\xcf\
\x4d\x79\x79\x60\xe8\x55\x5b\x72\xd8\x81\xeb\xe6\x3a\x5a\x92\x24\
\x49\x92\x24\x7d\x8b\xd1\x63\x66\xb1\xf7\xa0\x71\x2c\x58\x58\x99\
\x22\xbe\x0a\x38\x29\xc6\x78\x65\x8a\xf0\x1f\xab\xe4\x4a\x1b\x80\
\x10\xc2\xe6\xc0\x43\x40\xa7\xdc\x67\xc3\x65\x17\x76\xe7\xc4\xdf\
\x74\xc9\x75\xb4\x24\x49\x92\x24\x49\x5a\xce\x63\x4f\x7d\xc6\xc0\
\x03\x5f\x64\xf1\xe2\x24\xf7\x01\x2f\x00\x06\xc7\x18\x1f\x4a\x11\
\x9e\x0b\x25\xf1\x79\xd4\xff\x8a\x31\xbe\x09\x6c\x03\xbc\x92\xfb\
\x6c\x38\xe9\xf4\x37\x38\xef\xc2\x77\x73\x1d\x2d\x49\x92\x24\x49\
\x92\x6a\x3d\xf8\xe8\x0c\x06\x0c\x1e\x9f\xaa\xb0\xf9\x04\xd8\xa1\
\x90\x0b\x1b\x28\xd1\xd2\x06\xa0\xf6\x1d\xf5\x1d\x81\x07\x52\xe4\
\x9f\x77\xe1\x3b\x9c\xfd\xc7\xb7\x53\x44\x4b\x92\x24\x49\x92\x54\
\xa7\xdd\x31\x7c\x1a\x03\x0f\x1c\x4f\x45\x45\xce\xaf\xad\x85\x9a\
\x03\x1e\x5b\xc5\x18\x5f\x4b\x11\x9e\x4b\x25\xf9\x79\xd4\xf2\x42\
\x08\xe5\xc0\x35\xc0\x91\x29\xf2\x7f\x73\x44\x67\xae\xbc\x74\x0b\
\xca\xca\x42\x8a\x78\x49\x92\x24\x49\x92\xea\x94\x1b\x6e\x9e\xcc\
\x31\x27\xbd\x4e\x75\x75\x92\xbe\xe2\x19\xa0\x7f\x8c\x71\x7e\x8a\
\xf0\x5c\x2b\xd9\x93\x36\x5f\x8b\x31\x56\xc5\x18\x8f\xa2\xe6\x65\
\xa9\x9c\xbb\xf6\xc6\xc9\x1c\x76\xd4\x2b\x54\x56\x96\x76\xf9\x25\
\x49\x92\x24\x49\x52\x6a\x57\x0f\xfd\x90\xdf\xfc\x76\x62\xaa\xc2\
\x66\x24\xb0\x47\xb1\x14\x36\x50\x07\x4a\x9b\xaf\xc5\x18\x2f\x06\
\x8e\x25\xc1\x93\xe0\x77\x0c\x9f\xc6\xa1\x47\xbe\x6c\x71\x23\x49\
\x92\x24\x49\xd2\x2a\x3a\xef\xc2\x77\x39\xfe\x94\xd7\x49\xf4\x41\
\xd0\xdf\x80\x7d\x63\x8c\x4b\x92\xa4\x27\x52\xf2\x9f\x47\xfd\xaf\
\x10\x42\x7f\xe0\x2e\xa0\x51\xae\xb3\xf7\xdc\x6d\x2d\xee\xb9\xbd\
\x17\x8d\x1a\x95\xe7\x3a\x5a\x92\x24\x49\x92\xa4\x92\x75\xce\x9f\
\xde\xe1\x82\x8b\x93\x3c\xf8\x13\x81\xf3\x63\x8c\xe7\xa6\x08\x4f\
\xad\xce\x95\x36\x00\x21\x84\x1d\x81\xfb\x81\x96\xb9\xce\xde\x6d\
\x97\x35\x18\x31\xac\x37\x8d\x1b\x5b\xdc\x48\x92\x24\x49\x92\xb4\
\x22\x5f\xbf\xd0\xfc\xb7\xeb\x26\xa5\x88\xaf\x02\x8e\x8e\x31\xde\
\x98\x22\x3c\x1f\xea\x64\x69\x03\x10\x42\xd8\x0c\x78\x0c\xe8\x90\
\xeb\xec\xed\xfb\xb4\xe3\xa1\x7b\xfb\xd0\xbc\x59\xbd\x5c\x47\x4b\
\x92\x24\x49\x92\x54\x12\xaa\xaa\x22\x47\x1e\xff\x1a\x37\xdf\x31\
\x35\x45\x7c\x05\x30\x38\xc6\x38\x32\x45\x78\xbe\xd4\xd9\xd2\x06\
\x20\x84\xb0\x3e\xf0\x24\xd0\x39\xd7\xd9\xdb\xf6\x6a\xcb\x23\x23\
\xfa\xd0\xb2\x45\xfd\x5c\x47\x4b\x92\x24\x49\x92\x54\xd4\x96\x2d\
\xab\xe6\x90\x23\x5f\x61\xf8\x7d\xd3\x53\xc4\xcf\x05\xf6\x8c\x31\
\x8e\x4b\x11\x9e\x4f\x75\xba\xb4\x01\x08\x21\xac\x09\x3c\x05\x6c\
\x9a\xeb\xec\x2d\xbb\xb7\xe2\xf1\xfb\xfb\xd2\xae\x6d\xc3\x5c\x47\
\x4b\x92\x24\x49\x92\x54\x94\x96\x2e\xad\x66\xf0\x2f\x27\x30\xf2\
\xc1\x4f\x52\xc4\xcf\x04\x7e\x16\x63\x7c\x3d\x45\x78\xbe\xd5\xf9\
\xd2\x06\x20\x84\xb0\x3a\xf0\x04\xb0\x45\xae\xb3\x37\xde\xa8\x39\
\x4f\x3d\xb8\x3d\xed\xd7\xca\xf9\xbd\xc7\x92\x24\x49\x92\x24\x15\
\x95\x45\x8b\xab\xd8\x67\xf0\x78\x9e\x18\xf5\x79\x8a\xf8\xcf\x80\
\x5d\x63\x8c\xff\x4a\x11\x9e\x05\x4b\x9b\x5a\x21\x84\xd6\xd4\xdc\
\x71\xd3\x2b\xd7\xd9\x1b\x6d\xd0\x9c\x27\x1f\xd8\x8e\xb5\x3b\x36\
\xce\x75\xb4\x24\x49\x92\x24\x49\x45\x61\xfe\x57\xcb\xe8\xb7\xdf\
\x78\x9e\x1b\x3b\x2b\x45\xfc\x54\x60\x97\x18\xe3\x87\x29\xc2\xb3\
\x62\x69\xb3\x9c\x10\x42\x53\x6a\x5e\x95\xda\x25\xd7\xd9\x9d\x3a\
\x36\xe1\x89\x07\xfa\xb2\xd1\x06\xcd\x73\x1d\x2d\x49\x92\x24\x49\
\x52\x41\x9b\x33\x77\x29\x7b\x0e\x7c\x81\x17\x5f\x9e\x93\x22\xfe\
\x7d\x6a\x4e\xd8\x24\xb9\x20\x27\x4b\x96\x36\xff\x23\x84\xd0\x10\
\xb8\x1b\xe8\x97\xeb\xec\x36\xad\x1b\xf0\xc8\x88\x3e\xf4\xea\xd9\
\x26\xd7\xd1\x92\x24\x49\x92\x24\x15\xa4\x19\x9f\x2d\x61\xb7\xfe\
\x63\x79\xeb\xed\x2f\x53\xc4\xbf\x43\x4d\x61\xf3\x69\x8a\xf0\xac\
\x95\x65\xbd\x40\xa1\x89\x31\x56\x00\x83\x80\xfb\x72\x9d\x3d\x67\
\xee\x52\x76\xdd\x6b\x0c\x4f\x3f\x3b\x33\xd7\xd1\x92\x24\x49\x92\
\x24\x15\x9c\xc9\x53\x17\xb2\xdd\x4f\x47\xa7\x2a\x6c\x5e\x05\x76\
\x28\xd5\xc2\x06\x2c\x6d\xbe\x55\x8c\x71\x29\x70\x00\x70\x67\xae\
\xb3\x17\x2c\xac\xa4\xdf\xfe\xe3\x78\xe8\xb1\x19\xb9\x8e\x96\x24\
\x49\x92\x24\xa9\x60\xbc\xf6\xc6\x3c\xb6\xdd\xf9\x59\x26\x4f\x5d\
\x98\x22\x7e\x0c\xb0\x53\x8c\x71\x76\x8a\xf0\x42\x61\x69\xf3\x1d\
\x62\x8c\x95\xc0\xc1\xc0\xd5\xb9\xce\x5e\xbc\xb8\x8a\x01\x83\xc7\
\x73\xcb\x9d\x53\x73\x1d\x2d\x49\x92\x24\x49\x52\xe6\x9e\x7f\x61\
\x36\x3b\xef\xf1\x3c\x33\x67\x55\xa4\x88\x1f\x0d\xfc\x3c\xc6\x38\
\x3f\x45\x78\x21\xb1\xb4\x59\x81\x58\x73\xe1\xcf\xf1\xc0\x15\xb9\
\xce\xae\xaa\x8a\x1c\x7e\xcc\xab\x5c\x7e\xf5\xbf\x73\x1d\x2d\x49\
\x92\x24\x49\x52\x66\x1e\x7e\x7c\x06\xbb\x0f\x18\xcb\x97\xf3\x97\
\xa5\x88\x7f\x04\xd8\x3d\xc6\xb8\x20\x45\x78\xa1\xb1\xb4\xf9\x1e\
\xb1\xc6\x49\xc0\x85\xb9\xcf\x86\x53\xce\x7c\x93\x73\xfe\xf4\x0e\
\xde\x07\x2d\x49\x92\x24\x49\x2a\x76\xb7\xdd\xf5\x11\x03\x06\x8f\
\x67\xf1\xe2\xaa\x14\xf1\xf7\x02\xfd\x63\x8c\x4b\x52\x84\x17\x22\
\x5f\x8f\x5a\x09\x21\x84\xd3\x80\x8b\x52\x64\x0f\x1a\xd0\x91\x5b\
\xae\xeb\x49\xe3\xc6\xe5\x29\xe2\x25\x49\x92\x24\x49\x4a\x26\x46\
\x38\xef\xa2\x77\xb8\xe0\xa2\x77\x53\x1d\x4a\xb8\x0b\x38\xa4\xf6\
\x2a\x93\x3a\xc3\xd2\x66\x25\x85\x10\x8e\x01\xae\x02\x42\xae\xb3\
\x7b\x6f\xdd\x96\xfb\x87\xf7\x66\xb5\x76\x0d\x73\x1d\x2d\x49\x92\
\x24\x49\x52\x12\x15\x15\xd5\x1c\x71\xec\xab\xdc\x79\xf7\xb4\x54\
\x23\x86\x02\x47\xc7\x18\xab\x53\x0d\x28\x54\x96\x36\xab\x20\x84\
\xf0\x6b\xe0\x3a\x12\x7c\x5e\xb6\xfe\x7a\x4d\x79\xe8\xde\x3e\x74\
\xdd\xb0\x79\xae\xa3\x25\x49\x92\x24\x49\xca\xa9\x2f\xe6\x2c\x65\
\x9f\x21\xe3\x79\xfe\x85\x64\x8f\x38\x5d\x03\x1c\x17\xeb\x68\x79\
\x61\x69\xb3\x8a\x42\x08\x83\x81\xdb\x80\x7a\xb9\xce\x6e\xd3\xba\
\x01\xf7\xdd\xb9\x0d\x3b\x6e\xb7\x5a\xae\xa3\x25\x49\x92\x24\x49\
\xca\x89\x49\x93\x17\xb0\xe7\xc0\x17\xf8\x60\x52\xb2\x3b\x81\x2f\
\x8e\x31\x9e\x9e\x2a\xbc\x18\x78\x11\xf1\x2a\x8a\x31\xde\x05\xec\
\x0f\xe4\xfc\xfd\xb2\x39\x73\x97\xb2\xfb\x80\xb1\xdc\x31\x3c\xd9\
\xd1\x32\x49\x92\x24\x49\x92\x56\xd9\xe8\x31\xb3\xe8\xb5\xe3\xb3\
\xa9\x0a\x9b\x08\x9c\x5a\xd7\x0b\x1b\xb0\xb4\xf9\x51\x62\x8c\x23\
\x80\x3d\x81\x9c\xff\xaf\xb4\xa2\xa2\x9a\x43\x8f\x7c\x99\x73\xff\
\xec\xcb\x52\x92\x24\x49\x92\xa4\xc2\x71\xeb\xb0\x8f\xd8\xad\xff\
\x58\xe6\xce\x5b\x9a\x22\xbe\x0a\x38\x22\xc6\x78\x69\x8a\xf0\x62\
\xe3\xe7\x51\x39\x10\x42\xe8\x09\x3c\x06\xb4\x4b\x91\xbf\xe7\x6e\
\x6b\x71\xfb\x8d\x5b\xd1\xaa\x65\xfd\x14\xf1\x92\x24\x49\x92\x24\
\x7d\xaf\xca\xca\xc8\x1f\x2e\x78\x9b\x8b\xaf\x78\x3f\xd5\x88\xa5\
\xc0\x81\x31\xc6\x7b\x53\x0d\x28\x36\x96\x36\x39\x12\x42\xd8\x18\
\x78\x12\xe8\x98\x22\xbf\x4b\xe7\x66\x8c\x18\xb6\x0d\x9b\x6d\xd2\
\x32\x45\xbc\x24\x49\x92\x24\x49\xdf\xe9\xd3\x19\x4b\x18\x74\xf0\
\x8b\x8c\x7b\xe9\x8b\x54\x23\x16\x02\x03\x62\x8c\x4f\xa6\x1a\x50\
\x8c\x2c\x6d\x72\x28\x84\xb0\x2e\xf0\x14\xd0\x25\x45\x7e\xd3\x26\
\xf5\xb8\xe1\xaa\x2d\x19\xbc\xef\xda\x29\xe2\x25\x49\x92\x24\x49\
\xfa\x86\xd1\x63\x66\x71\xc0\x61\x2f\xf1\xf9\xcc\x9c\x5f\xe9\xfa\
\xb5\x2f\x80\x9f\xc7\x18\x27\xa4\x1a\x50\xac\x2c\x6d\x72\x2c\x84\
\xb0\x06\xf0\x38\xb0\x45\xaa\x19\x07\xed\xdf\x89\x6b\xae\xf8\x09\
\xcd\x9a\xe6\xfc\xe1\x2a\x49\x92\x24\x49\x92\x80\x9a\xcf\xa1\xfe\
\x78\xe9\xbb\xfc\xe9\x92\xf7\xa8\xaa\x4a\xd6\x1d\xcc\x00\x76\x8b\
\x31\xbe\x99\x6a\x40\x31\xb3\xb4\x49\x20\x84\xd0\x0a\x78\x08\xe8\
\x9b\x6a\xc6\xba\x9d\x9a\x70\xe7\xdf\xb7\x66\xdb\x5e\x6d\x53\x8d\
\x90\x24\x49\x92\x24\xd5\x51\x1f\x4d\x5f\xc4\x41\x87\xbf\xcc\xd8\
\xf1\xb3\x53\x8e\x99\x02\xec\x1a\x63\xfc\x30\xe5\x90\x62\xe6\xeb\
\x51\x09\xc4\x18\xe7\x01\x3f\x03\xee\x4f\x35\x63\xea\xb4\x45\xec\
\xb4\xc7\xf3\xfc\xf9\x2f\xef\x51\x59\x69\xf1\x26\x49\x92\x24\x49\
\xca\x8d\x5b\x87\x7d\xc4\x16\xbd\x9f\x4e\x5d\xd8\x4c\x00\x7a\x5b\
\xd8\xac\x98\x27\x6d\x12\x0a\x21\x04\xe0\x9c\xda\x5f\x32\x9b\x6f\
\xda\x92\x9b\xae\xe9\x41\xcf\x9f\xb4\x4e\x39\x46\x92\x24\x49\x92\
\x54\xc2\x3e\x9a\xbe\x88\xa3\x8e\x7f\x8d\x27\x46\x7d\x9e\x7a\xd4\
\x48\xe0\xa0\x18\xe3\xa2\xd4\x83\x8a\x9d\xa5\x4d\x1e\x84\x10\x8e\
\x02\xae\x02\x92\x5d\x42\x53\xaf\x5e\xe0\x77\x27\x6c\xc8\x59\xa7\
\x6e\x4c\xe3\xc6\xe5\xa9\xc6\x48\x92\x24\x49\x92\x4a\x4c\x55\x55\
\xe4\xda\x9b\x26\xf3\xfb\x73\xff\xc5\x82\x85\x95\xa9\xc7\x5d\x02\
\x9c\x11\x63\xac\x4e\x3d\xa8\x14\x58\xda\xe4\x49\x08\x61\x57\xe0\
\x5e\x20\xe9\x9b\xdd\x1d\x3b\x34\xe6\x8f\x67\x6f\xc2\x41\xfb\xaf\
\x43\x08\x29\x27\x49\x92\x24\x49\x92\x8a\xdd\x73\x63\x67\xf1\xdb\
\xd3\xdf\xe4\xf5\x37\xe7\xa5\x1e\x55\x09\x9c\x10\x63\xbc\x36\xf5\
\xa0\x52\x62\x69\x93\x47\x21\x84\xcd\x80\x87\x81\x4e\xa9\x67\x6d\
\xdf\xa7\xce\xd8\x17\xac\x00\x00\x04\x1a\x49\x44\x41\x54\x1d\x7f\
\xbd\xb8\x3b\x5b\x6c\xde\x2a\xf5\x28\x49\x92\x24\x49\x52\x91\x99\
\x3a\x6d\x11\xa7\x9e\xf5\x26\xf7\xdd\xff\x49\x3e\xc6\xcd\x03\xf6\
\x8d\x31\x3e\x9d\x8f\x61\xa5\xc4\xd2\x26\xcf\x42\x08\x6b\x02\x0f\
\x02\x5b\xa5\x9f\x05\x7b\xfc\x6c\x2d\xce\xfd\x7d\x37\xb6\xec\x6e\
\x79\x23\x49\x92\x24\x49\x75\xdd\xf4\x8f\x17\x73\xd9\x95\x1f\x30\
\xf4\xd6\x29\x2c\x59\x52\x95\x8f\x91\x53\x80\x3d\x63\x8c\xef\xe4\
\x63\x58\xa9\xb1\xb4\xc9\x40\x08\xa1\x09\x70\x27\xd0\x3f\x1f\xf3\
\xca\xca\x02\x03\xf6\x6e\xcf\x99\xa7\x74\xf5\xe4\x8d\x24\x49\x92\
\x24\xd5\x41\x53\x3e\x5a\xc8\x25\x57\x7c\xc0\x2d\x77\x4e\x65\xe9\
\xd2\xbc\x5d\x27\xf3\x22\xd0\x2f\xc6\x38\x33\x5f\x03\x4b\x8d\xa5\
\x4d\x46\x42\x08\x65\xd4\xbc\x2a\xf5\x07\x20\x6f\xb7\xcf\xf4\xed\
\xdd\x8e\xa3\x0e\xef\xcc\xc0\x7e\x1d\x68\xd0\xc0\x17\xdf\x25\x49\
\x92\x24\xa9\x54\x55\x57\x47\x9e\x18\xf5\x39\xd7\xdd\x38\x99\x47\
\x9f\xfc\x8c\xea\xea\xbc\xfe\xf9\xff\x56\xe0\xe8\x18\xe3\x92\x7c\
\x0e\x2d\x35\x96\x36\x19\x0b\x21\xec\x01\xdc\x01\xe4\xf5\xbd\xee\
\xd5\x57\x6b\xc8\x90\x41\x9d\x18\xd0\xaf\x03\xbd\xb7\x6e\x43\x59\
\x99\xb7\x16\x4b\x92\x24\x49\x52\x29\x78\xeb\xed\x2f\x19\xf1\xe0\
\x27\x0c\x1b\x3e\x8d\x0f\xa7\x2c\xcc\xf7\xf8\x0a\x6a\x2e\x1c\xbe\
\x21\xdf\x83\x4b\x91\xa5\x4d\x01\x08\x21\xac\x0f\x8c\x00\xba\x67\
\x31\xbf\xfd\x5a\x8d\xe8\xbf\x57\x07\x76\xdd\x69\x0d\xfa\x6c\xd3\
\x96\xb6\x6d\x1a\x64\xb1\x86\x24\x49\x92\x24\x69\x15\x2c\x58\x58\
\xc9\xf8\x09\x73\x78\x66\xf4\x4c\x46\x3e\xf8\x09\xff\xfe\x70\x41\
\x56\xab\x4c\x07\x06\xc6\x18\x27\x64\xb5\x40\xa9\xb1\xb4\x29\x10\
\x21\x84\xc6\xc0\x95\xc0\xe1\xd9\xee\x01\x1b\x6f\xd4\x82\x3e\xdb\
\xb4\x65\x93\x6e\x2d\xe8\xd2\xb9\x19\x5d\x3a\x37\x63\xdd\x4e\x4d\
\xfc\x9c\x4a\x92\x24\x49\x92\x32\x54\x55\x15\x99\xf6\xf1\x22\x26\
\x4d\x5e\xc8\x87\x93\x17\xf0\xde\xfb\x5f\x31\xee\xa5\x2f\x78\xfd\
\xad\x79\x54\x56\x66\xfe\x67\xfb\xc7\x80\x43\x62\x8c\xb3\xb2\x5e\
\xa4\x94\x58\xda\x14\x98\x10\xc2\x40\x60\x28\x79\xfe\x5c\xea\x87\
\x68\xdd\xaa\x01\x4d\x9b\x96\xd3\xa4\x71\x39\xcd\x9b\xd5\xcf\x7a\
\x1d\x49\x92\x24\x49\x2a\x79\x8b\x16\x57\xb2\x70\x61\x15\x5f\x2d\
\xa8\xe4\xcb\xf9\xcb\xf2\x7d\x2f\xcd\x0f\x51\x01\x9c\x01\xfc\x35\
\x5a\x30\xe4\x9c\xa5\x4d\x01\x0a\x21\xac\x4d\xcd\x3d\x37\x3b\x64\
\xbd\x8b\x24\x49\x92\x24\x49\xdf\xe1\x7d\xe0\x80\x18\xe3\xc4\xac\
\x17\x29\x55\x7e\xef\x52\x80\x62\x8c\xd3\x81\x9d\x81\xdf\x53\xd3\
\x5a\x4a\x92\x24\x49\x92\x54\x28\x22\x70\x1d\xd0\xc3\xc2\x26\x2d\
\x4f\xda\x14\xb8\x10\x42\x17\xe0\x26\x3c\x75\x23\x49\x92\x24\x49\
\xca\xde\x64\xe0\x88\x18\xe3\x33\x59\x2f\x52\x17\x78\xd2\xa6\xc0\
\xc5\x18\x27\x01\xff\x07\x1c\x09\x64\x76\x05\xb8\x24\x49\x92\x24\
\xa9\x4e\xab\xa4\xe6\xf1\x9c\xcd\x2d\x6c\xf2\xc7\x93\x36\x45\x24\
\x84\xb0\x1e\x70\x19\xd0\x3f\xeb\x5d\x24\x49\x92\x24\x49\x75\xc6\
\x0b\xc0\xf1\x31\xc6\xd7\xb2\x5e\xa4\xae\xf1\xa4\x4d\x11\x89\x31\
\x4e\x89\x31\x0e\x00\x76\x02\xde\xcc\x7a\x1f\x49\x92\x24\x49\x52\
\x49\xfb\x04\x38\x04\xd8\xce\xc2\x26\x1b\x9e\xb4\x29\x52\x21\x84\
\x72\xe0\xd7\xc0\xf9\x40\xbb\x8c\xd7\x91\x24\x49\x92\x24\x95\x8e\
\x45\xc0\xa5\xc0\x25\x31\xc6\x45\x59\x2f\x53\x97\x59\xda\x14\xb9\
\x10\x42\x33\xe0\x58\xe0\x64\x2c\x6f\x24\x49\x92\x24\x49\xab\x6e\
\x21\x35\xaf\x42\x5d\x1a\x63\x9c\x99\xf5\x32\xb2\xb4\x29\x19\x21\
\x84\xa6\xc0\xe1\xc0\x69\xc0\x5a\x19\xaf\x23\x49\x92\x24\x49\x2a\
\x1e\x0b\x81\xbf\x03\x17\xc5\x18\x67\x64\xbd\x8c\xfe\x3f\x4b\x9b\
\x12\x53\x5b\xde\x1c\x04\x1c\x0d\x6c\x9e\xf1\x3a\x92\x24\x49\x92\
\xa4\xc2\x35\x15\xb8\x01\xb8\x29\xc6\x38\x3b\xe3\x5d\xf4\x2d\x2c\
\x6d\x4a\x58\x08\xa1\x07\x35\xf7\xde\x1c\x04\x34\xce\x78\x1d\x49\
\x92\x24\x49\x52\xf6\xaa\x81\x67\x80\xa1\xc0\x3f\x63\x8c\x95\x19\
\xef\xa3\x15\xb0\xb4\xa9\x03\x42\x08\xab\x01\x03\x80\x81\xc0\x8e\
\x40\xbd\x4c\x17\x92\x24\x49\x92\x24\xe5\x53\x04\x5e\x02\x46\x02\
\xf7\xc6\x18\xa7\x66\xbb\x8e\x7e\x28\x4b\x9b\x3a\x26\x84\xd0\x16\
\xd8\x9b\x9a\x12\x67\x07\xa0\x79\xb6\x1b\x49\x92\x24\x49\x92\x12\
\x58\x02\x8c\x07\xee\x07\x46\xc6\x18\x3f\xce\x78\x1f\xad\x02\x4b\
\x9b\x3a\xac\xf6\xd9\xf0\xae\x40\x1f\xa0\x2f\xb0\x1d\xb0\x6e\x96\
\x3b\x49\x92\x24\x49\x92\x56\xc9\x57\xd4\x9c\xa6\x79\x01\x18\x0b\
\x8c\x8d\x31\x2e\xc9\x76\x25\xfd\x58\x96\x36\xfa\x2f\x21\x84\x36\
\x40\x97\xda\xdf\xfa\xc0\x06\x40\x7b\xa0\x15\xd0\x0c\x68\x5a\xfb\
\x6b\x9d\xd5\x8e\x92\x24\x49\x92\x54\x87\xcc\xa7\xe6\x75\xa7\x45\
\xc0\x3c\x60\x01\xf0\x19\x30\x69\xb9\xdf\xbf\x63\x8c\x9f\x67\xb6\
\xa1\x92\xf9\x7f\x56\x56\x15\x34\x6d\xe7\xb3\xa6\x00\x00\x00\x00\
\x49\x45\x4e\x44\xae\x42\x60\x82\
\x00\x00\x48\x7f\
\x89\
\x50\x4e\x47\x0d\x0a\x1a\x0a\x00\x00\x00\x0d\x49\x48\x44\x52\x00\
\x00\x09\x2d\x00\x00\x01\x2c\x08\x06\x00\x00\x00\x2c\x7c\x04\x0e\
\x00\x00\x00\x09\x70\x48\x59\x73\x00\x00\x0f\x61\x00\x00\x0f\x61\
\x01\xa8\x3f\xa7\x69\x00\x00\x00\x19\x74\x45\x58\x74\x53\x6f\x66\
\x74\x77\x61\x72\x65\x00\x77\x77\x77\x2e\x69\x6e\x6b\x73\x63\x61\
\x70\x65\x2e\x6f\x72\x67\x9b\xee\x3c\x1a\x00\x00\x20\x00\x49\x44\
\x41\x54\x78\x9c\xec\xdd\x79\xb8\x1f\xf2\x9d\xf7\xff\xd7\x27\xb2\
\x10\x5b\xd4\x4e\xd4\xd2\x4e\xd5\x52\xa5\x1a\x3a\xa5\x34\xc4\x9a\
\xd2\x5a\x22\x55\xd2\xa0\x42\xab\xb6\xd6\xdc\xd5\x99\xfe\xe6\x47\
\xe7\x36\x1d\x6a\xee\xda\x4a\x35\x6a\x2c\x15\xaa\xb1\xb4\xc4\x56\
\x44\x22\x54\x4a\xab\x0c\x4a\x37\xb4\xa5\x6a\x54\x51\x6d\x48\x22\
\xf9\xdc\x7f\x84\x99\xb6\x77\x17\xe7\xe4\x9c\x7c\xce\xf7\x9c\xc7\
\xe3\xba\xce\xc5\x75\xae\xc8\x79\x26\xe7\x5c\xfe\x7a\x5d\xef\x4f\
\xa9\xb5\x06\x58\x3c\xa5\x94\x65\x92\xec\x9b\xe4\x23\x49\xb6\x4b\
\x52\xda\x16\x01\x00\x00\x00\x00\x00\x00\xd0\x83\x6a\x92\x99\x49\
\xce\x4f\x72\x45\xad\xf5\xe5\xc6\x3d\xd0\xf1\x8a\xd1\x12\x74\x5f\
\x29\x65\xcd\x24\x87\x27\x39\x32\xc9\xca\x8d\x73\x00\x00\x00\x00\
\x00\x00\x00\xe8\x7d\x2f\x24\xb9\x28\xc9\xff\xa9\xb5\xfe\xbc\x75\
\x0c\x74\x2a\xa3\x25\xe8\x86\x52\xca\xdf\x27\x39\x36\xc9\xde\x49\
\x06\x37\xce\x01\x00\x00\x00\x00\x00\x00\x60\xc9\x9b\x9f\xe4\xca\
\x24\x67\xd4\x5a\x67\xb7\x8e\x81\x4e\x63\xb4\x04\x5d\x50\x4a\xd9\
\x36\xc9\xf1\x49\xde\xd7\xba\x05\x00\x00\x00\x00\x00\x00\x80\x3e\
\xe3\xce\x24\x27\xd4\x5a\x6f\x6d\x1d\x02\x9d\xc2\x68\x09\x5e\x87\
\x57\xc7\x4a\x27\x24\x19\xd3\xba\x05\x00\x00\x00\x00\x00\x00\x80\
\x3e\xeb\xce\x24\x27\xd6\x5a\x6f\x69\x1d\x02\x7d\x9d\xd1\x12\xfc\
\x15\xaf\x8e\x95\x4e\x4c\xb2\x63\xe3\x14\x00\x00\x00\x00\x00\x00\
\x00\x3a\xc7\x9d\x49\x4e\xa9\xb5\x5e\xdb\x3a\x04\xfa\x2a\xa3\x25\
\xf8\x33\x5e\x1d\x2b\x7d\x36\xc9\x0e\xad\x5b\x00\x00\x00\x00\x00\
\x00\x00\xe8\x58\xc6\x4b\xf0\x17\x18\x2d\xc1\x1f\x28\xa5\x6c\x9e\
\xe4\xf4\x24\xdb\xb7\x6e\x01\x00\x00\x00\x00\x00\x00\xa0\xdf\xb8\
\x2d\xc9\x27\x6a\xad\xf7\xb7\x0e\x81\xbe\x62\x50\xeb\x00\xe8\x0b\
\x4a\x29\x2b\x97\x52\xce\x48\xf2\xdd\x18\x2c\x01\x00\x00\x00\x00\
\x00\x00\xd0\xb3\x46\x27\xb9\xb7\x94\x72\x71\x29\x65\xf5\xd6\x31\
\xd0\x17\xb8\xb4\xc4\x80\x56\x4a\x19\x92\xe4\x88\x2c\x7a\x0a\x6e\
\xc5\xc6\x39\x00\x00\x00\x00\x00\x00\x00\xf4\x7f\xcf\x27\x39\x39\
\xc9\xe9\xb5\xd6\xb9\xad\x63\xa0\x15\xa3\x25\x06\xac\x52\xca\x98\
\x24\x67\x24\xd9\xb8\x75\x0b\x00\x00\x00\x00\x00\x00\x00\x03\xce\
\x8f\x93\x7c\xa6\xd6\x3a\xb5\x75\x08\xb4\x60\xb4\xc4\x80\x53\x4a\
\xd9\x38\xc9\x69\x49\x76\x6e\xdd\x02\x00\x00\x00\x00\x00\x00\xc0\
\x80\x77\x63\x92\x4f\xd4\x5a\x1f\x69\x1d\x02\x4b\xd2\xa0\xd6\x01\
\xb0\xa4\x94\x52\x86\x94\x52\x8e\x4f\x72\x6f\x0c\x96\x00\x00\x00\
\x00\x00\x00\x00\xe8\x1b\x76\x4d\xf2\x9f\xa5\x94\x93\x4b\x29\xc3\
\x5a\xc7\xc0\x92\xe2\xd2\x12\x03\x42\x29\x65\x8b\x24\xe7\x27\xd9\
\xa2\x75\x0b\x00\x00\x00\x00\x00\x00\x00\xfc\x05\x0f\x26\xf9\x48\
\xad\xf5\xee\xd6\x21\xd0\xdb\x5c\x5a\xa2\x5f\x2b\xa5\x2c\x53\x4a\
\x39\x39\xc9\x3d\x31\x58\x02\x00\x00\x00\x00\x00\x00\xa0\x6f\xdb\
\x34\xc9\x5d\xa5\x94\x2f\x97\x52\x96\x6d\x1d\x03\xbd\xc9\xa5\x25\
\xfa\xad\x52\xca\xb6\x49\xbe\x92\x64\xc3\xd6\x2d\x00\x00\x00\x00\
\x00\x00\x00\xd0\x45\x8f\x26\x99\x54\x6b\x9d\xde\x3a\x04\x7a\x83\
\x4b\x4b\xf4\x3b\xa5\x94\x15\x4a\x29\x67\x24\x99\x19\x83\x25\x00\
\x00\x00\x00\x00\x00\x00\x3a\xd3\x06\x49\x6e\x79\xf5\xea\xd2\x0a\
\xad\x63\xa0\xa7\xb9\xb4\x44\xbf\x52\x4a\xd9\x3e\xc9\xc5\x49\xde\
\xd8\xba\x05\x00\x00\x00\x00\x00\x00\x00\x7a\xc8\xcf\x92\x4c\xa8\
\xb5\xce\x6a\x1d\x02\x3d\xc5\xa5\x25\xfa\x85\x52\xca\xe0\x52\xca\
\x89\x49\x6e\x8d\xc1\x12\x00\x00\x00\x00\x00\x00\x00\xfd\xcb\xba\
\x49\x66\x94\x52\xce\x28\xa5\x0c\x69\x1d\x03\x3d\xc1\xa5\x25\x3a\
\x5e\x29\x65\xbd\x24\x97\x24\xd9\xa6\x6d\x09\x00\x00\x00\x00\x00\
\x00\x00\xf4\xba\xbb\x93\x1c\x50\x6b\xfd\x49\xeb\x10\x58\x1c\x2e\
\x2d\xd1\xd1\x4a\x29\xe3\x92\x7c\x3f\x06\x4b\x00\x00\x00\x00\x00\
\x00\x00\x0c\x0c\x5b\x25\xb9\xb7\x94\x72\x58\xeb\x10\x58\x1c\x2e\
\x2d\xd1\x91\x4a\x29\x2b\x24\x39\x3b\xc9\x81\xad\x5b\x00\x00\x00\
\x00\x00\x00\x00\xa0\x91\xa9\x49\x0e\xaf\xb5\x3e\xd7\x3a\x04\xba\
\xca\x68\x89\x8e\x53\x4a\x79\x77\x92\x4b\xb3\xe8\xcd\x4e\x00\x00\
\x00\x00\x00\x00\x00\x18\xc8\x1e\x4d\xf2\xa1\x5a\xeb\x77\x5a\x87\
\x40\x57\x18\x2d\xd1\x51\x4a\x29\x47\x27\xf9\xf7\x24\x43\x5a\xb7\
\xf4\x65\x43\x87\x0e\xcd\xca\x2b\xaf\x9c\x37\xbc\xe1\x0d\x79\xc3\
\x1b\xde\x90\x95\x56\x5a\x29\xc3\x86\x0d\x4b\x92\x2c\xbb\xec\xb2\
\x19\x3a\x74\x68\xe3\x42\x00\x00\x00\x00\x00\x00\x80\xff\x31\x6f\
\xde\xbc\xfc\xfe\xf7\xbf\x4f\x92\xcc\x9d\x3b\x37\xcf\x3d\xf7\x5c\
\x7e\xf3\x9b\xdf\xe4\x37\xbf\xf9\x4d\x9e\x7d\xf6\xd9\xcc\x9b\x37\
\xaf\x71\x61\x9f\x37\x2f\xc9\x27\x6a\xad\xe7\xb4\x0e\x81\xd7\xcb\
\x68\x89\x8e\x50\x4a\x59\x36\xc9\x79\x49\xf6\x6f\xdd\xd2\x57\x0c\
\x1b\x36\x2c\x1b\x6d\xb4\x51\x36\xda\x68\xa3\x6c\xb2\xc9\x26\x79\
\xcb\x5b\xde\x92\x75\xd6\x59\x27\xeb\xae\xbb\x6e\xd6\x58\x63\x8d\
\x94\x52\x5a\x27\x02\x00\x00\x00\x00\x00\x00\x2c\xb6\x85\x0b\x17\
\xe6\x57\xbf\xfa\x55\x7e\xf6\xb3\x9f\xe5\x17\xbf\xf8\x45\x7e\xfc\
\xe3\x1f\xe7\xc1\x07\x1f\xcc\x23\x8f\x3c\x92\x87\x1f\x7e\x38\x73\
\xe7\xce\x6d\x9d\xd8\x97\x7c\x35\xc9\x47\x6b\xad\x73\x5a\x87\xc0\
\xdf\x62\xb4\x44\x9f\x57\x4a\xd9\x30\xc9\x95\x49\x36\x69\xdd\xd2\
\xd2\x06\x1b\x6c\x90\xed\xb6\xdb\x2e\x5b\x6d\xb5\x55\xb6\xda\x6a\
\xab\x6c\xb6\xd9\x66\x19\x32\xc4\xc1\x29\x00\x00\x00\x00\x00\x00\
\x60\xe0\x9a\x3f\x7f\x7e\xee\xbf\xff\xfe\xdc\x7d\xf7\xdd\xb9\xe7\
\x9e\x7b\x32\x73\xe6\xcc\x3c\xf6\xd8\x63\xad\xb3\x5a\xfb\xcf\x24\
\xfb\xd4\x5a\x7f\xd2\x3a\x04\xfe\x1a\xa3\x25\xfa\xb4\x52\xca\x5e\
\x49\x2e\x4c\xb2\x42\xe3\x94\x25\x6e\xc4\x88\x11\xd9\x75\xd7\x5d\
\xb3\xf3\xce\x3b\x67\xf4\xe8\xd1\x59\x6f\xbd\xf5\x5a\x27\x01\x00\
\x00\x00\x00\x00\x00\xf4\x79\x8f\x3d\xf6\x58\x6e\xbb\xed\xb6\xdc\
\x74\xd3\x4d\xb9\xe9\xa6\x9b\xf2\xc2\x0b\x2f\xb4\x4e\x6a\xe1\xf9\
\x24\x1f\xae\xb5\x5e\xdb\x3a\x04\xfe\x12\xa3\x25\xfa\xa4\x52\xca\
\xe0\x24\xff\x9a\xe4\x7f\x25\x19\x30\xef\x9c\xad\xb5\xd6\x5a\x19\
\x37\x6e\x5c\xf6\xdc\x73\xcf\x6c\xb7\xdd\x76\x19\x3c\x78\x70\xeb\
\x24\x00\x00\x00\x00\x00\x00\x80\x8e\x35\x7f\xfe\xfc\xdc\x7e\xfb\
\xed\xb9\xe6\x9a\x6b\x32\x75\xea\xd4\x3c\xf5\xd4\x53\xad\x93\x96\
\xa4\x9a\xe4\x73\x49\x4e\xa8\xb5\x2e\x68\x1d\x03\x7f\xca\x68\x89\
\x3e\xa7\x94\xb2\x4a\x92\xaf\x27\x19\xdd\xba\x65\x49\x18\x31\x62\
\x44\xc6\x8d\x1b\x97\xfd\xf7\xdf\x3f\xdb\x6f\xbf\x7d\x06\x0d\x1a\
\xd4\x3a\x09\x00\x00\x00\x00\x00\x00\xa0\xdf\x59\xb0\x60\x41\x66\
\xce\x9c\x99\x4b\x2f\xbd\x34\x57\x5c\x71\xc5\x40\xba\xc0\x74\x73\
\x92\x0f\xd6\x5a\x7f\xd3\x3a\x04\xfe\x90\xd1\x12\x7d\x4a\x29\x65\
\xd3\x24\xd7\x24\x59\xbf\x75\x4b\x6f\xdb\x72\xcb\x2d\x73\xd8\x61\
\x87\xe5\x80\x03\x0e\xc8\xb2\xcb\x2e\xdb\x3a\x07\x00\x00\x00\x00\
\x00\x00\x60\xc0\x78\xf9\xe5\x97\x73\xed\xb5\xd7\x66\xf2\xe4\xc9\
\xb9\xf5\xd6\x5b\x33\x00\xb6\x13\x3f\x4d\xb2\x67\xad\xf5\x07\xad\
\x43\xe0\x35\x46\x4b\xf4\x19\xa5\x94\xb1\x49\x2e\x4b\xb2\x7c\xeb\
\x96\xde\xb2\xec\xb2\xcb\xe6\xc3\x1f\xfe\x70\x8e\x39\xe6\x98\x6c\
\xb8\xe1\x86\xad\x73\x00\x00\x00\x00\x00\x00\x00\x06\xbc\x87\x1f\
\x7e\x38\x67\x9e\x79\x66\xbe\xfa\xd5\xaf\xe6\xf7\xbf\xff\x7d\xeb\
\x9c\xde\xf4\x42\x16\x5d\x5c\xba\xb1\x75\x08\x24\x46\x4b\xf4\x11\
\xa5\x94\x7f\x48\x72\x72\x92\xa5\x5a\xb7\xf4\x86\x35\xd6\x58\x23\
\x9f\xfc\xe4\x27\x33\x69\xd2\xa4\x8c\x18\x31\xa2\x75\x0e\x00\x00\
\x00\x00\x00\x00\x00\x7f\xe2\xb9\xe7\x9e\xcb\xe4\xc9\x93\x73\xda\
\x69\xa7\xe5\xe9\xa7\x9f\x6e\x9d\xd3\x5b\x16\x24\xf9\x87\x5a\xeb\
\xe9\xad\x43\xc0\x68\x89\xa6\x4a\x29\x43\x93\x9c\x9b\xe4\xe0\xd6\
\x2d\xbd\x61\xd5\x55\x57\xcd\x71\xc7\x1d\x97\xa3\x8e\x3a\x2a\xc3\
\x87\x0f\x6f\x9d\x03\x00\x00\x00\x00\x00\x00\xc0\xdf\x30\x77\xee\
\xdc\x5c\x74\xd1\x45\xf9\xec\x67\x3f\x9b\x5f\xfe\xf2\x97\xad\x73\
\x7a\xcb\x57\x92\x7c\xbc\xd6\x3a\xaf\x75\x08\x03\x97\xd1\x12\xcd\
\x94\x52\x56\x4e\x72\x65\x92\xed\x5b\xb7\xf4\xb4\xd5\x56\x5b\x2d\
\x9f\xfc\xe4\x27\x73\xf4\xd1\x47\x67\x99\x65\x96\x69\x9d\x03\x00\
\x00\x00\x00\x00\x00\x40\x17\xbd\x36\x5e\xfa\x97\x7f\xf9\x97\x3c\
\xf9\xe4\x93\xad\x73\x7a\xc3\x9d\x49\xf6\xae\xb5\xfe\x57\xeb\x10\
\x06\x26\xa3\x25\x9a\x28\xa5\xbc\x2d\xc9\x35\x49\xd6\x6b\x9c\xd2\
\xa3\xd6\x5a\x6b\xad\x7c\xfa\xd3\x9f\xce\xa4\x49\x93\xb2\xf4\xd2\
\x4b\xb7\xce\x01\x00\x00\x00\x00\x00\x00\x60\x31\xbd\xf4\xd2\x4b\
\x39\xef\xbc\xf3\x72\xca\x29\xa7\xf4\xc7\xcb\x4b\x8f\x26\xd9\xa3\
\xd6\xfa\x83\xd6\x21\x0c\x3c\x46\x4b\x2c\x71\xa5\x94\x1d\xb3\xe8\
\xc2\xd2\x8a\xad\x5b\x7a\xca\x32\xcb\x2c\x93\xa3\x8f\x3e\x3a\x9f\
\xf9\xcc\x67\xb2\xfc\xf2\xcb\xb7\xce\x01\x00\x00\x00\x00\x00\x00\
\xa0\x87\xcd\x99\x33\x27\x9f\xff\xfc\xe7\xf3\xf9\xcf\x7f\x3e\x2f\
\xbd\xf4\x52\xeb\x9c\x9e\xf4\x62\x92\x71\xb5\xd6\x9b\x5a\x87\x30\
\xb0\x18\x2d\xb1\x44\x95\x52\x3e\x9c\x45\x6f\x63\x0e\x69\xdd\xd2\
\x53\xde\xf7\xbe\xf7\xe5\xcc\x33\xcf\xcc\xfa\xeb\xaf\xdf\x3a\x05\
\x00\x00\x00\x00\x00\x00\x80\x5e\xf6\xc4\x13\x4f\xe4\x9f\xfe\xe9\
\x9f\x72\xc9\x25\x97\xa4\x1f\x6d\x2e\xe6\x25\xf9\x48\xad\xf5\x92\
\xd6\x21\x0c\x1c\x83\x5a\x07\x30\x70\x94\x52\x8e\x49\x72\x61\xfa\
\xc9\x60\xe9\x1d\xef\x78\x47\x66\xce\x9c\x99\x6b\xaf\xbd\xd6\x60\
\x09\x00\x00\x00\x00\x00\x00\x60\x80\x18\x39\x72\x64\x2e\xbe\xf8\
\xe2\xdc\x75\xd7\x5d\x79\xd7\xbb\xde\xd5\x3a\xa7\xa7\x0c\x4d\x72\
\x71\x29\xe5\xc4\xd6\x21\x0c\x1c\x46\x4b\xf4\xba\x52\xca\xe0\x52\
\xca\x57\x92\x9c\x9e\xa4\xb4\xee\x59\x5c\xab\xae\xba\x6a\xbe\xf2\
\x95\xaf\xe4\x9e\x7b\xee\xc9\x76\xdb\x6d\xd7\x3a\x07\x00\x00\x00\
\x00\x00\x00\x80\x06\xb6\xde\x7a\xeb\xdc\x79\xe7\x9d\x99\x3c\x79\
\x72\x56\x59\x65\x95\xd6\x39\x3d\xa1\x24\x39\xa1\x94\x72\x6e\x29\
\x65\x70\xeb\x18\xfa\x3f\xcf\xc3\xd1\xab\x4a\x29\xcb\x25\xf9\x5a\
\x92\xb1\xad\x5b\x7a\xc2\xb8\x71\xe3\x72\xf6\xd9\x67\x67\xd5\x55\
\x57\x6d\x9d\x02\x00\x00\x00\x00\x00\x00\x40\x1f\xf1\xdc\x73\xcf\
\xe5\xd3\x9f\xfe\x74\x26\x4f\x9e\xdc\x3a\xa5\xa7\xdc\x9c\x64\xdf\
\x5a\xeb\x6f\x5b\x87\xd0\x7f\x19\x2d\xd1\x6b\x4a\x29\x6b\x26\xb9\
\x36\xc9\x96\xad\x5b\x16\xd7\x9a\x6b\xae\x99\xb3\xcf\x3e\x3b\x7b\
\xed\xb5\x57\xeb\x14\x00\x00\x00\x00\x00\x00\x00\xfa\xa8\xeb\xaf\
\xbf\x3e\x1f\xfd\xe8\x47\xf3\x8b\x5f\xfc\xa2\x75\x4a\x4f\xf8\xcf\
\x24\x63\x6b\xad\x4f\xb4\x0e\xa1\x7f\xf2\x3c\x1c\xbd\xa2\x94\xf2\
\x96\x24\xdf\x4e\x87\x0f\x96\x4a\x29\x39\xec\xb0\xc3\xf2\xf0\xc3\
\x0f\x1b\x2c\x01\x00\x00\x00\x00\x00\x00\xf0\x57\xed\xbe\xfb\xee\
\x79\xe0\x81\x07\x32\x69\xd2\xa4\x94\x52\x5a\xe7\x2c\xae\xcd\x92\
\xdc\x5e\x4a\x79\x73\xeb\x10\xfa\x27\x97\x96\xe8\x71\xa5\x94\x4d\
\x93\xdc\x94\x64\xad\xd6\x2d\x8b\x63\xfd\xf5\xd7\xcf\xe4\xc9\x93\
\x33\x66\xcc\x98\xd6\x29\x00\x00\x00\x00\x00\x00\x00\x74\x98\x59\
\xb3\x66\xe5\xd0\x43\x0f\xcd\x8f\x7e\xf4\xa3\xd6\x29\x8b\xeb\xe9\
\x24\xbb\xd6\x5a\xef\x6b\x1d\x42\xff\xe2\xd2\x12\x3d\xaa\x94\xb2\
\x5d\x92\x3b\xd2\xe1\x83\xa5\x49\x93\x26\xe5\x81\x07\x1e\x30\x58\
\x02\x00\x00\x00\x00\x00\x00\xa0\x5b\xde\xf3\x9e\xf7\xe4\xde\x7b\
\xef\xcd\xa4\x49\x93\x5a\xa7\x2c\xae\xd5\x93\xdc\x56\x4a\xd9\xb6\
\x75\x08\xfd\x8b\x4b\x4b\xf4\x98\x52\xca\xfb\x92\x7c\x3d\xc9\x32\
\xad\x5b\xba\x6b\xc5\x15\x57\xcc\xb9\xe7\x9e\x9b\x0f\x7e\xf0\x83\
\xad\x53\x00\x00\x00\x00\x00\x00\x00\xe8\x27\xae\xbe\xfa\xea\x4c\
\x9a\x34\x29\xcf\x3e\xfb\x6c\xeb\x94\xc5\x31\x37\xc9\xfe\xb5\xd6\
\xab\x5b\x87\xd0\x3f\x18\x2d\xd1\x23\x4a\x29\x07\x24\xb9\x20\xc9\
\x90\xd6\x2d\xdd\x35\x7a\xf4\xe8\x5c\x7c\xf1\xc5\x19\x39\x72\x64\
\xeb\x14\x00\x00\x00\x00\x00\x00\x00\xfa\x99\x27\x9e\x78\x22\x13\
\x26\x4c\xc8\x8c\x19\x33\x5a\xa7\x2c\x8e\x05\x49\x26\xd5\x5a\x2f\
\x68\x1d\x42\xe7\xf3\x3c\x1c\x8b\xad\x94\xf2\xf1\x24\x17\xa7\x43\
\x07\x4b\x83\x07\x0f\xce\x09\x27\x9c\x90\x9b\x6f\xbe\xd9\x60\x09\
\x00\x00\x00\x00\x00\x00\x80\x5e\x31\x72\xe4\xc8\x4c\x9f\x3e\x3d\
\xa7\x9f\x7e\x7a\x86\x0e\x1d\xda\x3a\xa7\xbb\x96\x4a\x72\x7e\x29\
\xe5\x93\xad\x43\xe8\x7c\x2e\x2d\xb1\x58\x4a\x29\xff\x92\xe4\x9f\
\x5b\x77\x74\xd7\xdf\xfd\xdd\xdf\x65\xca\x94\x29\x19\x35\x6a\x54\
\xeb\x14\x00\x00\x00\x00\x00\x00\x00\x06\x88\xef\x7c\xe7\x3b\x39\
\xe0\x80\x03\xf2\xd3\x9f\xfe\xb4\x75\xca\xe2\xf8\x6c\xad\xf5\xc4\
\xd6\x11\x74\x2e\xa3\x25\xba\xa5\x94\x52\x92\x7c\x21\xc9\xb1\xad\
\x5b\xba\x6b\x8f\x3d\xf6\xc8\xc5\x17\x5f\x9c\x11\x23\x46\xb4\x4e\
\x01\x00\x00\x00\x00\x00\x00\x60\x80\x79\xf1\xc5\x17\x73\xf0\xc1\
\x07\xe7\xca\x2b\xaf\x6c\x9d\xb2\x38\xce\x49\x72\x54\xad\x75\x61\
\xeb\x10\x3a\x8f\xe7\xe1\xe8\xb2\x52\xca\xe0\x24\x17\xa4\x43\x07\
\x4b\x4b\x2d\xb5\x54\x4e\x38\xe1\x84\x7c\xe3\x1b\xdf\x30\x58\x02\
\x00\x00\x00\x00\x00\x00\xa0\x89\xe5\x97\x5f\x3e\x53\xa7\x4e\xcd\
\xe9\xa7\x9f\x9e\xc1\x83\x07\xb7\xce\xe9\xae\x23\x92\x7c\xb5\x94\
\x32\xa4\x75\x08\x9d\xc7\xa5\x25\xba\xa4\x94\x32\x3c\xc9\x15\x49\
\x76\x6b\xdd\xd2\x1d\xab\xac\xb2\x4a\x2e\xbb\xec\xb2\x8c\x19\x33\
\xa6\x75\x0a\x00\x00\x00\x00\x00\x00\x00\x24\x49\x66\xce\x9c\x99\
\xf1\xe3\xc7\xe7\xe9\xa7\x9f\x6e\x9d\xd2\x5d\xd7\x25\xd9\xaf\xd6\
\x3a\xa7\x75\x08\x9d\xc3\x68\x89\xd7\xad\x94\x32\x22\xc9\xb4\x24\
\xdb\xb4\x6e\xe9\x8e\x77\xbe\xf3\x9d\xb9\xe2\x8a\x2b\xb2\xee\xba\
\xeb\xb6\x4e\x01\x00\x00\x00\x00\x00\x00\x80\x3f\xf2\xc4\x13\x4f\
\x64\xbf\xfd\xf6\xcb\x5d\x77\xdd\xd5\x3a\xa5\xbb\xbe\x93\x64\x6c\
\xad\xf5\xd9\xd6\x21\x74\x06\xcf\xc3\xf1\xba\x94\x52\xd6\x48\x32\
\x23\x1d\x3a\x58\x3a\xec\xb0\xc3\x72\xe7\x9d\x77\x1a\x2c\x01\x00\
\x00\x00\x00\x00\x00\xd0\x27\x8d\x1c\x39\x32\xb7\xdd\x76\x5b\x8e\
\x3e\xfa\xe8\xd6\x29\xdd\xb5\x75\x92\x99\xa5\x94\xb5\x5b\x87\xd0\
\x19\x5c\x5a\xe2\x6f\x2a\xa5\x6c\x90\xe4\xe6\x24\x1b\xb4\x6e\xe9\
\xaa\x61\xc3\x86\xe5\xdc\x73\xcf\xcd\x41\x07\x1d\xd4\x3a\x05\x00\
\x00\x00\x00\x00\x00\x00\x5e\x97\xf3\xcf\x3f\x3f\x47\x1c\x71\x44\
\xe6\xcd\x9b\xd7\x3a\xa5\x3b\x7e\x92\x64\xe7\x5a\xeb\x63\xad\x43\
\xe8\xdb\x8c\x96\xf8\xab\x4a\x29\x9b\x64\xd1\x60\x69\xcd\xd6\x2d\
\x5d\xb5\xda\x6a\xab\xe5\xaa\xab\xae\xca\x36\xdb\x74\xe4\x71\x28\
\x00\x00\x00\x00\x00\x00\x00\x06\xb0\xdb\x6f\xbf\x3d\xfb\xec\xb3\
\x4f\x7e\xfd\xeb\x5f\xb7\x4e\xe9\x8e\x5f\x26\xd9\xa9\xd6\xfa\x83\
\xd6\x21\xf4\x5d\x46\x4b\xfc\x45\xa5\x94\x2d\x92\xdc\x94\x64\xd5\
\xd6\x2d\x5d\xf5\xb6\xb7\xbd\x2d\xd7\x5c\x73\x4d\xd6\x5b\x6f\xbd\
\xd6\x29\x00\x00\x00\x00\x00\x00\x00\xd0\x2d\x8f\x3d\xf6\x58\xf6\
\xdc\x73\xcf\x3c\xf8\xe0\x83\xad\x53\xba\xe3\x37\x49\x76\xad\xb5\
\xde\xd3\x3a\x84\xbe\x69\x50\xeb\x00\xfa\xa6\x52\xca\xa8\x24\xb7\
\xa4\x03\x07\x4b\xbb\xed\xb6\x5b\xee\xb8\xe3\x0e\x83\x25\x00\x00\
\x00\x00\x00\x00\x00\x3a\xda\xfa\xeb\xaf\x9f\xbb\xee\xba\x2b\xef\
\x7f\xff\xfb\x5b\xa7\x74\xc7\x1b\x92\x7c\xab\x94\xf2\xf7\xad\x43\
\xe8\x9b\x8c\x96\xf8\x7f\x94\x52\xb6\x4b\x72\x6b\x16\xfd\x0f\xa4\
\xa3\x1c\x7d\xf4\xd1\x99\x36\x6d\x5a\x56\x58\x61\x85\xd6\x29\x00\
\x00\x00\x00\x00\x00\x00\xb0\xd8\x96\x5b\x6e\xb9\x5c\x7d\xf5\xd5\
\x39\xe1\x84\x13\x5a\xa7\x74\xc7\x88\x24\x37\x97\x52\x76\x6c\x1d\
\x42\xdf\xe3\x79\x38\xfe\x48\x29\x65\xb7\x24\x57\x26\x59\xa6\x75\
\x4b\x57\x0c\x1b\x36\x2c\xe7\x9d\x77\x5e\x26\x4c\x98\xd0\x3a\x05\
\x00\x00\x00\x00\x00\x00\x00\x7a\xc5\x85\x17\x5e\x98\xc3\x0f\x3f\
\x3c\xf3\xe6\xcd\x6b\x9d\xd2\x55\x73\x92\xec\x5d\x6b\xbd\xa9\x75\
\x08\x7d\x87\xd1\x12\xff\xad\x94\xb2\x47\x92\xaf\x27\x59\xba\x75\
\x4b\x57\xac\xb4\xd2\x4a\xb9\xea\xaa\xab\xf2\xde\xf7\xbe\xb7\x75\
\x0a\x00\x00\x00\x00\x00\x00\x00\xf4\xaa\xdb\x6e\xbb\x2d\x7b\xef\
\xbd\x77\x9e\x7f\xfe\xf9\xd6\x29\x5d\x35\x2f\xc9\xfe\xb5\xd6\xab\
\x5a\x87\xd0\x37\x18\x2d\x91\x24\x29\xa5\x7c\x30\xc9\xc5\x49\x86\
\xb4\x6e\xe9\x8a\xb5\xd7\x5e\x3b\xd7\x5d\x77\x5d\xde\xfe\xf6\xb7\
\xb7\x4e\x01\x00\x00\x00\x00\x00\x00\x80\x25\xe2\xa1\x87\x1e\xca\
\xee\xbb\xef\x9e\x9f\xff\xfc\xe7\xad\x53\xba\x6a\x41\x92\x43\x6a\
\xad\x17\xb7\x0e\xa1\xbd\x41\xad\x03\x68\xaf\x94\x32\x29\xc9\x94\
\x74\xd8\x60\xe9\x6d\x6f\x7b\x5b\x66\xcf\x9e\x6d\xb0\x04\x00\x00\
\x00\x00\x00\x00\xc0\x80\xb2\xc9\x26\x9b\x64\xf6\xec\xd9\x79\xc7\
\x3b\xde\xd1\x3a\xa5\xab\x96\x4a\xf2\x1f\xa5\x94\x8f\xb4\x0e\xa1\
\x3d\xa3\xa5\x01\xae\x94\xf2\xb1\x24\xe7\xa6\xc3\x7e\x16\x76\xda\
\x69\xa7\xdc\x71\xc7\x1d\x19\x39\x72\x64\xeb\x14\x00\x00\x00\x00\
\x00\x00\x00\x58\xe2\xd6\x5c\x73\xcd\xcc\x9c\x39\x33\xbb\xef\xbe\
\x7b\xeb\x94\xae\x5a\x2a\xc9\x79\xa5\x94\x63\x5b\x87\xd0\x56\x47\
\x0d\x55\xe8\x59\xa5\x94\xe3\x93\x9c\x93\x0e\xfb\x39\x38\xe8\xa0\
\x83\x72\xdd\x75\xd7\x65\x85\x15\x56\x68\x9d\x02\x00\x00\x00\x00\
\x00\x00\x00\xcd\x2c\xb7\xdc\x72\xf9\xe6\x37\xbf\x99\xc3\x0f\x3f\
\xbc\x75\x4a\x57\x95\x24\xa7\x95\x52\xfe\xff\xd6\x21\xb4\xd3\x51\
\x63\x15\x7a\x4e\x29\xe5\x7f\x27\x39\xb9\x75\x47\x57\x7d\xf6\xb3\
\x9f\xcd\x05\x17\x5c\x90\x21\x43\x3a\xea\x25\x3b\x00\x00\x00\x00\
\x00\x00\x00\xe8\x15\x83\x07\x0f\xce\x97\xbe\xf4\xa5\x9c\x70\xc2\
\x09\xad\x53\xba\xe3\xb3\xa5\x94\xcf\xb6\x8e\xa0\x8d\x52\x6b\x6d\
\xdd\xc0\x12\x54\x4a\x29\x49\xfe\x3d\xc9\x27\x5b\xb7\x74\x45\x29\
\x25\x5f\xf8\xc2\x17\x72\xec\xb1\xae\xc3\x01\x00\x00\x00\x00\x00\
\x00\xc0\x9f\x73\xce\x39\xe7\xe4\xa8\xa3\x8e\xca\xc2\x85\x0b\x5b\
\xa7\x74\xd5\xd9\x49\x8e\xaa\x46\x2c\x03\x8a\xd1\xd2\x00\xf2\xea\
\x60\xe9\x8c\x24\x47\xb5\x6e\xe9\x8a\xa1\x43\x87\xe6\xa2\x8b\x2e\
\xca\x07\x3f\xf8\xc1\xd6\x29\x00\x00\x00\x00\x00\x00\x00\xd0\xa7\
\x5d\x76\xd9\x65\x99\x38\x71\x62\xe6\xcf\x9f\xdf\x3a\xa5\xab\x26\
\x27\xf9\x58\xad\xb5\xe3\x16\x57\x74\x8f\xd1\xd2\x00\x51\x4a\x19\
\x9c\xe4\x3f\x92\x4c\x68\xdd\xd2\x15\xcb\x2e\xbb\x6c\xae\xbc\xf2\
\xca\xec\xb2\xcb\x2e\xad\x53\x00\x00\x00\x00\x00\x00\x00\xa0\x23\
\x5c\x7f\xfd\xf5\x19\x37\x6e\x5c\xe6\xcc\x99\xd3\x3a\xa5\xab\x2e\
\x4a\xf2\x91\x5a\xeb\x82\xd6\x21\xf4\x3e\xa3\xa5\x01\xa0\x94\x32\
\x34\xc9\x94\x24\xfb\xb6\x6e\xe9\x8a\x11\x23\x46\x64\xda\xb4\x69\
\xd9\x66\x9b\x6d\x5a\xa7\x00\x00\x00\x00\x00\x00\x00\x40\x47\xb9\
\xfb\xee\xbb\xb3\xfb\xee\xbb\xe7\xd9\x67\x9f\x6d\x9d\xd2\x55\xd7\
\x24\xd9\xaf\xd6\x3a\xb7\x75\x08\xbd\xcb\x68\xa9\x9f\x2b\xa5\x0c\
\x4f\x72\x65\x92\x5d\x5b\xb7\x74\xc5\x1a\x6b\xac\x91\x1b\x6f\xbc\
\x31\x6f\x7f\xfb\xdb\x5b\xa7\x00\x00\x00\x00\x00\x00\x00\x40\x47\
\x7a\xe8\xa1\x87\xb2\xcb\x2e\xbb\xe4\xc9\x27\x9f\x6c\x9d\xd2\x55\
\x37\x24\xd9\xa7\xd6\xfa\x52\xeb\x10\x7a\x8f\xd1\x52\x3f\x56\x4a\
\x59\x36\xc9\x37\x93\xec\xd8\xba\xa5\x2b\xd6\x5f\x7f\xfd\x7c\xeb\
\x5b\xdf\xca\x9b\xdf\xfc\xe6\xd6\x29\x00\x00\x00\x00\x00\x00\x00\
\xd0\xd1\x1e\x7b\xec\xb1\xec\xbc\xf3\xce\xf9\xc9\x4f\x7e\xd2\x3a\
\xa5\xab\x6e\x4f\xb2\x47\xad\xf5\xb7\xad\x43\xe8\x1d\x83\x5a\x07\
\xd0\x3b\x4a\x29\x23\x92\xdc\x92\x0e\x1b\x2c\x6d\xb2\xc9\x26\x99\
\x35\x6b\x96\xc1\x12\x00\x00\x00\x00\x00\x00\x00\xf4\x80\xf5\xd7\
\x5f\x3f\xb3\x66\xcd\xea\xc4\x97\x8e\xb6\x4b\x72\x6b\x29\x65\xe5\
\xd6\x21\xf4\x0e\xa3\xa5\x7e\xa8\x94\xb2\x7a\x92\x19\x49\xde\xd5\
\x38\xa5\x4b\xb6\xde\x7a\xeb\xcc\x9c\x39\x33\x6b\xaf\xbd\x76\xeb\
\x14\x00\x00\x00\x00\x00\x00\x00\xe8\x37\xd6\x58\x63\x8d\xdc\x76\
\xdb\x6d\xd9\x66\x9b\x6d\x5a\xa7\x74\xd5\x3b\x93\xcc\x2c\xa5\xac\
\xd9\x3a\x84\x9e\x67\xb4\xd4\xcf\x94\x52\xd6\xc9\xa2\x13\x69\x1d\
\x35\x91\x1c\x3b\x76\x6c\xa6\x4f\x9f\x9e\x95\x57\x36\x90\x04\x00\
\x00\x00\x00\x00\x00\x80\x9e\xb6\xd2\x4a\x2b\xe5\x5b\xdf\xfa\x56\
\x76\xdd\x75\xd7\xd6\x29\x5d\xb5\x49\x92\xdb\x4a\x29\x23\x5b\x87\
\xd0\xb3\x8c\x96\xfa\x91\x52\xca\xfa\x49\x6e\x4b\xf2\x96\xd6\x2d\
\x5d\xb1\xff\xfe\xfb\xe7\xea\xab\xaf\xce\xf0\xe1\xc3\x5b\xa7\x00\
\x00\x00\x00\x00\x00\x00\x40\xbf\x35\x7c\xf8\xf0\x7c\xf3\x9b\xdf\
\xcc\xf8\xf1\xe3\x5b\xa7\x74\xd5\x86\x49\xee\x28\xa5\xbc\xb9\x75\
\x08\x3d\xc7\x68\xa9\x9f\x28\xa5\x6c\x94\x64\x56\x92\x37\xb5\x6e\
\xe9\x8a\x23\x8e\x38\x22\x97\x5c\x72\x49\x86\x0c\x19\xd2\x3a\x05\
\x00\x00\x00\x00\x00\x00\x00\xfa\xbd\xa1\x43\x87\xe6\xb2\xcb\x2e\
\xcb\x31\xc7\x1c\xd3\x3a\xa5\xab\xd6\x4d\x32\xab\x94\xb2\x69\xeb\
\x10\x7a\x86\xd1\x52\x3f\x50\x4a\x79\x47\x92\x99\x49\xd6\x6e\xdd\
\xd2\x15\xc7\x1f\x7f\x7c\xce\x3e\xfb\xec\x0c\x1a\xe4\xc7\x10\x00\
\x00\x00\x00\x00\x00\x00\x96\x94\x52\x4a\x4e\x3f\xfd\xf4\x9c\x7c\
\xf2\xc9\xad\x53\xba\x6a\x8d\x24\x33\x4b\x29\xa3\x5a\x87\xb0\xf8\
\x4a\xad\xb5\x75\x03\x8b\xa1\x94\xb2\x4d\x92\xeb\x92\xac\xd8\xba\
\xe5\xf5\x2a\xa5\xe4\x0b\x5f\xf8\x42\x8e\x3d\xf6\xd8\xd6\x29\x00\
\x00\x00\x00\x00\x00\x00\x30\xa0\x9d\x7a\xea\xa9\x39\xfe\xf8\xe3\
\xd3\x61\xfb\x91\xe7\x92\xec\x5e\x6b\x9d\xdd\x3a\x84\xee\x33\x5a\
\xea\x60\xa5\x94\xf7\x26\xb9\x26\xc9\xf2\x8d\x53\x5e\xb7\x52\x4a\
\xce\x3c\xf3\xcc\x1c\x79\xe4\x91\xad\x53\x00\x00\x00\x00\x00\x00\
\x00\x80\x24\x5f\xfe\xf2\x97\x73\xc4\x11\x47\x64\xe1\xc2\x85\xad\
\x53\xba\xe2\xf7\x49\xf6\xaa\xb5\xde\xdc\x3a\x84\xee\x31\x5a\xea\
\x50\xa5\x94\xf7\x25\x99\x9a\x64\xe9\xd6\x2d\xaf\xd7\x52\x4b\x2d\
\x95\xaf\x7c\xe5\x2b\x39\xe8\xa0\x83\x5a\xa7\x00\x00\x00\x00\x00\
\x00\x00\x00\x7f\x60\xca\x94\x29\x39\xe8\xa0\x83\xf2\xca\x2b\xaf\
\xb4\x4e\xe9\x8a\xb9\x49\x3e\x58\x6b\xfd\x46\xeb\x10\xba\xce\x68\
\xa9\x03\x95\x52\x3e\x94\xe4\xc2\x24\x43\x1a\xa7\xbc\x6e\x43\x87\
\x0e\xcd\x94\x29\x53\xb2\xef\xbe\xfb\xb6\x4e\x01\x00\x00\x00\x00\
\x00\x00\x00\xfe\x8c\xcb\x2f\xbf\x3c\x13\x26\x4c\xc8\xfc\xf9\xf3\
\x5b\xa7\x74\xc5\xbc\x24\x07\xd6\x5a\xa7\xb6\x0e\xa1\x6b\x8c\x96\
\x3a\x4c\x29\xe5\x88\x24\x67\x25\x19\xd4\xba\xe5\xf5\x1a\x36\x6c\
\x58\xbe\xf6\xb5\xaf\xe5\x03\x1f\xf8\x40\xeb\x14\x00\x00\x00\x00\
\x00\x00\x00\xe0\xaf\xb8\xee\xba\xeb\xb2\xef\xbe\xfb\xe6\xe5\x97\
\x5f\x6e\x9d\xd2\x15\x0b\x92\x7c\xbc\xd6\xfa\xe5\xd6\x21\xbc\x7e\
\x46\x4b\x1d\xa4\x94\x72\x7c\x92\x93\x5b\x77\x74\xc5\xf0\xe1\xc3\
\xf3\x8d\x6f\x7c\x23\x3b\xed\xb4\x53\xeb\x14\x00\x00\x00\x00\x00\
\x00\x00\xe0\x75\x98\x31\x63\x46\xf6\xd8\x63\x8f\xfc\xee\x77\xbf\
\x6b\x9d\xd2\x55\xa7\xd4\x5a\x3f\xdd\x3a\x82\xd7\xc7\x68\xa9\x03\
\x94\x52\x4a\x92\xff\x93\xe4\x13\xad\x5b\xba\x62\xc5\x15\x57\xcc\
\x75\xd7\x5d\x97\x6d\xb6\xd9\xa6\x75\x0a\x00\x00\x00\x00\x00\x00\
\x00\xd0\x05\x77\xdc\x71\x47\xc6\x8e\x1d\x9b\xdf\xfe\xf6\xb7\xad\
\x53\xba\xea\x8b\x49\x8e\xa9\xb5\x2e\x6c\x1d\xc2\x5f\x67\xb4\xd4\
\xc7\x95\x52\x86\x26\xb9\x28\xc9\x07\x5b\xb7\x74\xc5\x4a\x2b\xad\
\x94\x1b\x6e\xb8\x21\x5b\x6f\xbd\x75\xeb\x14\x00\x00\x00\x00\x00\
\x00\x00\xa0\x1b\xbe\xf7\xbd\xef\x65\x97\x5d\x76\xc9\xb3\xcf\x3e\
\xdb\x3a\xa5\xab\xa6\x24\x39\xb8\xd6\x3a\xbf\x75\x08\x7f\x99\xd1\
\x52\x1f\x56\x4a\x59\x36\xc9\xd4\x24\xbb\xb5\x6e\xe9\x8a\xd5\x56\
\x5b\x2d\x37\xdf\x7c\x73\x36\xdb\x6c\xb3\xd6\x29\x00\x00\x00\x00\
\x00\x00\x00\xc0\x62\xf8\xc1\x0f\x7e\x90\x31\x63\xc6\xe4\xa9\xa7\
\x9e\x6a\x9d\xd2\x55\xd7\x25\xd9\xaf\xd6\x3a\xa7\x75\x08\x7f\x9e\
\xd1\x52\x1f\x55\x4a\x59\x29\xc9\xb4\x24\xef\x6e\xdd\xd2\x15\x6b\
\xae\xb9\x66\x6e\xbe\xf9\xe6\x6c\xb2\xc9\x26\xad\x53\x00\x00\x00\
\x00\x00\x00\x00\x80\x1e\xf0\xc3\x1f\xfe\x30\x63\xc6\x8c\xc9\x13\
\x4f\x3c\xd1\x3a\xa5\xab\xbe\x93\x64\x6c\xad\xb5\xe3\x4e\x45\x0d\
\x04\x46\x4b\x7d\x50\x29\x65\xed\x24\xd7\x27\xe9\xa8\x53\x45\xeb\
\xae\xbb\x6e\x6e\xbd\xf5\xd6\xbc\xe9\x4d\x6f\x6a\x9d\x02\x00\x00\
\x00\x00\x00\x00\x00\xf4\xa0\xc7\x1f\x7f\x3c\x63\xc6\x8c\xc9\x4f\
\x7f\xfa\xd3\xd6\x29\x5d\xf5\x50\x92\xdd\x6b\xad\x3f\x6f\x1d\xc2\
\x1f\x1b\xd4\x3a\x80\x3f\x56\x4a\xd9\x34\xc9\xec\x74\xd8\x60\x69\
\xc3\x0d\x37\xcc\x1d\x77\xdc\x61\xb0\x04\x00\x00\x00\x00\x00\x00\
\x00\xfd\xd0\x7a\xeb\xad\x97\x59\xb3\x66\x65\xe3\x8d\x37\x6e\x9d\
\xd2\x55\x9b\x24\xb9\xab\x94\xb2\x79\xeb\x10\xfe\x98\xd1\x52\x1f\
\x52\x4a\x19\x9d\xe4\x8e\x24\x23\x5b\xb7\x74\xc5\xc6\x1b\x6f\x9c\
\xe9\xd3\xa7\x67\xe4\xc8\x8e\xca\x06\x00\x00\x00\x00\x00\x00\x00\
\xba\x60\xcd\x35\xd7\xcc\xf4\xe9\xd3\xb3\xd9\x66\x1d\x75\x87\x25\
\x49\xd6\x4a\x72\x5b\x29\x65\xfb\xd6\x21\xfc\x0f\xa3\xa5\x3e\xa2\
\x94\xf2\xa1\x24\x37\x26\x59\xb1\x75\x4b\x57\x8c\x1a\x35\x2a\xb7\
\xdf\x7e\x7b\xd6\x5a\x6b\xad\xd6\x29\x00\x00\x00\x00\x00\x00\x00\
\x40\x2f\x5b\x7d\xf5\xd5\x33\x7d\xfa\xf4\x6c\xb9\xe5\x96\xad\x53\
\xba\x6a\x44\x92\x9b\x4a\x29\xfb\xb5\x0e\x61\x11\xa3\xa5\x3e\xa0\
\x94\x72\x4c\x92\xaf\x26\x19\xda\xba\xa5\x2b\xde\xf3\x9e\xf7\xe4\
\x96\x5b\x6e\xc9\xca\x2b\xaf\xdc\x3a\x05\x00\x00\x00\x00\x00\x00\
\x00\x58\x42\x56\x5e\x79\xe5\xcc\x98\x31\x23\x3b\xec\xb0\x43\xeb\
\x94\xae\x1a\x96\xe4\x6b\xa5\x94\xe3\x5b\x87\x60\xb4\xd4\x54\x59\
\xe4\xf3\x49\x4e\x4f\x87\x7d\x2f\x46\x8f\x1e\x9d\xeb\xaf\xbf\x3e\
\x2b\xac\xb0\x42\xeb\x14\x00\x00\x00\x00\x00\x00\x00\x60\x09\x5b\
\x6e\xb9\xe5\x72\xed\xb5\xd7\x66\xe7\x9d\x77\x6e\x9d\xd2\x55\x25\
\xc9\xc9\xa5\x94\x33\x4a\x29\x1d\xb5\xd5\xe8\x6f\xfc\xe5\x37\x52\
\x4a\x19\x9e\xe4\x8a\x24\xff\xab\x75\x4b\x57\xed\xb5\xd7\x5e\xb9\
\xe1\x86\x1b\xb2\xdc\x72\xcb\xb5\x4e\x01\x00\x00\x00\x00\x00\x00\
\x00\x1a\x19\x3e\x7c\x78\xae\xb9\xe6\x9a\xbc\xff\xfd\xef\x6f\x9d\
\xd2\x1d\x47\x27\xb9\xbc\x94\xb2\x4c\xeb\x90\x81\xca\x68\xa9\x81\
\x52\xca\x9a\x49\x66\x24\xd9\xbb\x71\x4a\x97\xed\xbf\xff\xfe\xb9\
\xfc\xf2\xcb\x33\x6c\xd8\xb0\xd6\x29\x00\x00\x00\x00\x00\x00\x00\
\x40\x63\xc3\x86\x0d\xcb\x95\x57\x5e\x99\x89\x13\x27\xb6\x4e\xe9\
\x8e\x7d\x93\x7c\xbb\x94\x32\xb2\x75\xc8\x40\x64\xb4\xb4\x84\x95\
\x52\x36\x4b\x32\x3b\xc9\xa8\xd6\x2d\x5d\x75\xd8\x61\x87\xe5\x92\
\x4b\x2e\xc9\x90\x21\x43\x5a\xa7\x00\x00\x00\x00\x00\x00\x00\x00\
\x7d\xc4\x52\x4b\x2d\x95\x0b\x2e\xb8\x20\x47\x1e\x79\x64\xeb\x94\
\xee\xd8\x3c\xc9\xec\x52\xca\x3b\x5a\x87\x0c\x34\x46\x4b\x4b\x50\
\x29\x65\xb7\x24\xb3\x92\xbc\xb1\x75\x4b\x57\x1d\x79\xe4\x91\x39\
\xf7\xdc\x73\x33\x68\x90\x1f\x19\x00\x00\x00\x00\x00\x00\x00\xe0\
\x8f\x95\x52\x72\xe6\x99\x67\xe6\xb8\xe3\x8e\x6b\x9d\xd2\x1d\x6b\
\x27\x99\x59\x4a\xd9\xb3\x75\xc8\x40\x62\x81\xb2\x84\x94\x52\x8e\
\x49\x32\x2d\xc9\x0a\xad\x5b\xba\xea\xf8\xe3\x8f\xcf\x59\x67\x9d\
\x95\x52\x4a\xeb\x14\x00\x00\x00\x00\x00\x00\x00\xa0\x8f\x2a\xa5\
\xe4\xdf\xff\xfd\xdf\x73\xf2\xc9\x27\xb7\x4e\xe9\x8e\xe5\x92\x5c\
\x55\x4a\x39\xbe\x75\xc8\x40\x51\x6a\xad\xad\x1b\xfa\xb5\x52\xca\
\xe0\x24\xa7\x27\xf9\x78\xeb\x96\xae\x2a\xa5\xe4\xd4\x53\x4f\xed\
\xd4\x15\x24\x00\x00\x00\x00\x00\x00\x00\xd0\xc8\xa9\xa7\x9e\x9a\
\xe3\x8f\x3f\x3e\x1d\xba\x4b\xf9\x4a\x92\x23\x6a\xad\xf3\x5b\x87\
\xf4\x67\x46\x4b\xbd\xa8\x94\xb2\x4a\x92\xaf\x25\xd9\xb1\x75\x4b\
\x57\x95\x52\x72\xc6\x19\x67\xe4\xa8\xa3\x8e\x6a\x9d\x02\x00\x00\
\x00\x00\x00\x00\x00\x74\xa0\x2f\x7f\xf9\xcb\x39\xe2\x88\x23\xb2\
\x70\xe1\xc2\xd6\x29\xdd\x31\x2b\xc9\xb8\x5a\xeb\xd3\xad\x43\xfa\
\x2b\xa3\xa5\x5e\x52\x4a\xd9\x22\xc9\x55\x49\xd6\x6b\x9c\xd2\x65\
\x4b\x2d\xb5\x54\xce\x3f\xff\xfc\x4c\x9c\x38\xb1\x75\x0a\x00\x00\
\x00\x00\x00\x00\x00\xd0\xc1\x2e\xbd\xf4\xd2\x4c\x9c\x38\x31\xaf\
\xbc\xf2\x4a\xeb\x94\xee\x78\x22\xc9\xde\xb5\xd6\x7b\x5a\x87\xf4\
\x47\x46\x4b\xbd\xa0\x94\x72\x40\x92\xc9\x49\x86\xb7\x6e\xe9\xaa\
\xa1\x43\x87\xe6\xb2\xcb\x2e\xcb\xde\x7b\xef\xdd\x3a\x05\x00\x00\
\x00\x00\x00\x00\x00\xe8\x07\xae\xbd\xf6\xda\xec\xb7\xdf\x7e\x79\
\xf9\xe5\x97\x5b\xa7\x74\xc7\xcb\x59\xf4\x54\xdc\x05\xad\x43\xfa\
\x1b\xa3\xa5\x1e\x54\x4a\x19\x9c\xe4\xa4\x24\xc7\xb7\x6e\xe9\x8e\
\xe1\xc3\x87\xe7\xea\xab\xaf\xce\xce\x3b\xef\xdc\x3a\x05\x00\x00\
\x00\x00\x00\x00\x00\xe8\x47\x6e\xb8\xe1\x86\xec\xb3\xcf\x3e\x79\
\xe9\xa5\x97\x5a\xa7\x74\xd7\xe4\x24\x47\xd6\x5a\xe7\xb7\x0e\xe9\
\x2f\x8c\x96\x7a\x48\x29\x65\xb5\x24\x5f\x4f\xb2\x7d\xeb\x96\xee\
\x58\x71\xc5\x15\x33\x6d\xda\xb4\x6c\xbb\xed\xb6\xad\x53\x00\x00\
\x00\x00\x00\x00\x00\x80\x7e\x68\xe6\xcc\x99\xd9\x63\x8f\x3d\xf2\
\xe2\x8b\x2f\xb6\x4e\xe9\xae\xdb\x92\x8c\xaf\xb5\x3e\xd3\x3a\xa4\
\x3f\x30\x5a\xea\x01\xa5\x94\xad\x93\x4c\x4d\xb2\x4e\xeb\x96\xee\
\x58\x7d\xf5\xd5\x73\xe3\x8d\x37\x66\xf3\xcd\x37\x6f\x9d\x02\x00\
\x00\x00\x00\x00\x00\x00\xf4\x63\xdf\xfb\xde\xf7\xb2\xdb\x6e\xbb\
\xe5\x99\x67\x3a\x76\xf7\xf3\xb3\x24\xfb\xd6\x5a\xbf\xdb\x3a\xa4\
\xd3\x0d\x6a\x1d\xd0\xc9\xca\x22\xc7\x24\xb9\x3d\x1d\x3a\x58\x5a\
\x6f\xbd\xf5\x72\xfb\xed\xb7\x1b\x2c\x01\x00\x00\x00\x00\x00\x00\
\x00\xbd\x6e\xcb\x2d\xb7\xcc\xec\xd9\xb3\xf3\xa6\x37\xbd\xa9\x75\
\x4a\x77\xad\x9b\xe4\xae\x52\xca\xf1\xa5\x94\xd2\x3a\xa6\x93\xb9\
\xb4\xd4\x4d\xa5\x94\x95\x93\x5c\x98\xe4\x7d\x8d\x53\xba\x6d\xe3\
\x8d\x37\xce\x4d\x37\xdd\x94\x91\x23\x47\xb6\x4e\x01\x00\x00\x00\
\x00\x00\x00\x00\x06\x90\xa7\x9e\x7a\x2a\xbb\xee\xba\x6b\xfe\xf3\
\x3f\xff\xb3\x75\xca\xe2\xb8\x26\xc9\xc1\xb5\xd6\xdf\xb4\x0e\xe9\
\x44\x2e\x2d\x75\x43\x29\x65\xab\x24\xf7\xa4\x83\x07\x4b\x5b\x6d\
\xb5\x55\x6e\xbf\xfd\x76\x83\x25\x00\x00\x00\x00\x00\x00\x00\x60\
\x89\x5b\x73\xcd\x35\x33\x63\xc6\x8c\xbc\xfb\xdd\xef\x6e\x9d\xb2\
\x38\xf6\x4c\x72\x5f\x29\x65\x9b\xd6\x21\x9d\xc8\x68\xa9\x0b\xfe\
\xe0\x39\xb8\x3b\x92\xac\xdf\xba\xa7\xbb\xc6\x8c\x19\x93\x5b\x6f\
\xbd\x35\x2b\xaf\xbc\x72\xeb\x14\x00\x00\x00\x00\x00\x00\x00\x60\
\x80\x5a\x69\xa5\x95\xf2\xad\x6f\x7d\x2b\xbb\xee\xba\x6b\xeb\x94\
\xc5\xb1\x4e\x92\x19\xa5\x94\x13\x4b\x29\x76\x38\x5d\xe0\x2f\xeb\
\x75\x2a\xa5\xac\x9e\xe4\xa6\x24\xa7\x27\x19\xd2\x38\xa7\xdb\x0e\
\x3c\xf0\xc0\x5c\x7f\xfd\xf5\x59\x6e\xb9\xe5\x5a\xa7\x00\x00\x00\
\x00\x00\x00\x00\x00\x03\xdc\xb2\xcb\x2e\x9b\x6f\x7e\xf3\x9b\x19\
\x3f\x7e\x7c\xeb\x94\xc5\x31\x38\xc9\x09\x49\xa6\x95\x52\x56\x6d\
\x1d\xd3\x29\x8c\x96\x5e\x87\x52\xca\xbe\x49\x1e\x4c\xb2\x53\xeb\
\x96\xc5\x71\xec\xb1\xc7\xe6\xa2\x8b\x2e\xca\x90\x21\x1d\xbb\xb9\
\x02\x00\x00\x00\x00\x00\x00\x00\xfa\x99\xa1\x43\x87\xe6\xd2\x4b\
\x2f\xcd\x91\x47\x1e\xd9\x3a\x65\x71\xed\x96\xe4\xc1\x52\xca\x07\
\x5a\x87\x74\x02\xa3\xa5\xbf\xa2\x94\xb2\x62\x29\xe5\xcb\x49\xa6\
\x26\x59\xa5\x75\x4f\x77\x95\x52\x72\xc2\x09\x27\xe4\xb4\xd3\x4e\
\xcb\xa0\x41\xbe\xe5\x00\x00\x00\x00\x00\x00\x00\x40\xdf\x32\x68\
\xd0\xa0\x9c\x75\xd6\x59\x39\xfd\xf4\xd3\x3b\x7d\xdb\xb0\x5a\x92\
\xab\x4b\x29\x5f\x2f\xa5\xbc\xa1\x75\x4c\x5f\x56\x6a\xad\xad\x1b\
\xfa\xa4\x52\xca\xce\x49\xce\x4f\x32\xb2\x75\xcb\xe2\x18\x3a\x74\
\x68\x2e\xbc\xf0\xc2\xec\xbf\xff\xfe\xad\x53\x00\x00\x00\x00\x00\
\x00\x00\x00\xfe\xa6\x2b\xae\xb8\x22\x13\x26\x4c\xc8\xcb\x2f\xbf\
\xdc\x3a\x65\x71\xfd\x2a\xc9\xa4\x5a\xeb\xb4\xd6\x21\x7d\x91\xd1\
\xd2\x9f\x28\xa5\x0c\x4f\xf2\x6f\x49\x8e\x4a\x52\x1a\xe7\x2c\x96\
\xe5\x97\x5f\x3e\x57\x5c\x71\x45\x76\xde\x79\xe7\xd6\x29\x00\x00\
\x00\x00\x00\x00\x00\x00\xaf\xdb\xf4\xe9\xd3\xb3\xf7\xde\x7b\xe7\
\x85\x17\x5e\x68\x9d\xd2\x13\xbe\x9a\xe4\xe3\xb5\xd6\x17\x5b\x87\
\xf4\x25\x46\x4b\x7f\xa0\x94\xb2\x43\x92\xf3\x92\x6c\xd0\xba\x65\
\x71\x8d\x1c\x39\x32\xd7\x5f\x7f\x7d\xde\xf6\xb6\xb7\xb5\x4e\x01\
\x00\x00\x00\x00\x00\x00\x00\xe8\xb2\xfb\xef\xbf\x3f\xbb\xef\xbe\
\x7b\x7e\xf9\xcb\x5f\xb6\x4e\xe9\x09\x8f\x26\x39\xb4\xd6\x7a\x5b\
\xeb\x90\xbe\xa2\xa3\x1f\x01\xec\x29\xa5\x94\x35\x4a\x29\x17\x27\
\xb9\x25\xfd\x60\xb0\xb4\xf1\xc6\x1b\xe7\xce\x3b\xef\x34\x58\x02\
\x00\x00\x00\x00\x00\x00\x00\x3a\xd6\xdb\xdf\xfe\xf6\xdc\x7d\xf7\
\xdd\xd9\x6c\xb3\xcd\x5a\xa7\xf4\x84\x0d\x92\x4c\x2f\xa5\x7c\xbd\
\x94\xb2\x7a\xeb\x98\xbe\x60\x40\x8f\x96\x4a\x29\x4b\x95\x52\x3e\
\x9e\xe4\xe1\x24\x13\xd2\xe1\xcf\xc1\x25\xc9\xf6\xdb\x6f\x9f\x3b\
\xef\xbc\x33\x6f\x7c\xe3\x1b\x5b\xa7\x00\x00\x00\x00\x00\x00\x00\
\x00\x2c\x96\xb5\xd7\x5e\x3b\xb7\xdd\x76\x5b\xb6\xdd\x76\xdb\xd6\
\x29\x3d\x65\x5c\x92\x47\x4a\x29\x1f\x2b\xa5\x0c\xe8\xdd\xce\x80\
\xfd\xc3\x97\x52\xb6\x48\x72\x67\x92\x2f\x26\x19\xd1\x38\xa7\x47\
\x8c\x1f\x3f\x3e\x37\xde\x78\x63\x46\x8c\xe8\x17\x7f\x1c\x00\x00\
\x00\x00\x00\x00\x00\x80\xbc\xe1\x0d\x6f\xc8\x2d\xb7\xdc\x92\x09\
\x13\x26\xb4\x4e\xe9\x29\x23\x92\x9c\x93\xe4\xbb\xa5\x94\xad\x5b\
\xc7\xb4\x32\xe0\x46\x4b\xa5\x94\x11\xa5\x94\xb3\x93\x7c\x37\x49\
\xbf\xf8\xc6\x97\x52\x72\xd2\x49\x27\xe5\xb2\xcb\x2e\xcb\xd2\x4b\
\x2f\xdd\x3a\x07\x00\x00\x00\x00\x00\x00\x00\xa0\x47\x0d\x1b\x36\
\x2c\x17\x5d\x74\x51\x4e\x3c\xf1\xc4\x94\xd2\xf1\x0f\x69\xbd\x66\
\x8b\x24\x77\x96\x52\xce\x2c\xa5\xac\xd8\x3a\x66\x49\x2b\xb5\xd6\
\xd6\x0d\x4b\x44\x29\x65\x68\x92\x83\x92\xfc\xef\x24\xab\xb5\xad\
\xe9\x39\xc3\x86\x0d\xcb\x7f\xfc\xc7\x7f\xe4\x43\x1f\xfa\x50\xeb\
\x14\x00\x00\x00\x00\x00\x00\x00\x80\x5e\x37\x75\xea\xd4\x4c\x9c\
\x38\x31\x2f\xbd\xf4\x52\xeb\x94\x9e\xf4\x6c\x92\x53\x93\x9c\x51\
\x6b\x7d\xb9\x75\xcc\x92\xd0\xef\x47\x4b\xaf\xbe\xff\xb7\x4f\x92\
\x93\x93\x6c\xd0\x38\xa7\x47\xad\xb2\xca\x2a\xb9\xfa\xea\xab\xfb\
\xd3\xbb\x8d\x00\x00\x00\x00\x00\x00\x00\x00\x7f\xd3\xec\xd9\xb3\
\xf3\x81\x0f\x7c\x20\x4f\x3f\xfd\x74\xeb\x94\x9e\xf6\xf3\x24\xff\
\x9a\xe4\xfc\x5a\xeb\x82\xd6\x31\xbd\xa9\x5f\x8f\x96\x4a\x29\x63\
\x92\x7c\x3e\x8b\xce\x69\xf5\x2b\x9b\x6e\xba\x69\xa6\x4d\x9b\x96\
\x75\xd7\x5d\xb7\x75\x0a\x00\x00\x00\x00\x00\x00\x00\xc0\x12\xf7\
\xc4\x13\x4f\x64\x8f\x3d\xf6\xc8\x7d\xf7\xdd\xd7\x3a\xa5\x37\x3c\
\x94\xe4\xb3\xb5\xd6\xa9\xad\x43\x7a\xcb\xa0\xd6\x01\xbd\xa1\x94\
\xb2\x75\x29\x65\x7a\x92\x9b\xd3\x0f\x07\x4b\x63\xc7\x8e\xcd\xb7\
\xbf\xfd\x6d\x83\x25\x00\x00\x00\x00\x00\x00\x00\x60\xc0\x1a\x39\
\x72\x64\x66\xcc\x98\x91\x5d\x76\xd9\xa5\x75\x4a\x6f\xd8\x24\xc9\
\xd7\x4b\x29\x37\x97\x52\x46\xb5\x8e\xe9\x0d\xfd\x6a\xb4\x54\x4a\
\xd9\xb9\x94\x72\x6b\x92\xd9\x49\x46\xb7\xee\xe9\x0d\xc7\x1d\x77\
\x5c\xbe\xf9\xcd\x6f\x66\xf9\xe5\x97\x6f\x9d\x02\x00\x00\x00\x00\
\x00\x00\x00\xd0\xd4\x8a\x2b\xae\x98\x69\xd3\xa6\xe5\xe8\xa3\x8f\
\x6e\x9d\xd2\x5b\xc6\x24\xb9\xfb\xd5\xf1\xd2\x98\xd6\x31\x3d\xa9\
\xe3\x9f\x87\x2b\xa5\x0c\x4a\x32\x36\xc9\xff\x97\x64\xab\xc6\x39\
\xbd\x66\xe9\xa5\x97\xce\xb9\xe7\x9e\x9b\x89\x13\x27\xb6\x4e\x01\
\x00\x00\x00\x00\x00\x00\x00\xe8\x73\x2e\xbd\xf4\xd2\x4c\x9a\x34\
\x29\x73\xe6\xcc\x69\x9d\xd2\x9b\xee\x4f\xf2\x85\x24\x97\xd6\x5a\
\x5f\x69\x1d\xb3\x38\x3a\x76\xb4\x54\x4a\x19\x96\x64\x7c\x92\xcf\
\x24\x79\x4b\xe3\x9c\x5e\xb5\xce\x3a\xeb\xe4\xaa\xab\xae\xca\x3b\
\xdf\xf9\xce\xd6\x29\x00\x00\x00\x00\x00\x00\x00\x00\x7d\xd6\x7d\
\xf7\xdd\x97\xbd\xf6\xda\x2b\x8f\x3f\xfe\x78\xeb\x94\xde\xf6\x78\
\x92\xd3\x93\x9c\x57\x6b\xed\xc8\x95\x56\xc7\x8d\x96\x4a\x29\x7f\
\x97\x64\x52\x92\x83\x93\xac\xd2\x38\xa7\xd7\xed\xb8\xe3\x8e\xb9\
\xfc\xf2\xcb\xb3\xf2\xca\x2b\xb7\x4e\x01\x00\x00\x00\x00\x00\x00\
\x00\xe8\xf3\x9e\x79\xe6\x99\xec\xb7\xdf\x7e\x99\x31\x63\x46\xeb\
\x94\x25\xe1\x99\x24\xff\x91\x45\xe3\xa5\x9f\xb6\x8e\xe9\x8a\x41\
\xad\x03\x5e\x8f\x52\xca\xd2\xa5\x94\xf1\xa5\x94\x5b\x92\xfc\x30\
\xc9\xff\xca\x00\x18\x2c\x1d\x77\xdc\x71\xb9\xf1\xc6\x1b\x0d\x96\
\x00\x00\x00\x00\x00\x00\x00\x00\x5e\xa7\x55\x57\x5d\x35\x37\xdf\
\x7c\x73\x8e\x39\xe6\x98\xd6\x29\x4b\xc2\xaa\x49\x8e\x4f\xf2\xa3\
\x52\xca\x4d\xa5\x94\x7d\x5f\x7d\xbd\xac\xcf\xeb\xd3\x97\x96\x4a\
\x29\x5b\x26\xf9\x70\x92\x0f\x65\x00\x8c\x94\x5e\xb3\xf4\xd2\x4b\
\xe7\xdc\x73\xcf\xcd\xc4\x89\x13\x5b\xa7\x00\x00\x00\x00\x00\x00\
\x00\x00\x74\xac\xcb\x2e\xbb\x2c\x87\x1e\x7a\x68\xe6\xcc\xe9\xc8\
\x17\xd4\xba\xeb\x85\x24\xd7\x24\xb9\x38\xc9\xad\xb5\x8f\x8e\x83\
\xfa\xd4\x68\xa9\x94\xb2\x54\x92\xed\x92\xec\x9d\xe4\x03\x49\x46\
\xb6\x2d\x5a\xf2\xde\xfc\xe6\x37\x67\xea\xd4\xa9\xd9\x7c\xf3\xcd\
\x5b\xa7\x00\x00\x00\x00\x00\x00\x00\x00\x74\xbc\x7b\xef\xbd\x37\
\xe3\xc6\x8d\xcb\xa3\x8f\x3e\xda\x3a\xa5\x85\x5f\x24\xf9\x46\x92\
\xab\x92\xcc\xaa\xb5\x2e\x68\xdc\xf3\xdf\x9a\x8f\x96\x4a\x29\xab\
\x27\xd9\x29\xc9\xae\x49\x76\xc9\x00\xba\xa8\xf4\xa7\xc6\x8f\x1f\
\x9f\xc9\x93\x27\x67\x85\x15\x56\x68\x9d\x02\x00\x00\x00\x00\x00\
\x00\x00\xd0\x6f\xbc\xf0\xc2\x0b\x39\xf4\xd0\x43\x73\xc5\x15\x57\
\xb4\x4e\x69\xe9\x99\x24\x37\x26\xb9\x29\xc9\xb7\x6a\xad\xcf\xb4\
\x8c\x59\xe2\xa3\xa5\x52\xca\x1a\x49\xb6\x49\xf2\x9e\x2c\xba\xaa\
\xb4\x79\x92\xb2\x44\x23\xfa\x98\x65\x96\x59\x26\xa7\x9d\x76\x5a\
\x0e\x3f\xdf\x38\x1e\xca\x00\x00\x20\x00\x49\x44\x41\x54\xfc\xf0\
\xd6\x29\x00\x00\x00\x00\x00\x00\x00\x00\xfd\xd6\x39\xe7\x9c\x93\
\xe3\x8e\x3b\x2e\x2f\xbf\xfc\x72\xeb\x94\xd6\x16\x26\xf9\x7e\x92\
\xdb\x93\xdc\x91\xe4\x8e\x5a\xeb\x7f\x2d\xc9\x80\x5e\x1d\x2d\x95\
\x52\x56\x4b\xf2\xf6\x24\xef\x78\xf5\x63\xcb\x24\x6f\xea\xb5\x2f\
\xd8\x81\xde\xfa\xd6\xb7\xe6\xf2\xcb\x2f\xcf\x66\x9b\x6d\xd6\x3a\
\x05\x00\x00\x00\x00\x00\x00\x00\xa0\xdf\xbb\xef\xbe\xfb\x32\x7e\
\xfc\xf8\xfc\xe8\x47\x3f\x6a\x9d\xd2\xd7\xfc\x24\xc9\xf7\x92\xdc\
\xfb\xea\xc7\xfd\xbd\x79\x8d\xa9\xdb\xa3\xa5\x52\xca\x52\x49\x56\
\x4a\xb2\x7a\x92\x75\x92\xac\x9d\x64\x64\x16\x8d\x92\x36\x4c\xf2\
\x96\x24\x23\x7a\x26\xb3\x7f\x9a\x30\x61\x42\xce\x39\xe7\x9c\x2c\
\xb7\xdc\x72\xad\x53\x00\x00\x00\x00\x00\x00\x00\x00\x06\x8c\x17\
\x5f\x7c\x31\x1f\xfb\xd8\xc7\x32\x65\xca\x94\xd6\x29\x7d\xdd\x73\
\x49\x7e\x94\xe4\x87\x49\x1e\x4d\xf2\x44\x92\x27\x93\xfc\x22\xc9\
\xd3\x49\x9e\xab\xb5\x2e\xe8\xce\x6f\xfc\x47\xa3\xa5\x52\xca\x06\
\x49\x46\x27\x79\x5b\x16\x8d\x90\x46\x24\x19\x92\xe4\xb5\x55\xcd\
\x90\x57\x3f\x37\x22\xc9\x0a\xdd\xf9\x82\x24\xcb\x2e\xbb\x6c\xbe\
\xf8\xc5\x2f\xe6\xa0\x83\x0e\x6a\x9d\x02\x00\x00\x00\x00\x00\x00\
\x00\x30\x60\x9d\x7f\xfe\xf9\x39\xfa\xe8\xa3\x33\x67\xce\x9c\xd6\
\x29\x9d\xec\xb7\x59\x34\x6e\x7a\x21\xc9\xfc\x57\x3f\xf7\xbb\x57\
\xff\xfd\xf9\x2c\x1a\x39\x3d\x90\xe4\xb6\x5a\xeb\xa3\xaf\xfd\x47\
\x25\x8b\x06\x49\x07\x25\x39\x3c\xc9\xa6\x4b\xae\x77\x60\xda\x62\
\x8b\x2d\x72\xc9\x25\x97\x64\xe3\x8d\x37\x6e\x9d\x02\x00\x00\x00\
\x00\x00\x00\x00\x30\xe0\x3d\xf4\xd0\x43\x39\xe0\x80\x03\x72\xff\
\xfd\xf7\xb7\x4e\x19\x08\x1e\x4c\xf2\xe5\x24\x17\x2e\x95\xe4\xf1\
\x24\xfb\x25\x59\xad\x65\x51\x7f\x37\x78\xf0\xe0\x7c\xe6\x33\x9f\
\xc9\x57\xbf\xfa\xd5\xac\xb1\xc6\x1a\xad\x73\x00\x00\x00\x00\x00\
\x00\x00\x00\x48\xb2\xda\x6a\xab\xe5\x90\x43\x0e\x49\xad\x35\x77\
\xdd\x75\x57\x16\x2e\x5c\xd8\x3a\xa9\x3f\x5b\x2d\xc9\xee\x49\x0e\
\x2e\x49\xea\xdf\xf8\xc5\x2c\xa6\x8d\x36\xda\x28\x17\x5d\x74\x51\
\x46\x8d\x1a\xd5\x3a\x05\x00\x00\x00\x00\x00\x00\x00\x80\xbf\xe0\
\xee\xbb\xef\xce\xc4\x89\x13\xf3\xc8\x23\x8f\xb4\x4e\xe9\xf7\x06\
\xb5\x0e\xe8\xcf\x06\x0d\x1a\x94\x4f\x7e\xf2\x93\xb9\xf7\xde\x7b\
\x0d\x96\x00\x00\x00\x00\x00\x00\x00\x00\xfa\xb8\xad\xb6\xda\x2a\
\xf7\xde\x7b\x6f\x8e\x3d\xf6\xd8\x0c\x1a\x64\x56\xd3\x9b\x5c\x5a\
\xea\x25\x1b\x6c\xb0\x41\x2e\xb8\xe0\x82\x6c\xb7\xdd\x76\xad\x53\
\x00\x00\x00\x00\x00\x00\x00\x00\xe8\xa2\x99\x33\x67\xe6\xe0\x83\
\x0f\xce\x63\x8f\x3d\xd6\x3a\xa5\x5f\x32\x09\xeb\x61\xa5\x94\x1c\
\x7e\xf8\xe1\xb9\xff\xfe\xfb\x0d\x96\x00\x00\x00\x00\x00\x00\x00\
\x00\x3a\xd4\xf6\xdb\x6f\x9f\xfb\xef\xbf\x3f\x93\x26\x4d\x4a\x29\
\xa5\x75\x4e\xbf\xe3\xd2\x52\x0f\xda\x68\xa3\x8d\x72\xce\x39\xe7\
\xe4\xbd\xef\x7d\x6f\xeb\x14\x00\x00\x00\x00\x00\x00\x00\x00\x7a\
\xc8\xf4\xe9\xd3\xf3\xf1\x8f\x7f\x3c\x8f\x3c\xf2\x48\xeb\x94\x7e\
\xc3\xa5\xa5\x1e\x30\x7c\xf8\xf0\x7c\xee\x73\x9f\xcb\x7d\xf7\xdd\
\x67\xb0\x04\x00\x00\x00\x00\x00\x00\x00\xd0\xcf\xec\xb0\xc3\x0e\
\xb9\xff\xfe\xfb\x73\xd2\x49\x27\x65\x99\x65\x96\x69\x9d\xd3\x2f\
\xb8\xb4\xb4\x98\xf6\xd8\x63\x8f\x9c\x79\xe6\x99\x59\x6f\xbd\xf5\
\x5a\xa7\x00\x00\x00\x00\x00\x00\x00\x00\xd0\xcb\x1e\x7b\xec\xb1\
\x1c\x75\xd4\x51\xb9\xee\xba\xeb\x5a\xa7\x74\x34\x97\x96\xba\xe9\
\x8d\x6f\x7c\x63\xae\xbe\xfa\xea\x5c\x73\xcd\x35\x06\x4b\x00\x00\
\x00\x00\x00\x00\x00\x00\x03\xc4\xfa\xeb\xaf\x9f\x69\xd3\xa6\xe5\
\xaa\xab\xae\xca\x3a\xeb\xac\xd3\x3a\xa7\x63\x19\x2d\x75\xd1\xe0\
\xc1\x83\x73\xf4\xd1\x47\xe7\xc1\x07\x1f\xcc\x07\x3e\xf0\x81\xd6\
\x39\x00\x00\x00\x00\x00\x00\x00\x00\x34\xb0\xd7\x5e\x7b\xe5\x91\
\x47\x1e\xc9\x09\x27\x9c\x90\xa1\x43\x87\xb6\xce\xe9\x38\x9e\x87\
\xeb\x82\x3d\xf7\xdc\x33\x27\x9f\x7c\x72\x36\xda\x68\xa3\xd6\x29\
\x00\x00\x00\x00\x00\x00\x00\x00\xf4\x11\x0f\x3d\xf4\x50\x3e\xfd\
\xe9\x4f\x67\xda\xb4\x69\xad\x53\x3a\x86\xd1\xd2\xeb\xb0\xf5\xd6\
\x5b\xe7\x94\x53\x4e\xc9\xf6\xdb\x6f\xdf\x3a\x05\x00\x00\x00\x00\
\x00\x00\x00\x80\x3e\x6a\xf6\xec\xd9\xf9\xd4\xa7\x3e\x95\x59\xb3\
\x66\xb5\x4e\xe9\xf3\x3c\x0f\xf7\x57\xbc\xf5\xad\x6f\xcd\x55\x57\
\x5d\x95\xd9\xb3\x67\x1b\x2c\x01\x00\x00\x00\x00\x00\x00\x00\xf0\
\x57\xbd\xeb\x5d\xef\xca\xcc\x99\x33\x73\xe5\x95\x57\x66\xc3\x0d\
\x37\x6c\x9d\xd3\xa7\x19\x2d\xfd\x19\x6b\xad\xb5\x56\x26\x4f\x9e\
\x9c\x07\x1e\x78\x20\x7b\xed\xb5\x57\xeb\x1c\x00\x00\x00\x00\x00\
\x00\x00\x00\x3a\x44\x29\x25\x7b\xef\xbd\x77\x1e\x7c\xf0\xc1\x9c\
\x7b\xee\xb9\x59\x73\xcd\x35\x5b\x27\xf5\x49\x46\x4b\x7f\x46\xad\
\x35\x0b\x17\x2e\x6c\x9d\x01\x00\x00\x00\x00\x00\x00\x00\x40\x87\
\xaa\xb5\x66\xc1\x82\x05\xa9\xb5\xb6\x4e\xe9\x93\x4a\x12\x7f\x33\
\x7f\xc1\x86\x1b\x6e\x98\x7f\xfd\xd7\x7f\xcd\xde\x7b\xef\x9d\x52\
\x4a\xeb\x1c\x00\x00\x00\x00\x00\x00\x00\x00\xfa\xb8\x5a\x6b\xae\
\xb8\xe2\x8a\x7c\xe6\x33\x9f\xc9\x8f\x7f\xfc\xe3\xd6\x39\x7d\x96\
\xd1\xd2\xeb\x30\x6a\xd4\xa8\x9c\x72\xca\x29\x19\x3d\x7a\x74\xeb\
\x14\x00\x00\x00\x00\x00\x00\x00\x00\xfa\xa8\x6f\x7f\xfb\xdb\xf9\
\xd4\xa7\x3e\x95\x3b\xef\xbc\xb3\x75\x4a\x9f\x67\xb4\xd4\x05\x63\
\xc7\x8e\xcd\x29\xa7\x9c\x92\x4d\x36\xd9\xa4\x75\x0a\x00\x00\x00\
\x00\x00\x00\x00\x00\x7d\xc4\x03\x0f\x3c\x90\x4f\x7d\xea\x53\xb9\
\xf1\xc6\x1b\x5b\xa7\x74\x0c\xa3\xa5\x2e\x1a\x3c\x78\x70\x8e\x38\
\xe2\x88\x9c\x74\xd2\x49\x59\x7e\xf9\xe5\x5b\xe7\x00\x00\x00\x00\
\x00\x00\x00\x00\xd0\xc8\x9c\x39\x73\xf2\xf9\xcf\x7f\x3e\xff\xf6\
\x6f\xff\x96\x79\xf3\xe6\xb5\xce\xe9\x28\x46\x4b\xdd\xb4\xce\x3a\
\xeb\xe4\x8c\x33\xce\xc8\x5e\x7b\xed\xd5\x3a\x05\x00\x00\x00\x00\
\x00\x00\x00\x80\x25\xec\xca\x2b\xaf\xcc\x31\xc7\x1c\x93\x27\x9f\
\x7c\xb2\x75\x4a\x47\x32\x5a\x5a\x4c\x63\xc7\x8e\xcd\x59\x67\x9d\
\x95\xf5\xd7\x5f\xbf\x75\x0a\x00\x00\x00\x00\x00\x00\x00\x00\xbd\
\xec\xd1\x47\x1f\xcd\x91\x47\x1e\x99\x1b\x6e\xb8\xa1\x75\x4a\x47\
\x1b\xd4\x3a\xa0\xd3\x5d\x77\xdd\x75\xd9\x74\xd3\x4d\xf3\xb9\xcf\
\x7d\xce\x99\x2f\x00\x00\x00\x00\x00\x00\x00\x80\x7e\x6a\xee\xdc\
\xb9\x39\xe9\xa4\x93\xb2\xe9\xa6\x9b\x1a\x2c\xf5\x00\x97\x96\x7a\
\xd0\x46\x1b\x6d\x94\xb3\xcf\x3e\x3b\xa3\x47\x8f\x6e\x9d\x02\x00\
\x00\x00\x00\x00\x00\x00\x40\x0f\x99\x3e\x7d\x7a\x8e\x38\xe2\x88\
\xfc\xf0\x87\x3f\x6c\x9d\xd2\x6f\xb8\xb4\xd4\x83\x1e\x7e\xf8\xe1\
\xec\xb8\xe3\x8e\xf9\xe8\x47\x3f\x9a\xdf\xfd\xee\x77\xad\x73\x00\
\x00\x00\x00\x00\x00\x00\x00\x58\x0c\x2f\xbe\xf8\x62\x0e\x3b\xec\
\xb0\x8c\x19\x33\xc6\x60\xa9\x87\xb9\xb4\xd4\x4b\x36\xd8\x60\x83\
\x5c\x70\xc1\x05\xd9\x6e\xbb\xed\x5a\xa7\x00\x00\x00\x00\x00\x00\
\x00\x00\xd0\x45\x33\x66\xcc\xc8\xc1\x07\x1f\x9c\xc7\x1f\x7f\xbc\
\x75\x4a\xbf\xe4\xd2\x52\x2f\x79\xf4\xd1\x47\x33\x7a\xf4\xe8\x1c\
\x77\xdc\x71\x79\xe9\xa5\x97\x5a\xe7\x00\x00\x00\x00\x00\x00\x00\
\x00\xf0\x3a\xcc\x99\x33\x27\xc7\x1c\x73\x4c\x76\xdc\x71\x47\x83\
\xa5\x5e\xe4\xd2\xd2\x12\xb0\xd1\x46\x1b\xe5\xa2\x8b\x2e\xca\xa8\
\x51\xa3\x5a\xa7\x00\x00\x00\x00\x00\x00\x00\x00\xf0\x17\xcc\x9e\
\x3d\x3b\x07\x1d\x74\x90\xa7\xe0\x96\x80\x41\x49\x9e\x6a\x1d\xd1\
\xdf\x3d\xfc\xf0\xc3\x79\xf7\xbb\xdf\x9d\x7f\xfe\xe7\x7f\xce\xfc\
\xf9\xf3\x5b\xe7\x00\x00\x00\x00\x00\x00\x00\x00\xf0\x07\xe6\xce\
\x9d\x9b\x7f\xfc\xc7\x7f\xcc\xb6\xdb\x6e\x6b\xb0\xb4\x64\x3c\x55\
\x92\x2c\x97\xe4\xa0\x24\x87\x27\xd9\xb4\x69\xce\x00\xb0\xf9\xe6\
\x9b\x67\xca\x94\x29\xd9\x78\xe3\x8d\x5b\xa7\x00\x00\x00\x00\x00\
\x00\x00\x00\x0c\x78\x0f\x3c\xf0\x40\x0e\x38\xe0\x80\x3c\xf0\xc0\
\x03\xad\x53\x06\x82\x07\x93\x7c\x39\xc9\x85\xa5\xd6\xff\x79\x1d\
\xae\x94\xb2\x41\x92\xd1\x49\xde\x96\x64\xed\x24\x23\x92\x0c\x4e\
\xb2\xfc\xab\xbf\x64\x50\x92\x95\x5e\xfd\xfc\x88\x25\x18\xdc\xaf\
\x0c\x1f\x3e\x3c\x67\x9d\x75\x56\x0e\x39\xe4\x90\xd6\x29\x00\x00\
\x00\x00\x00\x00\x00\x00\x03\xd6\xe4\xc9\x93\x73\xec\xb1\xc7\xe6\
\xa5\x97\x5e\x6a\x9d\xd2\xc9\x9e\x4f\xf2\xdc\xab\xff\x5c\xf8\xea\
\xe7\x5e\x4c\xf2\xca\xab\x9f\x7b\x32\xc9\x03\x49\x6e\xab\xb5\x3e\
\xfa\xda\x7f\xf4\x47\xa3\xa5\xae\x28\xa5\x94\x24\x6f\x48\xb2\x7a\
\x16\x0d\x9c\xd6\x4a\xf2\xc6\x24\xeb\x27\x79\x6b\x92\xb7\x24\x59\
\xb9\x5b\xbf\xf9\x00\x71\xe0\x81\x07\xe6\x4b\x5f\xfa\x52\x96\x5b\
\x6e\xb9\xd6\x29\x00\x00\x00\x00\x00\x00\x00\x00\x03\xc6\x6f\x7f\
\xfb\xdb\x1c\x7e\xf8\xe1\xf9\xda\xd7\xbe\xd6\x3a\xa5\xaf\x7b\x36\
\xc9\x0f\x93\x3c\x92\xe4\xb1\x24\xbf\x48\xf2\xcb\x2c\x1a\x22\xfd\
\x2a\xc9\x73\xb5\x9b\xe3\xa3\x6e\x8f\x96\x5e\xd7\x6f\x5e\xca\xca\
\x49\xde\x9e\xe4\x1d\x49\xb6\x48\xb2\x65\x16\x8d\x99\x4a\xaf\x7d\
\xd1\x0e\xb3\xe1\x86\x1b\xe6\x6b\x5f\xfb\x5a\x36\xdf\x7c\xf3\xd6\
\x29\x00\x00\x00\x00\x00\x00\x00\x00\xfd\xde\xbd\xf7\xde\x9b\xf1\
\xe3\xc7\xe7\x27\x3f\xf9\x49\xeb\x94\xbe\xa4\x66\xd1\x38\xe9\xde\
\x24\xdf\x7f\xf5\xe3\xbe\x5a\xeb\xb3\xbd\xf5\x05\x7b\x75\xb4\xf4\
\x67\xbf\x60\x29\xab\x26\x79\x77\x92\xed\x5e\xfd\x78\x47\x16\x3d\
\x3b\x37\x60\x2d\xbd\xf4\xd2\xf9\xc2\x17\xbe\x90\x8f\x7d\xec\x63\
\xad\x53\x00\x00\x00\x00\x00\x00\x00\x00\xfa\xad\x2f\x7e\xf1\x8b\
\xf9\x87\x7f\xf8\x87\xcc\x9d\x3b\xb7\x75\x4a\x6b\x0b\x92\x7c\x2f\
\xc9\xed\x49\x66\x25\xb9\xb3\x37\x07\x4a\x7f\xce\x12\x1f\x2d\xfd\
\x3f\x01\xa5\xac\x92\x64\xa7\x24\xbb\x24\xd9\x2d\xc9\x6a\x4d\x83\
\x1a\x1a\x37\x6e\x5c\xce\x3b\xef\xbc\xac\xb8\xe2\x8a\xad\x53\x00\
\x00\x00\x00\x00\x00\x00\x00\xfa\x8d\xe7\x9f\x7f\x3e\x1f\xf9\xc8\
\x47\x72\xd5\x55\x57\xb5\x4e\x69\xe9\xe9\x24\xd7\x27\xb9\x29\xc9\
\x2d\x4b\x7a\xa4\xf4\xa7\x9a\x8f\x96\xfe\x50\x29\x65\xa9\x24\xdb\
\x24\xd9\x27\xc9\x5e\x49\xd6\x69\x5b\xb4\xe4\x6d\xb0\xc1\x06\xb9\
\xe2\x8a\x2b\xb2\xc5\x16\x5b\xb4\x4e\x01\x00\x00\x00\x00\x00\x00\
\x00\xe8\x78\xdf\xfd\xee\x77\x33\x6e\xdc\xb8\x3c\xfe\xf8\xe3\xad\
\x53\x5a\xf8\x79\x92\xab\x5e\xfd\xb8\xb3\xd6\xba\xb0\x71\xcf\x7f\
\xeb\x53\xa3\xa5\x3f\x55\x4a\xd9\x32\xc9\x87\x93\xec\x9f\x64\xd5\
\xc6\x39\x4b\xcc\xd2\x4b\x2f\x9d\x73\xce\x39\x27\x07\x1f\x7c\x70\
\xeb\x14\x00\x00\x00\x00\x00\x00\x00\x80\x8e\x35\x65\xca\x94\x1c\
\x76\xd8\x61\x99\x33\x67\x4e\xeb\x94\x25\xe9\xf9\x24\xd7\x26\xb9\
\x38\xc9\xad\xb5\x8f\x8e\x83\xfa\xf4\x68\xe9\x35\xa5\x94\x61\x49\
\xde\x97\x64\x52\x16\x3d\x25\x37\xa8\x6d\xd1\x92\x71\xec\xb1\xc7\
\xe6\xd4\x53\x4f\xcd\xe0\xc1\x83\x5b\xa7\x00\x00\x00\x00\x00\x00\
\x00\x00\x74\x8c\xf9\xf3\xe7\xe7\xb8\xe3\x8e\xcb\x59\x67\x9d\xd5\
\x3a\x65\x49\x59\x98\x45\xcf\xbe\x4d\x4e\x72\x7d\xad\x75\x5e\xe3\
\x9e\xbf\xa9\x23\x46\x4b\x7f\xa8\x94\xb2\x41\x16\x8d\x97\x0e\x49\
\xb2\x5a\xe3\x9c\x5e\x37\x7a\xf4\xe8\x5c\x7e\xf9\xe5\x59\x75\xd5\
\x01\x73\x68\x0a\x00\x00\x00\x00\x00\x00\x00\xa0\xdb\xfe\xeb\xbf\
\xfe\x2b\xe3\xc6\x8d\xcb\xed\xb7\xdf\xde\x3a\x65\x49\x78\x3a\xc9\
\xf9\x49\xce\xab\xb5\x3e\xde\xb8\xa5\x4b\x3a\x6e\xb4\xf4\x9a\x57\
\xaf\x2f\x8d\x4f\xf2\x4f\x49\x36\x6c\x9c\xd3\xab\x46\x8e\x1c\x99\
\x2b\xaf\xbc\x32\x5b\x6d\xb5\x55\xeb\x14\x00\x00\x00\x00\x00\x00\
\x00\x80\x3e\xeb\xfb\xdf\xff\x7e\xf6\xda\x6b\xaf\xfc\xec\x67\x3f\
\x6b\x9d\xd2\xdb\x1e\x4b\x72\x46\x92\xc9\xb5\xd6\x97\x5a\xc7\x74\
\x47\xc7\x3e\xb3\x56\x6b\x9d\x5b\x6b\xbd\x38\xc9\xc6\x49\xf6\x4c\
\xf2\x9d\xc6\x49\xbd\xe6\x89\x27\x9e\xc8\xf6\xdb\x6f\x9f\x0b\x2e\
\xb8\xa0\x75\x0a\x00\x00\x00\x00\x00\x00\x00\x40\x9f\x34\x65\xca\
\x94\x6c\xb3\xcd\x36\xfd\x7d\xb0\x74\x5f\x92\x89\x49\xde\x52\x6b\
\x3d\xa3\x53\x07\x4b\x49\x07\x8f\x96\x5e\x53\x6b\x5d\x58\x6b\xbd\
\xb6\xd6\xfa\xae\x24\x3b\x25\xb9\xa5\x75\x53\x6f\x78\xf9\xe5\x97\
\x73\xc8\x21\x87\xe4\x13\x9f\xf8\x44\x16\x2c\x58\xd0\x3a\x07\x00\
\x00\x00\x00\x00\x00\x00\xa0\x4f\x78\xe5\x95\x57\x72\xd4\x51\x47\
\xe5\xc0\x03\x0f\xcc\x4b\x2f\x75\xec\x86\xe7\x6f\xf9\x56\x92\x1d\
\x6b\xad\x5b\xd4\x5a\x2f\xae\xb5\xbe\xd2\x3a\x68\x71\x75\xec\xf3\
\x70\x7f\x4d\x29\x65\x54\x92\xcf\x25\x19\xd3\xba\xa5\x37\xec\xba\
\xeb\xae\xb9\xfc\xf2\xcb\xb3\xc2\x0a\x2b\xb4\x4e\x01\x00\x00\x00\
\x00\x00\x00\x00\x68\xe6\xf9\xe7\x9f\xcf\x7e\xfb\xed\x97\x9b\x6f\
\xbe\xb9\x75\x4a\x6f\xb9\x39\xc9\x3f\xd6\x5a\xbf\xd7\x3a\xa4\xa7\
\xf5\xcb\xd1\xd2\x6b\x4a\x29\x63\x92\x9c\x92\xe4\x1d\xad\x5b\x7a\
\xda\xa6\x9b\x6e\x9a\x6b\xaf\xbd\x36\xeb\xad\xb7\x5e\xeb\x14\x00\
\x00\x00\x00\x00\x00\x00\x80\x25\xee\xb1\xc7\x1e\xcb\xfb\xde\xf7\
\xbe\xfc\xe0\x07\x3f\x68\x9d\xd2\x1b\x1e\xcc\xa2\xb1\xd2\xb4\xd6\
\x21\xbd\xa5\xe3\x9f\x87\xfb\x6b\x6a\xad\xb7\x24\x79\x67\x92\xfd\
\x92\xfc\xa4\x71\x4e\x8f\x7a\xf0\xc1\x07\x33\x6a\xd4\xa8\xcc\x9a\
\x35\xab\x75\x0a\x00\x00\x00\x00\x00\x00\x00\xc0\x12\x35\x7b\xf6\
\xec\xfc\xfd\xdf\xff\x7d\x7f\x1c\x2c\xfd\x3c\xc9\xe1\x49\xde\xde\
\x9f\x07\x4b\x49\x3f\x1f\x2d\x25\x49\x5d\x64\x6a\x92\x8d\xb3\xe8\
\x9b\xfa\xab\xc6\x49\x3d\xe6\xd7\xbf\xfe\x75\x76\xda\x69\xa7\x4c\
\x99\x32\xa5\x75\x0a\x00\x00\x00\x00\x00\x00\x00\xc0\x12\x31\x75\
\xea\xd4\xec\xb0\xc3\x0e\x79\xfa\xe9\xa7\x5b\xa7\xf4\xa4\x67\x93\
\x7c\x3a\xc9\x5b\x6a\xad\x93\x6b\xad\x0b\x5b\x07\xf5\xb6\x7e\x3f\
\x5a\x7a\x4d\xad\x75\x7e\xad\x75\x72\x92\xb7\x26\x39\x2b\xc9\x82\
\xc6\x49\x3d\x62\xee\xdc\xb9\x99\x30\x61\x42\x4e\x3a\xe9\xa4\xf4\
\xe7\xa7\xfe\x00\x00\x00\x00\x00\x00\x00\x80\x81\xad\xd6\x9a\x13\
\x4f\x3c\x31\xe3\xc7\x8f\xcf\x4b\x2f\xbd\xd4\x3a\xa7\xa7\x2c\x48\
\x72\x46\x92\x0d\x6a\xad\xa7\xd4\x5a\xe7\xb6\x0e\x5a\x52\xca\x40\
\x1d\xba\x94\x52\x36\x4f\xf2\xa5\x24\xef\x6a\xdd\xd2\x53\xc6\x8f\
\x1f\x9f\x0b\x2e\xb8\x20\xcb\x2c\xb3\x4c\xeb\x14\x00\x00\x00\x00\
\x00\x00\x00\x80\x1e\x33\x77\xee\xdc\x1c\x7a\xe8\xa1\xb9\xe4\x92\
\x4b\x5a\xa7\xf4\xa4\x7b\x93\x7c\xac\xd6\x7a\x77\xeb\x90\x16\x06\
\xec\x68\x29\x49\x4a\x29\x83\xb2\xe8\xc9\xb8\xcf\x25\x19\xd1\x38\
\xa7\x47\x6c\xb7\xdd\x76\xf9\xc6\x37\xbe\x91\x95\x56\x5a\xa9\x75\
\x0a\x00\x00\x00\x00\x00\x00\x00\xc0\x62\xfb\xcd\x6f\x7e\x93\xf7\
\xbf\xff\xfd\xb9\xe3\x8e\x3b\x5a\xa7\xf4\x94\xe7\x92\xfc\x53\x92\
\x01\xf1\x0c\xdc\x5f\x32\xa0\x47\x4b\xaf\x29\xa5\xbc\x21\xc9\xbf\
\x25\x99\x94\xa4\x34\xce\x59\x6c\x1b\x6f\xbc\x71\x6e\xb8\xe1\x86\
\xbc\xf1\x8d\x6f\x6c\x9d\x02\x00\x00\x00\x00\x00\x00\x00\xd0\x6d\
\x8f\x3f\xfe\x78\x76\xdb\x6d\xb7\x3c\xf2\xc8\x23\xad\x53\x7a\xca\
\xd4\x24\x47\xd5\x5a\x9f\x6e\x1d\xd2\x9a\xd1\xd2\x1f\x28\xa5\x8c\
\x4e\xf2\x95\x24\x1b\xb4\x6e\x59\x5c\x6b\xaf\xbd\x76\xae\xbf\xfe\
\xfa\x6c\xb6\xd9\x66\xad\x53\x00\x00\x00\x00\x00\x00\x00\x00\xba\
\xec\xfb\xdf\xff\x7e\xc6\x8e\x1d\x9b\xa7\x9e\x7a\xaa\x75\x4a\x4f\
\x78\x34\xc9\xa1\xb5\xd6\xdb\x5a\x87\xf4\x15\x83\x5a\x07\xf4\x25\
\xaf\xfe\x60\xbc\x2d\xc9\x99\x49\x3a\x7a\xcd\xf5\xe4\x93\x4f\x66\
\x9b\x6d\xb6\xc9\x8d\x37\xde\xd8\x3a\x05\x00\x00\x00\x00\x00\x00\
\x00\xa0\x4b\x6e\xbd\xf5\xd6\xbc\xf7\xbd\xef\xed\x0f\x83\xa5\x9a\
\x64\x72\x92\xb7\x1b\x2c\xfd\x31\xa3\xa5\x3f\x51\x6b\x9d\x53\x6b\
\x3d\x26\xc9\x2e\x49\x7e\xd1\xba\x67\x71\xfc\xee\x77\xbf\xcb\xfb\
\xdf\xff\xfe\x4c\x99\x32\xa5\x75\x0a\x00\x00\x00\x00\x00\x00\x00\
\xc0\xeb\xf2\xd5\xaf\x7e\x35\xbb\xed\xb6\x5b\x7e\xfb\xdb\xdf\xb6\
\x4e\x59\x5c\xbf\x4a\xb2\x67\xad\xf5\xf0\x5a\xeb\xef\x5a\xc7\xf4\
\x35\x46\x4b\x7f\x41\xad\xf5\xe6\x2c\xba\xba\x34\xb9\x75\xcb\xe2\
\x98\x37\x6f\x5e\x26\x4c\x98\x90\x13\x4f\x3c\xb1\x75\x0a\x00\x00\
\x00\x00\x00\x00\x00\xc0\x5f\x75\xc6\x19\x67\x64\xe2\xc4\x89\x99\
\x3f\x7f\x7e\xeb\x94\xc5\x35\x35\xc9\x26\xb5\xd6\x69\xad\x43\xfa\
\xaa\x52\x6b\x47\xbf\x82\xb6\x44\x94\x52\xf6\x4e\xf2\xa5\x24\xab\
\xb5\x6e\x59\x1c\x47\x1f\x7d\x74\x4e\x3b\xed\xb4\x0c\x1a\x64\xab\
\x06\x00\x00\x00\x00\x00\x00\x00\xf4\x1d\x0b\x16\x2c\xc8\x51\x47\
\x1d\x95\x2f\x7d\xe9\x4b\xad\x53\x16\xd7\xd3\x49\x3e\x5a\x6b\xfd\
\x46\xeb\x90\xbe\xce\x68\xe9\x75\x2a\xa5\xac\x96\xe4\xa2\x24\xbb\
\xb6\x6e\x59\x1c\xfb\xef\xbf\x7f\x2e\xba\xe8\xa2\x0c\x19\x32\xa4\
\x75\x0a\x00\x00\x00\x00\x00\x00\x00\x40\xe6\xcd\x9b\x97\x03\x0f\
\x3c\x30\x53\xa7\x4e\x6d\x9d\xb2\xb8\xae\x4b\x72\x70\xad\xf5\x99\
\xd6\x21\x9d\xc0\x68\xa9\x0b\x4a\x29\x25\xc9\xd1\x49\x4e\x4d\xd2\
\xb1\xab\x9f\x1d\x77\xdc\x31\x57\x5f\x7d\x75\x96\x5f\x7e\xf9\xd6\
\x29\x00\x00\x00\x00\x00\x00\x00\xc0\x00\xf6\xfb\xdf\xff\x3e\xfb\
\xec\xb3\x4f\x6e\xba\xe9\xa6\xd6\x29\x8b\xe3\x95\x24\xff\x9a\xe4\
\x5f\x6a\xad\x0b\x5b\xc7\x74\x0a\xa3\xa5\x6e\x28\xa5\x8c\x4a\x72\
\x79\x92\xf5\x5b\xb7\x74\xd7\xa8\x51\xa3\x72\xfd\xf5\xd7\x67\x95\
\x55\x56\x69\x9d\x02\x00\x00\x00\x00\x00\x00\x00\x0c\x40\xcf\x3d\
\xf7\x5c\xc6\x8e\x1d\x9b\xbb\xee\xba\xab\x75\xca\xe2\xf8\x45\x92\
\xfd\x6b\xad\x77\xb6\x0e\xe9\x34\x83\x5a\x07\x74\xa2\x5a\xeb\x3d\
\x49\xb6\x48\xd2\xb1\x77\xc9\xee\xb9\xe7\x9e\x6c\xbf\xfd\xf6\x79\
\xe2\x89\x27\x5a\xa7\x00\x00\x00\x00\x00\x00\x00\x00\x03\xcc\x53\
\x4f\x3d\x95\xed\xb7\xdf\xbe\xd3\x07\x4b\xd7\x24\xd9\xdc\x60\xa9\
\x7b\x8c\x96\xba\xa9\xd6\xfa\x42\x92\xf1\x49\x8e\x4d\x32\xaf\x71\
\x4e\xb7\xfc\xe0\x07\x3f\xc8\xb6\xdb\x6e\x9b\x1f\xfd\xe8\x47\xad\
\x53\x00\x00\x00\x00\x00\x00\x00\x80\x01\xe2\x91\x47\x1e\xc9\xbb\
\xde\xf5\xae\x3c\xf0\xc0\x03\xad\x53\xba\x6b\x7e\x92\x4f\x27\xf9\
\x40\xad\xf5\x37\xad\x63\x3a\x95\xe7\xe1\x7a\xc0\xab\xcf\xc5\x5d\
\x91\xe4\x8d\xad\x5b\xba\x63\xf5\xd5\x57\xcf\x0d\x37\xdc\x90\x2d\
\xb6\xd8\xa2\x75\x0a\x00\x00\x00\x00\x00\x00\x00\xd0\x8f\x7d\xf7\
\xbb\xdf\xcd\xee\xbb\xef\x9e\x67\x9e\x79\xa6\x75\x4a\x77\x3d\x9e\
\x64\xdf\x5a\xeb\xf7\x5a\x87\x74\x3a\x97\x96\x7a\xc0\xab\xcf\xc5\
\xbd\x33\xc9\x8c\xc6\x29\xdd\xf2\xf4\xd3\x4f\x67\xf4\xe8\xd1\x99\
\x35\x6b\x56\xeb\x14\x00\x00\x00\x00\x00\x00\x00\xa0\x9f\x9a\x31\
\x63\x46\x76\xd8\x61\x87\x4e\x1e\x2c\xdd\x9a\x64\x94\xc1\x52\xcf\
\x30\x5a\xea\x21\xb5\xd6\x67\x92\xec\x94\xe4\x94\xd6\x2d\xdd\xf1\
\xc2\x0b\x2f\x64\xd7\x5d\x77\xcd\x4d\x37\xdd\xd4\x3a\x05\x00\x00\
\x00\x00\x00\x00\x00\xe8\x67\x6e\xb8\xe1\x86\xec\xbe\xfb\xee\x79\
\xf1\xc5\x17\x5b\xa7\x74\xd7\xe4\x24\xbb\xd5\x5a\x7f\xdd\x3a\xa4\
\xbf\xf0\x3c\x5c\x2f\x28\xa5\xec\x9f\xe4\x2b\x49\x86\xb7\x6e\xe9\
\xaa\xa1\x43\x87\xe6\xd2\x4b\x2f\xcd\x3e\xfb\xec\xd3\x3a\x05\x00\
\x00\x00\x00\x00\x00\x00\xe8\x07\xae\xb9\xe6\x9a\xec\xb7\xdf\x7e\
\x99\x3b\x77\x6e\xeb\x94\xee\x78\x39\xc9\x47\x6b\xad\x17\xb5\x0e\
\xe9\x6f\x5c\x5a\xea\x05\xb5\xd6\xcb\x92\x6c\x93\xe4\xb1\xd6\x2d\
\x5d\x35\x6f\xde\xbc\x8c\x1f\x3f\x3e\x17\x5e\x78\x61\xeb\x14\x00\
\x00\x00\x00\x00\x00\x00\xa0\xc3\xbd\x76\x38\xa5\x43\x07\x4b\xbf\
\x48\xf2\x1e\x83\xa5\xde\x61\xb4\xd4\x4b\x6a\xad\xf7\x25\x19\x95\
\xe4\x96\xd6\x2d\x5d\xb5\x60\xc1\x82\x1c\x72\xc8\x21\x39\xeb\xac\
\xb3\x5a\xa7\x00\x00\x00\x00\x00\x00\x00\x00\x1d\xea\xdc\x73\xcf\
\xcd\x84\x09\x13\xf2\xca\x2b\xaf\xb4\x4e\xe9\x8e\x99\x49\xde\x59\
\x6b\xfd\x6e\xeb\x90\xfe\xca\x68\xa9\x17\xd5\x5a\x9f\x4d\xb2\x6b\
\x92\x2f\xb6\x6e\xe9\xaa\x5a\x6b\xfe\x6f\x7b\xf7\x1e\xec\x77\x5d\
\xdf\x79\xfc\xf5\x85\x06\x5b\x86\x01\x16\x06\x07\xb0\xa2\xd4\x2e\
\x96\xdb\x16\x17\xc1\xae\x0d\x24\xe1\x92\x70\x09\x22\x17\xb3\x80\
\x82\x8a\x18\x2e\x51\x01\xb1\x4b\x76\x3a\xad\x58\x77\xff\x08\xeb\
\x20\x50\xad\x26\xb0\x4b\x09\xca\xc6\x01\x29\xb7\x08\x72\x47\xa4\
\x8b\x74\x19\xc1\x06\xb1\x18\x04\x0c\x86\x10\x0c\x24\x04\x0e\x24\
\xe1\xe4\xbd\x7f\xc4\x5a\xed\x16\xcd\xef\xe4\x24\x9f\xf3\x3b\xe7\
\xf1\x98\xf9\xfd\xff\x9c\x39\xe7\x37\xbf\x7f\x5e\xf3\xfe\x9c\x7d\
\xf6\xd9\xf9\xc2\x17\xbe\xd0\x3a\x05\x00\x00\x00\x00\x00\x00\x00\
\xe8\x33\x17\x5e\x78\x61\xce\x3a\xeb\xac\xac\x5d\xbb\xb6\x75\xca\
\x50\xcc\x49\x72\x68\x55\x2d\x6d\x1d\x32\x9a\x19\x2d\x6d\x64\x55\
\x35\x58\x55\x9f\x4c\x72\x7a\x92\xbe\x9a\x0e\x56\x55\xfe\xec\xcf\
\xfe\x2c\x33\x67\xce\x6c\x9d\x02\x00\x00\x00\x00\x00\x00\x00\xf4\
\x89\x59\xb3\x66\xe5\xfc\xf3\xcf\x4f\x55\xb5\x4e\xe9\xd5\x60\x92\
\x99\x55\x75\x7a\x55\xad\x69\x1d\x33\xda\x75\x7d\xf8\x0f\xd2\xb7\
\xba\xae\x3b\x2c\xc9\x37\x92\x6c\xdd\xba\xa5\x57\x9f\xf8\xc4\x27\
\x72\xe9\xa5\x97\xa6\xeb\xba\xd6\x29\x00\x00\x00\x00\x00\x00\x00\
\xc0\x08\x54\x55\xf9\xcc\x67\x3e\x93\x8b\x2e\xba\xa8\x75\xca\x50\
\xbc\x9c\xe4\xa4\xaa\xba\xa9\x75\xc8\x58\x61\xb4\xb4\x89\x75\x5d\
\xb7\x77\x92\x9b\x92\xbc\xad\x75\x4b\xaf\xa6\x4f\x9f\x9e\xaf\x7c\
\xe5\x2b\xd9\x6c\x33\x07\xba\x00\x00\x00\x00\x00\x00\x00\x80\x7f\
\x31\x38\x38\x98\x33\xce\x38\x23\x97\x5f\x7e\x79\xeb\x94\xa1\xf8\
\x59\x92\xa3\xaa\xea\xfb\xad\x43\xc6\x12\xa3\xa5\x06\xba\xae\xdb\
\x29\xc9\x0d\x49\xf6\x6b\xdd\xd2\xab\x13\x4f\x3c\x31\x57\x5e\x79\
\x65\xc6\x8d\x1b\xd7\x3a\x05\x00\x00\x00\x00\x00\x00\x00\x18\x01\
\x06\x07\x07\x73\xea\xa9\xa7\x66\xee\xdc\xb9\xad\x53\x86\xe2\x7b\
\x49\xde\x5f\x55\x4b\x5a\x87\x8c\x35\x46\x4b\x8d\x74\x5d\xb7\x65\
\x92\xab\x92\x1c\xdb\xba\xa5\x57\xef\x7f\xff\xfb\x33\x6f\xde\xbc\
\xbc\xe9\x4d\x6f\x6a\x9d\x02\x00\x00\x00\x00\x00\x00\x00\x34\xb4\
\x6a\xd5\xaa\x4c\x9b\x36\x2d\x37\xde\x78\x63\xeb\x94\xa1\xb8\x26\
\xc9\x87\xab\xea\xd5\xd6\x21\x63\x91\x77\xbe\x1a\xa9\xaa\x81\x24\
\xc7\x27\xb9\xb0\x75\x4b\xaf\xae\xbf\xfe\xfa\x1c\x7e\xf8\xe1\x79\
\xf9\xe5\x97\x5b\xa7\x00\x00\x00\x00\x00\x00\x00\x00\x8d\x0c\x0c\
\x0c\xe4\x7d\xef\x7b\x5f\xbf\x0e\x96\x2e\x4d\x72\x82\xc1\x52\x3b\
\x2e\x2d\x8d\x00\x5d\xd7\x9d\x9d\xe4\xa2\xf4\xd9\x88\x6c\xfc\xf8\
\xf1\x99\x3f\x7f\x7e\xb6\xde\x7a\xeb\xd6\x29\x00\x00\x00\x00\x00\
\x00\x00\xc0\x26\xb4\x62\xc5\x8a\x1c\x79\xe4\x91\xb9\xff\xfe\xfb\
\x5b\xa7\xf4\xaa\x92\xcc\xac\xaa\xbe\x3b\x32\x33\xda\x18\x2d\x8d\
\x10\x5d\xd7\x9d\x90\xe4\x6f\x93\xf4\xd5\x9b\x6b\xfb\xed\xb7\x5f\
\x6e\xb9\xe5\x96\x6c\xbf\xfd\xf6\xad\x53\x00\x00\x00\x00\x00\x00\
\x00\x80\x4d\x60\xd9\xb2\x65\x99\x32\x65\x4a\x1e\x7a\xe8\xa1\xd6\
\x29\xbd\x7a\x2d\xc9\xc9\x55\x75\x6d\xeb\x10\x8c\x96\x46\x94\xae\
\xeb\x26\x26\xf9\xbb\x24\xdb\x36\x4e\xe9\xc9\xee\xbb\xef\x9e\x3b\
\xee\xb8\x23\x3b\xef\xbc\x73\xeb\x14\x00\x00\x00\x00\x00\x00\x00\
\x60\x23\x7a\xee\xb9\xe7\x32\x79\xf2\xe4\xfc\xe0\x07\x3f\x68\x9d\
\xd2\xab\x17\x93\xbc\xbf\xaa\xbe\xd3\x3a\x84\x75\x8c\x96\x46\x98\
\xae\xeb\xf6\x4c\x72\x4b\x92\xb7\xb6\x6e\xe9\xc5\x6e\xbb\xed\x96\
\x3b\xee\xb8\x23\x6f\x7d\x6b\x5f\x65\x03\x00\x00\x00\x00\x00\x00\
\x00\xeb\x69\xd1\xa2\x45\x39\xf8\xe0\x83\xf3\xe3\x1f\xff\xb8\x75\
\x4a\xaf\x16\x27\x39\xbc\xaa\xfa\x6e\x69\x35\x9a\x6d\xd6\x3a\x80\
\x5f\x57\x55\x8f\x26\xf9\x93\x24\x8f\xb4\x6e\xe9\xc5\xe3\x8f\x3f\
\x9e\x03\x0e\x38\x20\x0b\x17\x2e\x6c\x9d\x02\x00\x00\x00\x00\x00\
\x00\x00\x0c\xb3\xa7\x9e\x7a\x2a\x93\x26\x4d\xea\xc7\xc1\xd2\x82\
\x24\x7f\x62\xb0\x34\xf2\x18\x2d\x8d\x40\x55\xb5\x38\xc9\xc4\x24\
\xf7\x37\x4e\xe9\xc9\xd3\x4f\x3f\x9d\x03\x0e\x38\x20\x0b\x16\x2c\
\x68\x9d\x02\x00\x00\x00\x00\x00\x00\x00\x0c\x93\x1f\xfd\xe8\x47\
\x19\x3f\x7e\x7c\x9e\x78\xe2\x89\xd6\x29\xbd\xfa\x4e\x92\xf1\x55\
\xb5\xa8\x75\x08\xff\x3f\xa3\xa5\x11\xaa\xaa\x96\x27\x99\x9c\xe4\
\x5b\xad\x5b\x7a\xb1\x64\xc9\x92\x1c\x7c\xf0\xc1\x79\xe4\x91\xbe\
\x3a\x14\x05\x00\x00\x00\x00\x00\x00\x00\xfc\x1b\x1e\x7d\xf4\xd1\
\x1c\x74\xd0\x41\xf9\xd9\xcf\x7e\xd6\x3a\xa5\x57\x37\x27\x39\xac\
\xaa\x56\xb4\x0e\xe1\xdf\x66\xb4\x34\x82\x55\xd5\x40\x92\xa3\x93\
\x5c\xd1\xba\xa5\x17\x4b\x97\x2e\xcd\xc4\x89\x13\xf3\xc0\x03\x0f\
\xb4\x4e\x01\x00\x00\x00\x00\x00\x00\x00\x86\xe8\xa1\x87\x1e\xca\
\x84\x09\x13\xf2\xec\xb3\xcf\xb6\x4e\xe9\xd5\xd7\x92\x1c\x5b\x55\
\xaf\xb6\x0e\xe1\x8d\x19\x2d\x8d\x70\x55\xf5\x7a\x92\x8f\x25\xb9\
\xa8\x75\x4b\x2f\x96\x2f\x5f\x9e\x43\x0f\x3d\x34\x77\xdf\x7d\x77\
\xeb\x14\x00\x00\x00\x00\x00\x00\x00\xa0\x47\xf7\xdd\x77\x5f\x0e\
\x3a\xe8\xa0\x2c\x5b\xb6\xac\x75\x4a\xaf\xfe\x3a\xc9\x87\xab\x6a\
\x4d\xeb\x10\x7e\x33\xa3\xa5\x3e\x50\xeb\x9c\x97\x64\x66\xeb\x96\
\x5e\xbc\xfc\xf2\xcb\x99\x3a\x75\x6a\x6e\xbb\xed\xb6\xd6\x29\x00\
\x00\x00\x00\x00\x00\x00\xc0\x7a\xba\xfb\xee\xbb\x73\xc4\x11\x47\
\xe4\xa5\x97\x5e\x6a\x9d\xd2\xab\x59\x55\xf5\xa9\xaa\x5a\xdb\x3a\
\x84\xdf\xce\x68\xa9\x8f\x54\xd5\xac\x24\x67\x25\xe9\x9b\x2f\xd7\
\xc0\xc0\x40\x8e\x3a\xea\xa8\x5c\x7f\xfd\xf5\xad\x53\x00\x00\x00\
\x00\x00\x00\x00\x80\xdf\xe2\xe6\x9b\x6f\xce\x11\x47\x1c\x91\x97\
\x5f\x7e\xb9\x75\x4a\x2f\x06\x93\x9c\x5e\x55\x7d\x75\x0c\x66\xac\
\x33\x5a\xea\x33\x55\xf5\x95\x24\x1f\x4c\xd2\x37\x67\xcc\x56\xaf\
\x5e\x9d\x69\xd3\xa6\xe5\x9a\x6b\xae\x69\x9d\x02\x00\x00\x00\x00\
\x00\x00\x00\xbc\x81\x79\xf3\xe6\xe5\xd8\x63\x8f\xcd\x6b\xaf\xbd\
\xd6\x3a\xa5\x17\xab\x93\x9c\x50\x55\x73\x5a\x87\xd0\x1b\xa3\xa5\
\x3e\x54\x55\xf3\x92\x1c\x93\xe4\xd5\xd6\x2d\xeb\x6b\xcd\x9a\x35\
\x39\xf1\xc4\x13\x73\xc5\x15\x57\xb4\x4e\x01\x00\x00\x00\x00\x00\
\x00\x00\xfe\x95\xaf\x7f\xfd\xeb\x39\xf9\xe4\x93\xb3\x66\x4d\xdf\
\xdc\x50\x49\x92\x55\x49\xa6\x55\xd5\xb5\xad\x43\xe8\x9d\xd1\x52\
\x9f\xaa\xaa\xf9\x49\x0e\x4f\xb2\xb2\x75\xcb\xfa\x1a\x1c\x1c\xcc\
\xc7\x3e\xf6\xb1\x5c\x7a\xe9\xa5\xad\x53\x00\x00\x00\x00\x00\x00\
\x00\x80\x5f\xf8\xea\x57\xbf\x9a\x53\x4e\x39\x25\xaf\xbf\xfe\x7a\
\xeb\x94\x5e\xbc\x92\x64\x6a\x55\xdd\xd0\x3a\x84\xa1\x31\x5a\xea\
\x63\x55\x75\x6f\xd6\x0d\x97\x56\xb4\x6e\x59\x5f\x55\x95\x73\xce\
\x39\x27\x17\x5d\x74\x51\xeb\x14\x00\x00\x00\x00\x00\x00\x00\x18\
\xf3\x2e\xbc\xf0\xc2\x9c\x79\xe6\x99\x59\xbb\x76\x6d\xeb\x94\x5e\
\xbc\x98\xe4\x90\xaa\xba\xa3\x75\x08\x43\x67\xb4\xd4\xe7\xaa\xea\
\xfe\x24\x93\x92\x3c\xdf\xba\x65\x7d\x55\x55\xce\x3b\xef\xbc\xcc\
\x9c\x39\xb3\x75\x0a\x00\x00\x00\x00\x00\x00\x00\x8c\x59\xb3\x66\
\xcd\xca\xf9\xe7\x9f\xdf\x3a\xa3\x57\x4b\x93\x1c\x54\x55\x0f\xb4\
\x0e\x61\xc3\x74\x55\xd5\xba\x81\x61\xd0\x75\xdd\x1f\x25\xb9\x23\
\xc9\x5b\x5a\xb7\xf4\xe2\xcc\x33\xcf\xcc\x97\xbe\xf4\xa5\x6c\xb6\
\x99\xfd\x1c\x00\x00\x00\x00\x00\x00\x00\x6c\x0a\x83\x83\x83\x99\
\x31\x63\x46\x66\xcf\x9e\xdd\x3a\xa5\x57\xcf\x26\x99\x5c\x55\x0b\
\x5a\x87\xb0\xe1\x8c\x96\x46\x91\xae\xeb\xde\x9e\x75\xc3\xa5\x77\
\xb4\x2d\xe9\xcd\x09\x27\x9c\x90\xb9\x73\xe7\x66\xdc\xb8\x71\xad\
\x53\x00\x00\x00\x00\x00\x00\x00\x60\x54\x5b\xbd\x7a\x75\x4e\x39\
\xe5\x94\x7c\xe3\x1b\xdf\x68\x9d\xd2\xab\xa7\xb2\xee\x49\xb8\x27\
\x5a\x87\x30\x3c\x8c\x96\x46\x99\xae\xeb\x76\x4a\x72\x7b\x92\x3d\
\x5b\xb7\xf4\xe2\xe0\x83\x0f\xce\xf5\xd7\x5f\x9f\xad\xb6\xda\xaa\
\x75\x0a\x00\x00\x00\x00\x00\x00\x00\x8c\x4a\xaf\xbc\xf2\x4a\x8e\
\x3f\xfe\xf8\xdc\x7a\xeb\xad\xad\x53\x7a\xf5\xa3\x24\x87\x56\xd5\
\x33\xad\x43\x18\x3e\x46\x4b\xa3\x50\xd7\x75\x6f\x4e\x72\x5b\x92\
\x3f\x6e\xdd\xd2\x8b\xfd\xf7\xdf\x3f\xdf\xfa\xd6\xb7\xb2\xfd\xf6\
\xdb\xb7\x4e\x01\x00\x00\x00\x00\x00\x00\x80\x51\xe5\xc5\x17\x5f\
\xcc\xd4\xa9\x53\xf3\xf7\x7f\xff\xf7\xad\x53\x7a\xf5\x70\xd6\x3d\
\x09\xf7\x7c\xeb\x10\x86\x97\xd1\xd2\x28\xd5\x75\xdd\xb6\x49\xbe\
\x95\xe4\x3f\xb5\x6e\xe9\xc5\x1e\x7b\xec\x91\xdb\x6e\xbb\x2d\x6f\
\x79\xcb\x5b\x5a\xa7\x00\x00\x00\x00\x00\x00\x00\xc0\xa8\xb0\x64\
\xc9\x92\x4c\x99\x32\x25\x3f\xf8\xc1\x0f\x5a\xa7\xf4\xea\xff\x26\
\x39\xac\xaa\x96\xb5\x0e\x61\xf8\x6d\xd6\x3a\x80\x8d\xa3\xaa\x96\
\x27\x39\x34\xc9\x1d\xad\x5b\x7a\xf1\xc3\x1f\xfe\x30\xe3\xc7\x8f\
\xcf\x8f\x7f\xfc\xe3\xd6\x29\x00\x00\x00\x00\x00\x00\x00\xd0\xf7\
\x9e\x7c\xf2\xc9\x1c\x70\xc0\x01\xfd\x38\x58\xfa\x4e\x92\x83\x0c\
\x96\x46\x2f\xa3\xa5\x51\xac\xaa\x5e\x49\x32\x35\xc9\x0d\xad\x5b\
\x7a\xf1\xd4\x53\x4f\xe5\xc0\x03\x0f\xcc\x23\x8f\x3c\xd2\x3a\x05\
\x00\x00\x00\x00\x00\x00\x00\xfa\xd6\xa3\x8f\x3e\x9a\xf1\xe3\xc7\
\x67\xe1\xc2\x85\xad\x53\x7a\x75\x4b\xd6\x5d\x58\x5a\xd9\x3a\x84\
\x8d\xc7\x68\x69\x94\xab\xaa\x55\x49\xa6\x25\xb9\xb6\x75\x4b\x2f\
\x96\x2c\x59\x92\x89\x13\x27\xe6\xfe\xfb\xef\x6f\x9d\x02\x00\x00\
\x00\x00\x00\x00\x00\x7d\xe7\x7b\xdf\xfb\x5e\x26\x4c\x98\x90\xc5\
\x8b\x17\xb7\x4e\xe9\xd5\x0d\x49\x8e\xa9\xaa\x57\x5b\x87\xb0\x71\
\x19\x2d\x8d\x01\x55\xb5\x3a\xc9\x89\x49\xae\x6a\xdd\xd2\x8b\xe5\
\xcb\x97\x67\xf2\xe4\xc9\xb9\xf5\xd6\x5b\x5b\xa7\x00\x00\x00\x00\
\x00\x00\x00\x40\xdf\x98\x3f\x7f\x7e\x0e\x3a\xe8\xa0\x2c\x5b\xd6\
\x77\x2f\xab\x5d\x99\xe4\xb8\x5f\x1c\x68\x61\x94\x33\x5a\x1a\x23\
\xaa\xea\xf5\x24\x1f\x4e\xf2\xd7\xad\x5b\x7a\x31\x30\x30\x90\xa3\
\x8f\x3e\x3a\xf3\xe6\xcd\x6b\x9d\x02\x00\x00\x00\x00\x00\x00\x00\
\x23\xde\xd5\x57\x5f\x9d\x63\x8e\x39\x26\x03\x03\x03\xad\x53\x7a\
\x35\x3b\xc9\xa9\x55\x35\xd8\x3a\x84\x4d\xc3\x68\x69\x0c\xa9\xaa\
\x4a\x72\x76\x92\x8b\x5a\xb7\xf4\x62\xf5\xea\xd5\x39\xe9\xa4\x93\
\x72\xf1\xc5\x17\xb7\x4e\x01\x00\x00\x00\x00\x00\x00\x80\x11\xeb\
\x6f\xfe\xe6\x6f\x72\xf2\xc9\x27\x67\xcd\x9a\x35\xad\x53\x7a\xf5\
\xa5\x24\x67\x56\xd5\xda\xd6\x21\x6c\x3a\x46\x4b\x63\x4c\xad\x73\
\x5e\x92\xff\xd6\xba\xa5\x17\x55\x95\x73\xcf\x3d\x37\x9f\xfb\xdc\
\xe7\x5a\xa7\x00\x00\x00\x00\x00\x00\x00\xc0\x88\x52\x55\xf9\xec\
\x67\x3f\x9b\x19\x33\x66\x64\xed\xda\xbe\xdb\xfd\xfc\x55\x55\x7d\
\xf2\x17\x87\x58\x18\x43\x3a\x7f\xf3\xb1\xab\xeb\xba\xff\x92\x64\
\x56\xeb\x8e\x5e\x7d\xe4\x23\x1f\xc9\x9c\x39\x73\x32\x6e\xdc\xb8\
\xd6\x29\x00\x00\x00\x00\x00\x00\x00\xd0\xd4\xeb\xaf\xbf\x9e\x19\
\x33\x66\x64\xce\x9c\x39\xad\x53\x86\xe2\x2f\xab\xea\xf3\xad\x23\
\x68\xc3\x68\x69\x8c\xeb\xba\xee\xcc\xac\x3b\xb3\xd6\x57\x57\xb7\
\x0e\x39\xe4\x90\x5c\x7b\xed\xb5\xd9\x66\x9b\x6d\x5a\xa7\x00\x00\
\x00\x00\x00\x00\x00\x40\x13\x2f\xbf\xfc\x72\xa6\x4d\x9b\x96\x5b\
\x6e\xb9\xa5\x75\x4a\xaf\x2a\xc9\xb9\x55\x75\x49\xeb\x10\xda\x31\
\x5a\x22\x5d\xd7\x7d\x28\xc9\x15\x49\x7e\xa7\x75\x4b\x2f\xf6\xde\
\x7b\xef\xcc\x9f\x3f\x3f\x6f\x7d\xeb\x5b\x5b\xa7\x00\x00\x00\x00\
\x00\x00\x00\xc0\x26\xb5\x78\xf1\xe2\x4c\x9d\x3a\x35\xdf\xff\xfe\
\xf7\x5b\xa7\xf4\x6a\x30\xc9\xf4\xaa\xfa\x5f\xad\x43\x68\xcb\x68\
\x89\x24\x49\xd7\x75\x27\x24\x99\x9b\xa4\xaf\xde\x5c\xdb\x79\xe7\
\x9d\x33\x7f\xfe\xfc\xec\xb3\xcf\x3e\xad\x53\x00\x00\x00\x00\x00\
\x00\x00\x60\x93\x58\xb0\x60\x41\x8e\x3c\xf2\xc8\xfc\xf4\xa7\x3f\
\x6d\x9d\xd2\xab\xc1\x24\x1f\xad\xaa\xab\x5a\x87\xd0\x5e\x5f\x3d\
\x09\xc6\xc6\x53\x55\xf3\x92\x1c\x9b\xe4\xb5\xd6\x2d\xbd\x58\xbc\
\x78\x71\x0e\x3c\xf0\xc0\xdc\x7a\xeb\xad\xad\x53\x00\x00\x00\x00\
\x00\x00\x00\x60\xa3\xbb\xf3\xce\x3b\x33\x7e\xfc\xf8\x7e\x1c\x2c\
\xad\x4e\x32\xcd\x60\x89\x7f\x66\xb4\xc4\x2f\x55\xd5\xcd\x59\x37\
\x5c\x7a\xb5\x75\x4b\x2f\x56\xae\x5c\x99\xa3\x8f\x3e\x3a\x57\x5e\
\x79\x65\xeb\x14\x00\x00\x00\x00\x00\x00\x00\xd8\x68\x2e\xbf\xfc\
\xf2\x1c\x7e\xf8\xe1\x59\xb1\x62\x45\xeb\x94\x5e\x0d\x24\x39\xaa\
\xaa\xae\x6b\x1d\xc2\xc8\x61\xb4\xc4\xaf\xa9\xaa\x5b\x92\x1c\x96\
\x64\x65\xeb\x96\x5e\xac\x5e\xbd\x3a\x1f\xf9\xc8\x47\x72\xf6\xd9\
\x67\x67\x70\x70\xb0\x75\x0e\x00\x00\x00\x00\x00\x00\x00\x0c\x9b\
\xc1\xc1\xc1\xcc\x9c\x39\x33\x1f\xff\xf8\xc7\xb3\x66\xcd\x9a\xd6\
\x39\xbd\x7a\x25\xeb\x06\x4b\xb7\xb5\x0e\x61\x64\xe9\xaa\xaa\x75\
\x03\x23\x50\xd7\x75\xef\x4e\xf2\xed\x24\xdb\xb5\x6e\xe9\xd5\x61\
\x87\x1d\x96\x79\xf3\xe6\x65\x9b\x6d\xb6\x69\x9d\x02\x00\x00\x00\
\x00\x00\x00\x00\x1b\x64\xe5\xca\x95\xf9\xe0\x07\x3f\x98\x9b\x6e\
\xba\xa9\x75\xca\x50\x2c\x4f\x72\x44\x55\xfd\x9f\xd6\x21\x8c\x3c\
\x46\x4b\xbc\xa1\xae\xeb\xde\x95\x75\xc3\xa5\x1d\x5a\xb7\xf4\x6a\
\xaf\xbd\xf6\xca\x8d\x37\xde\x98\x5d\x77\xdd\xb5\x75\x0a\x00\x00\
\x00\x00\x00\x00\x00\x0c\xc9\x4f\x7e\xf2\x93\x1c\x75\xd4\x51\xf9\
\xe1\x0f\x7f\xd8\x3a\x65\x28\x96\x26\x99\x52\x55\x0f\xb7\x0e\x61\
\x64\xf2\x3c\x1c\x6f\xa8\xaa\xbe\x9f\x64\x52\x92\x67\x5b\xb7\xf4\
\x6a\xc1\x82\x05\x79\xcf\x7b\xde\x93\xef\x7e\xf7\xbb\xad\x53\x00\
\x00\x00\x00\x00\x00\x00\xa0\x67\xf7\xdc\x73\x4f\xf6\xdf\x7f\xff\
\x7e\x1d\x2c\xfd\x2c\xc9\x44\x83\x25\x7e\x13\xa3\x25\x7e\xa3\xaa\
\x7a\x34\xc9\x01\x49\x7e\xd2\xba\xa5\x57\xcf\x3f\xff\x7c\x0e\x3e\
\xf8\xe0\x5c\x71\xc5\x15\xad\x53\x00\x00\x00\x00\x00\x00\x00\x60\
\xbd\x5d\x76\xd9\x65\x99\x3c\x79\x72\x96\x2d\x5b\xd6\x3a\x65\x28\
\x16\x26\x39\xa0\xaa\x1e\x6b\x1d\xc2\xc8\x66\xb4\xc4\x6f\x55\x55\
\x4f\x24\xf9\xd3\x24\x7d\xb7\x80\x5c\xbd\x7a\x75\x4e\x3d\xf5\xd4\
\x9c\x7e\xfa\xe9\x59\xbd\x7a\x75\xeb\x1c\x00\x00\x00\x00\x00\x00\
\x00\x78\x43\xab\x56\xad\xca\xd9\x67\x9f\x9d\xe9\xd3\xa7\x67\xcd\
\x9a\x35\xad\x73\x86\xe2\xd1\x24\x13\xaa\xea\xc9\xd6\x21\x8c\x7c\
\x5d\x55\xb5\x6e\xa0\x4f\x74\x5d\xb7\x6d\x92\x9b\x92\x8c\x6f\xdd\
\x32\x14\xfb\xee\xbb\x6f\xae\xbd\xf6\xda\xbc\xfd\xed\x6f\x6f\x9d\
\x02\x00\x00\x00\x00\x00\x00\x00\xbf\xe6\x99\x67\x9e\xc9\x07\x3e\
\xf0\x81\x3c\xf0\xc0\x03\xad\x53\x86\xea\x7b\x49\x8e\xac\xaa\xbe\
\x3c\x0f\xc5\xa6\xe7\xd2\x12\xeb\xad\xaa\x96\x27\x99\x92\xe4\x96\
\xd6\x2d\x43\xf1\xd0\x43\x0f\x65\xbf\xfd\xf6\xcb\xed\xb7\xdf\xde\
\x3a\x05\x00\x00\x00\x00\x00\x00\x00\x7e\xe9\xee\xbb\xef\xce\xbb\
\xdf\xfd\xee\x7e\x1e\x2c\xcd\x4f\x72\x90\xc1\x12\xbd\x30\x5a\xa2\
\x27\x55\x35\x90\xe4\x7d\x49\xae\x6c\xdd\x32\x14\x3f\xff\xf9\xcf\
\x73\xf8\xe1\x87\xe7\x82\x0b\x2e\xc8\xda\xb5\x6b\x5b\xe7\x00\x00\
\x00\x00\x00\x00\x00\x30\x86\x55\x55\x66\xcd\x9a\x95\x43\x0f\x3d\
\x34\xcf\x3d\xf7\x5c\xeb\x9c\xa1\xba\x3a\xc9\x31\xbf\xd8\x13\xc0\
\x7a\xf3\x3c\x1c\x43\xd2\x75\x5d\x97\xe4\xa2\x24\xe7\xb4\x6e\x19\
\xaa\xa3\x8e\x3a\x2a\x73\xe7\xce\xcd\xb6\xdb\x6e\xdb\x3a\x05\x00\
\x00\x00\x00\x00\x00\x80\x31\xe6\xa5\x97\x5e\xca\x47\x3f\xfa\xd1\
\x5c\x77\xdd\x75\xad\x53\x36\xc4\x97\x93\x7c\xaa\xaa\x5c\x0d\xa1\
\x67\x46\x4b\x6c\x90\xae\xeb\xfe\x2a\xc9\x5f\xb4\xee\x18\xaa\x3f\
\xfc\xc3\x3f\xcc\xd5\x57\x5f\x9d\xfd\xf6\xdb\xaf\x75\x0a\x00\x00\
\x00\x00\x00\x00\x00\x63\xc4\x03\x0f\x3c\x90\x93\x4e\x3a\x29\x4f\
\x3e\xf9\x64\xeb\x94\x0d\x71\x41\x55\x7d\xae\x75\x04\xfd\xcb\xf3\
\x70\x6c\x90\xaa\xfa\xcb\x24\x9f\x48\xd2\x97\xab\xc9\x85\x0b\x17\
\xe6\xbd\xef\x7d\x6f\x2e\xb8\xe0\x82\x0c\x0e\x0e\xb6\xce\x01\x00\
\x00\x00\x00\x00\x00\x60\x14\x5b\xbb\x76\x6d\x2e\xb9\xe4\x92\x1c\
\x78\xe0\x81\xfd\x3c\x58\xaa\x24\x9f\x36\x58\x62\x43\xb9\xb4\xc4\
\xb0\xe8\xba\xee\x83\x49\xae\x48\x32\xae\x75\xcb\x50\x4d\x9a\x34\
\x29\x73\xe7\xce\xcd\xef\xff\xfe\xef\xb7\x4e\x01\x00\x00\x00\x00\
\x00\x00\x60\x94\x59\xb4\x68\x51\x4e\x3e\xf9\xe4\xdc\x7b\xef\xbd\
\xad\x53\x36\xc4\xeb\x49\x3e\x5e\x55\x7f\xdb\x3a\x84\xfe\xe7\xd2\
\x12\xc3\xa2\xaa\xbe\x9e\xe4\xd8\x24\xaf\xb6\x6e\x19\xaa\xbb\xef\
\xbe\x3b\x7b\xed\xb5\x57\xe6\xcd\x9b\xd7\x3a\x05\x00\x00\x00\x00\
\x00\x00\x80\x51\xe4\xba\xeb\xae\xcb\x3e\xfb\xec\xd3\xef\x83\xa5\
\x81\x24\x47\x1b\x2c\x31\x5c\x8c\x96\x18\x36\x55\x75\x73\x92\xc3\
\x92\xac\x68\xdd\x32\x54\x2b\x56\xac\xc8\x89\x27\x9e\x98\xd3\x4f\
\x3f\x3d\x03\x03\x03\xad\x73\x00\x00\x00\x00\x00\x00\x00\xe8\x63\
\xaf\xbc\xf2\x4a\x4e\x3b\xed\xb4\x1c\x77\xdc\x71\x79\xe1\x85\x17\
\x5a\xe7\x6c\x88\xe5\x49\xa6\x54\xd5\xb7\x5a\x87\x30\x7a\x78\x1e\
\x8e\x61\xd7\x75\xdd\x5e\x49\xbe\x9d\x64\xe7\xd6\x2d\x1b\x62\xd7\
\x5d\x77\xcd\x9c\x39\x73\x72\xc8\x21\x87\xb4\x4e\x01\x00\x00\x00\
\x00\x00\x00\xa0\xcf\xdc\x77\xdf\x7d\x39\xed\xb4\xd3\xf2\xf8\xe3\
\x8f\xb7\x4e\xd9\x50\xcf\x25\x39\xac\xaa\x1e\x6e\x1d\xc2\xe8\xe2\
\xd2\x12\xc3\xae\xaa\x16\x24\x99\x98\xe4\xa9\xb6\x25\x1b\xe6\xc9\
\x27\x9f\xcc\xe4\xc9\x93\x33\x7d\xfa\xf4\xac\x58\xd1\xb7\xc7\xa3\
\x00\x00\x00\x00\x00\x00\x00\xd8\x84\x96\x2f\x5f\x9e\xd3\x4e\x3b\
\x2d\x13\x26\x4c\x18\x0d\x83\xa5\x27\x93\xfc\xa9\xc1\x12\x1b\x83\
\x4b\x4b\x6c\x34\x5d\xd7\xed\x98\xe4\xe6\x24\xfb\xb6\x6e\xd9\x50\
\x3b\xee\xb8\x63\xbe\xfc\xe5\x2f\xe7\xd8\x63\x8f\x6d\x9d\x02\x00\
\x00\x00\x00\x00\x00\xc0\x08\x35\x7f\xfe\xfc\x9c\x71\xc6\x19\x79\
\xe6\x99\x67\x5a\xa7\x0c\x87\x47\x92\x1c\x59\x55\x3f\x6b\x1d\xc2\
\xe8\xe4\xd2\x12\x1b\x4d\x55\x2d\x49\x32\x21\xeb\x86\x4b\x7d\x6d\
\xc9\x92\x25\x39\xee\xb8\xe3\x32\x6d\xda\xb4\x3c\xff\xfc\xf3\xad\
\x73\x00\x00\x00\x00\x00\x00\x00\x18\x41\x96\x2e\x5d\x9a\x53\x4e\
\x39\x25\x53\xa7\x4e\x1d\x2d\x83\xa5\xdb\x92\x1c\x60\xb0\xc4\xc6\
\x64\xb4\xc4\x46\x55\x55\xaf\x24\x39\x26\xc9\x65\xad\x5b\x72\x08\
\xbd\x45\x00\x00\x07\xf4\x49\x44\x41\x54\x86\xc3\x35\xd7\x5c\x93\
\x3d\xf6\xd8\x23\x97\x5d\x76\x59\x06\x07\x07\x5b\xe7\x00\x00\x00\
\x00\x00\x00\x00\xd0\xd0\xe0\xe0\x60\x66\xcf\x9e\x9d\x3d\xf6\xd8\
\x23\x57\x5d\x75\x55\xeb\x9c\xe1\xf2\xd5\x24\x47\x54\xd5\xca\xd6\
\x21\x8c\x6e\x9e\x87\x63\x93\xe9\xba\xee\xec\x24\x17\x65\x94\x8c\
\xe5\x76\xdf\x7d\xf7\x7c\xf1\x8b\x5f\xcc\x94\x29\x53\x5a\xa7\x00\
\x00\x00\x00\x00\x00\x00\xb0\x89\xdd\x73\xcf\x3d\x39\xe7\x9c\x73\
\xf2\xc8\x23\x8f\xb4\x4e\x19\x2e\x95\xe4\xaf\xaa\xea\x82\xd6\x21\
\x8c\x0d\x46\x4b\x6c\x52\x5d\xd7\x7d\x20\xc9\xdc\x24\xbf\xdb\xba\
\x65\xb8\x4c\x9d\x3a\x35\x97\x5c\x72\x49\xfe\xe0\x0f\xfe\xa0\x75\
\x0a\x00\x00\x00\x00\x00\x00\x00\x1b\xd9\xa2\x45\x8b\xf2\xe7\x7f\
\xfe\xe7\xa3\xe9\xb2\x52\x92\xac\x4e\xf2\xd1\xaa\xba\xba\x75\x08\
\x63\x87\xd1\x12\x9b\x5c\xd7\x75\x93\x92\x5c\x97\x64\xdb\xd6\x2d\
\xc3\x65\x8b\x2d\xb6\xc8\x19\x67\x9c\x91\xcf\x7f\xfe\xf3\xd9\x7a\
\xeb\xad\x5b\xe7\x00\x00\x00\x00\x00\x00\x00\x30\xcc\x06\x06\x06\
\x72\xe1\x85\x17\x66\xd6\xac\x59\x79\xed\xb5\xd7\x5a\xe7\x0c\xa7\
\x17\x93\x1c\x53\x55\xf7\xb6\x0e\x61\x6c\x31\x5a\xa2\x89\xae\xeb\
\xf6\x4c\x72\x63\x92\x51\x75\x9e\x68\xa7\x9d\x76\xca\xf9\xe7\x9f\
\x9f\xe9\xd3\xa7\xe7\xf7\x7e\xef\xf7\x5a\xe7\x00\x00\x00\x00\x00\
\x00\x00\xb0\x81\x5e\x7d\xf5\xd5\xcc\x9e\x3d\x3b\xb3\x66\xcd\xca\
\x92\x25\x4b\x5a\xe7\x0c\xb7\x85\x49\xde\x57\x55\x8f\xb5\x0e\x61\
\xec\x31\x5a\xa2\x99\xae\xeb\xb6\x4f\x72\x4d\x92\x49\xad\x5b\x86\
\xdb\x0e\x3b\xec\x90\xf3\xce\x3b\x2f\x9f\xfc\xe4\x27\xb3\xe5\x96\
\x5b\xb6\xce\x01\x00\x00\x00\x00\x00\x00\xa0\x47\x03\x03\x03\xb9\
\xec\xb2\xcb\x72\xe1\x85\x17\x66\xf1\xe2\xc5\xad\x73\x36\x86\xef\
\x26\x39\xb6\xaa\x9e\x6f\x1d\xc2\xd8\x64\xb4\x44\x53\x5d\xd7\xfd\
\x4e\x92\x8b\x93\xcc\x68\xdd\xb2\x31\xec\xb0\xc3\x0e\x39\xeb\xac\
\xb3\xf2\xe9\x4f\x7f\xda\xb3\x71\x00\x00\x00\x00\x00\x00\x00\x7d\
\xe0\x95\x57\x5e\xc9\xe5\x97\x5f\x9e\x59\xb3\x66\xe5\xd9\x67\x9f\
\x6d\x9d\xb3\xb1\x5c\x96\x64\x46\x55\xad\x69\x1d\xc2\xd8\x65\xb4\
\xc4\x88\xd0\x75\xdd\xb9\x49\xfe\x47\x92\xcd\x5b\xb7\x6c\x0c\x6f\
\x7e\xf3\x9b\x73\xee\xb9\xe7\x66\xfa\xf4\xe9\xd9\x6e\xbb\xed\x5a\
\xe7\x00\x00\x00\x00\x00\x00\x00\xf0\xaf\x2c\x5b\xb6\x2c\xb3\x67\
\xcf\xce\xc5\x17\x5f\x9c\xe7\x9f\x1f\xb5\xc7\x87\x5e\x4f\xf2\xe9\
\xaa\xfa\xeb\xd6\x21\x60\xb4\xc4\x88\xd1\x75\xdd\xe1\x49\xfe\x77\
\x92\x6d\x5a\xb7\x6c\x2c\x5b\x6e\xb9\x65\x3e\xf4\xa1\x0f\xe5\x53\
\x9f\xfa\x54\xf6\xdc\x73\xcf\xd6\x39\x00\x00\x00\x00\x00\x00\x00\
\x63\xde\x82\x05\x0b\x72\xe9\xa5\x97\xe6\x6b\x5f\xfb\x5a\x5e\x7d\
\xf5\xd5\xd6\x39\x1b\xd3\xf2\x24\xff\xb9\xaa\x6e\x6b\x1d\x02\x89\
\xd1\x12\x23\x4c\xd7\x75\xbb\x25\xb9\x31\xc9\x3b\x5b\xb7\x6c\x6c\
\xfb\xee\xbb\x6f\xa6\x4f\x9f\x9e\x93\x4e\x3a\x29\x5b\x6d\xb5\x55\
\xeb\x1c\x00\x00\x00\x00\x00\x00\x80\x31\xe3\xb5\xd7\x5e\xcb\x4d\
\x37\xdd\x94\x39\x73\xe6\xe4\xce\x3b\xef\xcc\x18\xd8\x4e\x3c\x91\
\xe4\xa8\xaa\x7a\xac\x75\x08\xfc\x33\xa3\x25\x46\x9c\xae\xeb\xb6\
\x4f\xf2\x8d\x24\x07\xb7\x6e\xd9\x14\xb6\xd9\x66\x9b\x1c\x7f\xfc\
\xf1\x39\xf1\xc4\x13\x33\x71\xe2\xc4\x6c\xbe\xf9\xa8\x7c\x21\x0f\
\x00\x00\x00\x00\x00\x00\xa0\xa9\xc1\xc1\xc1\xdc\x75\xd7\x5d\x99\
\x37\x6f\x5e\xae\xbd\xf6\xda\xbc\xf4\xd2\x4b\xad\x93\x36\x95\x6f\
\x27\x39\xa9\xaa\x5e\x68\x1d\x02\xbf\xca\x68\x89\x11\xa9\xeb\xba\
\xcd\x93\x7c\x3e\xc9\xcc\x24\x5d\xe3\x9c\x4d\x66\xc7\x1d\x77\xcc\
\x71\xc7\x1d\x97\xa3\x8f\x3e\x3a\x13\x26\x4c\xc8\x16\x5b\x6c\xd1\
\x3a\x09\x00\x00\x00\x00\x00\x00\xa0\x6f\xad\x5a\xb5\x2a\xf7\xdc\
\x73\x4f\x6e\xb8\xe1\x86\x7c\xf3\x9b\xdf\xcc\xd2\xa5\x4b\x5b\x27\
\x6d\x4a\x95\xe4\xbf\x27\xf9\x6c\x55\xad\x6d\x1d\x03\xff\x9a\xd1\
\x12\x23\x5a\xd7\x75\x47\x27\xb9\x32\xc9\x36\xad\x5b\x36\xb5\xad\
\xb7\xde\x3a\x53\xa6\x4c\xc9\xe4\xc9\x93\x33\x69\xd2\xa4\xbc\xe3\
\x1d\xef\x68\x9d\x04\x00\x00\x00\x00\x00\x00\x30\xe2\x2d\x5c\xb8\
\x30\x77\xdd\x75\x57\x6e\xbf\xfd\xf6\x7c\xfb\xdb\xdf\xce\xca\x95\
\x2b\x5b\x27\xb5\xf0\x62\x92\x53\xaa\xea\xe6\xd6\x21\xf0\x46\x8c\
\x96\x18\xf1\xba\xae\xfb\xf7\x49\xbe\x99\x64\xef\xd6\x2d\x2d\xed\
\xb2\xcb\x2e\x99\x30\x61\x42\xf6\xdf\x7f\xff\xec\xbf\xff\xfe\xd9\
\x67\x9f\x7d\x5c\x62\x02\x00\x00\x00\x00\x00\x00\xc6\xb4\x55\xab\
\x56\xe5\xe1\x87\x1f\xce\x83\x0f\x3e\x98\x07\x1f\x7c\x30\xf7\xde\
\x7b\x6f\x16\x2d\x5a\xd4\x3a\xab\xb5\x87\x93\x1c\x5f\x55\x4f\xb4\
\x0e\x81\xdf\xc4\x68\x89\xbe\xd0\x75\xdd\x96\x49\x66\x27\xf9\x50\
\xeb\x96\x91\x62\x8b\x2d\xb6\xc8\x3b\xdf\xf9\xce\xec\xbe\xfb\xee\
\xd9\x63\x8f\x3d\xb2\xdb\x6e\xbb\x65\x97\x5d\x76\xc9\xdb\xde\xf6\
\xb6\xec\xb4\xd3\x4e\xd9\x7c\xf3\xcd\x5b\x27\x02\x00\x00\x00\x00\
\x00\x00\x6c\xb0\xc1\xc1\xc1\x3c\xfb\xec\xb3\x79\xfa\xe9\xa7\xf3\
\xf4\xd3\x4f\xe7\xf1\xc7\x1f\xcf\x63\x8f\x3d\x96\xc7\x1e\x7b\x2c\
\xff\xf4\x4f\xff\x94\xd5\xab\x57\xb7\x4e\x1c\x49\xe6\x26\x39\xa3\
\xaa\x5e\x6d\x1d\x02\xbf\x8d\xd1\x12\x7d\xa5\xeb\xba\x19\x49\x2e\
\x4a\xe2\xc4\xd0\x6f\x30\x6e\xdc\xb8\x6c\xb7\xdd\x76\xbf\xfc\x6c\
\xbd\xf5\xd6\xd9\x6a\xab\xad\x92\x24\x5b\x6e\xb9\x65\xde\xf4\xa6\
\x37\x35\x2e\x04\x00\x00\x00\x00\x00\x00\xf8\x17\xab\x56\xad\xca\
\xc0\xc0\x40\x92\x64\xe5\xca\x95\x59\xb9\x72\x65\x5e\x78\xe1\x85\
\x5f\x7e\xd6\xac\x59\xd3\xb8\x70\xc4\x5b\x95\xe4\x9c\xaa\xfa\x6a\
\xeb\x10\x58\x5f\x46\x4b\xf4\x9d\xae\xeb\xfe\x24\xc9\xd5\x49\x76\
\x6d\xdd\x02\x00\x00\x00\x00\x00\x00\x00\x8d\x3d\x91\xe4\xa4\xaa\
\x7a\xb0\x75\x08\xf4\x62\xb3\xd6\x01\xd0\xab\xaa\x7a\x20\xc9\x3e\
\x49\xae\x6a\xdd\x02\x00\x00\x00\x00\x00\x00\x00\x0d\x5d\x93\xe4\
\xdd\x06\x4b\xf4\x23\x97\x96\xe8\x6b\x5d\xd7\x7d\x20\xc9\xec\x24\
\xff\xae\x75\x0b\x00\x00\x00\x00\x00\x00\x00\x6c\x22\x2f\x25\x99\
\x51\x55\x5f\x6b\x1d\x02\x43\x65\xb4\x44\xdf\xeb\xba\xee\x6d\x49\
\xbe\x96\x64\x7c\xeb\x16\x00\x00\x00\x00\x00\x00\x00\xd8\xc8\x1e\
\x4c\xf2\xc1\xaa\x5a\xd8\x3a\x04\x36\x84\xe7\xe1\xe8\x7b\x55\xf5\
\x74\x92\x49\x49\x3e\x97\x64\xb0\x71\x0e\x00\x00\x00\x00\x00\x00\
\x00\x6c\x0c\x6b\x93\x5c\x9a\x64\xbc\xc1\x12\xa3\x81\x4b\x4b\x8c\
\x2a\x5d\xd7\x1d\x98\xe4\xaa\x24\xbb\xb4\x6e\x01\x00\x00\x00\x00\
\x00\x00\x80\x61\xf2\xd3\x24\x1f\xaa\xaa\xfb\x5a\x87\xc0\x70\x71\
\x69\x89\x51\xa5\xaa\xbe\x93\x64\xef\xac\x5b\x97\xae\x6d\x9c\x03\
\x00\x00\x00\x00\x00\x00\x00\x1b\xa2\xb2\xee\x70\xc7\x3e\x06\x4b\
\x8c\x36\x2e\x2d\x31\x6a\x75\x5d\x37\x3e\xc9\xe5\x49\xde\xd9\xba\
\x05\x00\x00\x00\x00\x00\x00\x00\x7a\xf4\x93\x24\x1f\xaf\xaa\xbb\
\x5a\x87\xc0\xc6\xe0\xd2\x12\xa3\x56\x55\x7d\x37\xc9\xbb\x92\xcc\
\x4a\x32\xd8\x38\x07\x00\x00\x00\x00\x00\x00\x00\xd6\xc7\xeb\x59\
\xf7\xba\xd0\x7f\x30\x58\x62\x34\x73\x69\x89\x31\xa1\xeb\xba\x7d\
\x92\xfc\xcf\x24\xff\xb1\x75\x0b\x00\x00\x00\x00\x00\x00\x00\xbc\
\x81\x7f\x4c\xf2\xb1\xaa\xfa\x87\xd6\x21\xb0\xb1\xb9\xb4\xc4\x98\
\x50\x55\x0f\x27\x79\x4f\x92\x99\x49\x56\x35\xce\x01\x00\x00\x00\
\x00\x00\x00\x80\x5f\xb5\x26\xeb\x5e\x11\x7a\xb7\xc1\x12\x63\x85\
\x4b\x4b\x8c\x39\x5d\xd7\xfd\x51\x92\x2f\x26\x39\xac\x75\x0b\x00\
\x00\x00\x00\x00\x00\x00\x63\xde\xfc\x24\x9f\xae\xaa\xc7\x5b\x87\
\xc0\xa6\x64\xb4\xc4\x98\xd5\x75\xdd\x21\x49\x2e\x4e\xb2\x67\xeb\
\x16\x00\x00\x00\x00\x00\x00\x00\xc6\x9c\xc7\x93\x9c\x57\x55\x37\
\xb7\x0e\x81\x16\x3c\x0f\xc7\x98\x55\x55\x77\x24\x79\x57\x92\xd3\
\x93\xfc\xbc\x71\x0e\x00\x00\x00\x00\x00\x00\x00\x63\xc3\xf2\x24\
\x33\x93\xec\x6d\xb0\xc4\x58\xe6\xd2\x12\x24\xe9\xba\x6e\xbb\x24\
\x9f\x4d\x32\x23\xc9\xe6\x8d\x73\x00\x00\x00\x00\x00\x00\x00\x18\
\x7d\xd6\x26\xf9\x7a\x92\xcf\x54\xd5\xd2\xd6\x31\xd0\x9a\xd1\x12\
\xfc\x8a\xae\xeb\xfe\x38\xc9\x17\x93\x4c\x6a\xdd\x02\x00\x00\x00\
\x00\x00\x00\xc0\xa8\x71\x67\x92\x73\xab\xea\x1f\x5b\x87\xc0\x48\
\xe1\x79\x38\xf8\x15\x55\xf5\x48\x55\x1d\x94\xe4\x80\xac\xfb\xd1\
\x00\x00\x00\x00\x00\x00\x00\x80\xa1\xba\x3f\xc9\xfb\xaa\xea\x10\
\x83\x25\xf8\x75\x2e\x2d\xc1\x6f\xd0\x75\xdd\xf8\x24\xe7\x27\x99\
\xda\xba\x05\x00\x00\x00\x00\x00\x00\x80\xbe\x71\x7f\x92\xcf\x56\
\x95\x63\x19\xf0\x06\x8c\x96\x60\x3d\x18\x2f\x01\x00\x00\x00\x00\
\x00\x00\xb0\x1e\xee\x4f\xf2\x97\x55\x75\x57\xeb\x10\x18\xe9\x8c\
\x96\xa0\x07\x5d\xd7\xbd\x37\xc9\x7f\x8d\xf1\x12\x00\x00\x00\x00\
\x00\x00\x00\xff\xe2\xfe\x24\x7f\x51\x55\x77\xb7\x0e\x81\x7e\x61\
\xb4\x04\x43\xd0\x75\xdd\xfe\x49\xce\x49\x72\x7c\x92\x71\x8d\x73\
\x00\x00\x00\x00\x00\x00\x00\xd8\xf4\x56\x27\xb9\x26\xc9\x25\x55\
\xf5\x0f\xad\x63\xa0\xdf\x18\x2d\xc1\x06\xe8\xba\x6e\xc7\x24\x67\
\x24\x39\x2b\xc9\x0e\x8d\x73\x00\x00\x00\x00\x00\x00\x00\xd8\xf8\
\x96\x26\xb9\x22\xc9\x97\xab\x6a\x51\xeb\x18\xe8\x57\x46\x4b\x30\
\x0c\xba\xae\xfb\xdd\x24\xc7\x26\x39\x2d\xc9\xc4\x24\x5d\xd3\x20\
\x00\x00\x00\x00\x00\x00\x00\x86\x53\x25\xb9\x2b\xc9\xe5\x49\xfe\
\xae\xaa\x56\x35\xee\x81\xbe\xf7\xff\x00\x54\xe5\x43\xac\xf5\x9f\
\xc4\xe2\x00\x00\x00\x00\x49\x45\x4e\x44\xae\x42\x60\x82\
"

qt_resource_name = b"\
\x00\x09\
\x0c\x78\x54\x88\
\x00\x6e\
\x00\x65\x00\x77\x00\x50\x00\x72\x00\x65\x00\x66\x00\x69\x00\x78\
\x00\x05\
\x00\x44\x57\x47\
\x00\x41\
\x00\x2e\x00\x70\x00\x6e\x00\x67\
\x00\x05\
\x00\x45\x57\x47\
\x00\x42\
\x00\x2e\x00\x70\x00\x6e\x00\x67\
\x00\x05\
\x00\x46\x57\x47\
\x00\x43\
\x00\x2e\x00\x70\x00\x6e\x00\x67\
\x00\x05\
\x00\x47\x57\x47\
\x00\x44\
\x00\x2e\x00\x70\x00\x6e\x00\x67\
\x00\x05\
\x00\x74\x57\x47\
\x00\x71\
\x00\x2e\x00\x70\x00\x6e\x00\x67\
"

qt_resource_struct_v1 = b"\
\x00\x00\x00\x00\x00\x02\x00\x00\x00\x01\x00\x00\x00\x01\
\x00\x00\x00\x00\x00\x02\x00\x00\x00\x05\x00\x00\x00\x02\
\x00\x00\x00\x18\x00\x00\x00\x00\x00\x01\x00\x00\x00\x00\
\x00\x00\x00\x28\x00\x00\x00\x00\x00\x01\x00\x00\x25\x22\
\x00\x00\x00\x38\x00\x00\x00\x00\x00\x01\x00\x00\x49\x77\
\x00\x00\x00\x48\x00\x00\x00\x00\x00\x01\x00\x00\x66\xde\
\x00\x00\x00\x58\x00\x00\x00\x00\x00\x01\x00\x00\x8b\x7b\
"

qt_resource_struct_v2 = b"\
\x00\x00\x00\x00\x00\x02\x00\x00\x00\x01\x00\x00\x00\x01\
\x00\x00\x00\x00\x00\x00\x00\x00\
\x00\x00\x00\x00\x00\x02\x00\x00\x00\x05\x00\x00\x00\x02\
\x00\x00\x00\x00\x00\x00\x00\x00\
\x00\x00\x00\x18\x00\x00\x00\x00\x00\x01\x00\x00\x00\x00\
\x00\x00\x01\x99\xb4\x78\xb0\xf8\
\x00\x00\x00\x28\x00\x00\x00\x00\x00\x01\x00\x00\x25\x22\
\x00\x00\x01\x99\xb4\x79\x13\xc2\
\x00\x00\x00\x38\x00\x00\x00\x00\x00\x01\x00\x00\x49\x77\
\x00\x00\x01\x99\xb4\x79\x85\x75\
\x00\x00\x00\x48\x00\x00\x00\x00\x00\x01\x00\x00\x66\xde\
\x00\x00\x01\x99\xb4\x79\xe1\xaa\
\x00\x00\x00\x58\x00\x00\x00\x00\x00\x01\x00\x00\x8b\x7b\
\x00\x00\x01\x99\xb4\xaa\x98\xa7\
"

qt_version = [int(v) for v in QtCore.qVersion().split('.')]
if qt_version < [5, 8, 0]:
    rcc_version = 1
    qt_resource_struct = qt_resource_struct_v1
else:
    rcc_version = 2
    qt_resource_struct = qt_resource_struct_v2

def qInitResources():
    QtCore.qRegisterResourceData(rcc_version, qt_resource_struct, qt_resource_name, qt_resource_data)

def qCleanupResources():
    QtCore.qUnregisterResourceData(rcc_version, qt_resource_struct, qt_resource_name, qt_resource_data)

qInitResources()
